"","pickupdate","birthyear","gender","race","disposition","dispdate","sentdate","felonycharges","highestcharge","nondrug","drug1","drug2","incarc","suspend","probat","priorarr","priorfelarr","priordrugarr","priorfeldrugarr","priorcon","priorfelcon","priordrugcon","priorfeldrugcon","laterarr","laterarrdate","laterfelarr","laterfelarrdate","laterdrugarr","laterdrugarrdate","laterfeldrugarr","laterfeldrugarrdate","latercon","latercondate","laterfelcon","laterfelcondate","laterdrugcon","laterdrugcondate","laterfeldrugcon","laterfeldrugcondate","probrevoke","probrevokedate","codef","clusterid","ccn","datacoder","cutoffdate1","cutoffdate2","cutoffdate3","toserve","fullreleasetorecid","female","nonblack","pickupdatecode","age","agesq","incjudge","calendar1","calendar2","calendar3","calendar4","calendar5","calendar6","calendar7","calendar8","calendar9","calendar","incarcerate","marijuana","cocaine","crack","heroin","pcp","otherdrug","pwid","dist","conviction","probatnonzero","probsuspend"
"1","7/23/2002",1979,"M","B","Dismissed","3/27/2003","",1,"pwid",0,"pcp","0",0,0,0,1,0,0,0,0,0,0,0,1,"5/19/2004",1,"5/19/2004",1,"5/19/2004",1,"5/19/2004",1,"7/23/2004",1,"7/23/2004",1,"7/23/2004",1,"7/23/2004",0,"0",0,236,121453,"1",17714,17898,18049,0,419,0,0,15544,23,529,1,1,0,0,0,0,0,0,0,0,1,0,0,0,0,0,1,0,1,0,0,0,0
"2","11/27/2002",1980,"M","B","Plea","1/21/2003","4/3/2003",1,"dist",0,"marijuana","0",12,7.15999984741211,24,1,1,1,0,1,0,1,0,1,"9/28/2005",1,"9/28/2005",1,"9/28/2005",1,"9/28/2005",1,"11/14/2005",1,"11/14/2005",1,"11/14/2005",1,"11/14/2005",1,"2/07/2006",0,668,188341,"1",17714,17898,18049,4.84000015258789,835.7998046875,0,0,15671,22,484,1,1,0,0,0,0,0,0,0,0,1,1,1,0,0,0,0,0,0,1,1,1,171.839996337891
"3","1/6/2003",1979,"M","B","Dismissed","1/24/2003","",1,"pwid",0,"heroin","marijuana",0,0,0,1,0,1,0,1,0,1,0,1,"8/17/2004",1,"8/17/2004",1,"8/17/2004",1,"8/17/2004",1,"3/11/2005",0,"0",1,"3/11/2005",0,"0",0,"0",0,2803,14713,"1",17714,17898,18049,0,571,0,0,15711,24,576,1,1,0,0,0,0,0,0,0,0,1,0,1,0,0,1,0,0,1,0,0,0,0
"4","11/14/2002",1964,"F","B","Plea","4/9/2003","12/12/2003",1,"dist",0,"cocaine","0",120,120,24,1,1,1,1,1,1,1,1,0,"0",0,"0",0,"0",0,"0",0,"0",0,"0",0,"0",0,"0",0,"0",0,606,181731,"1",17714,17898,18049,0,9999,1,0,15658,38,1444,1,1,0,0,0,0,0,0,0,0,1,0,0,1,0,0,0,0,0,1,1,1,2880
"5","11/14/2002",1974,"F","B","Dismissed","3/20/2003","",1,"pwid",0,"crack","0",0,0,0,1,0,1,0,0,0,0,0,0,"0",0,"0",0,"0",0,"0",0,"0",0,"0",0,"0",0,"0",0,"0",0,607,181528,"1",17714,17898,18049,0,9999,1,0,15658,28,784,1,1,0,0,0,0,0,0,0,0,1,0,0,0,1,0,0,0,1,0,0,0,0
"6","1/30/2003",1972,"M","B","Plea","4/8/2003","6/10/2003",2,"dist",1,"marijuana","0",12,12,12,1,1,1,1,1,1,1,1,1,"2/17/2005",1,"2/17/2005",1,"2/17/2005",1,"2/17/2005",1,"3/21/2007",1,"3/21/2007",1,"3/21/2007",1,"3/21/2007",0,"0",0,934,26093,"2",17714,17898,18049,0,681,0,0,15735,31,961,1,1,0,0,0,0,0,0,0,0,1,0,1,0,0,0,0,0,0,1,1,1,144
"7","10/31/2002",1982,"F","B","Plea","6/14/2004","9/3/2004",1,"dist",0,"cocaine","0",0,0,24,1,0,0,0,0,0,0,0,0,"0",0,"0",0,"0",0,"0",0,"0",0,"0",0,"0",0,"0",0,"0",0,556,174442,"1",17714,17898,18049,0,9999,1,0,15644,20,400,1,1,0,0,0,0,0,0,0,0,1,0,0,1,0,0,0,0,0,1,1,1,0
"8","8/15/2002",1966,"M","B","Plea","3/4/2003","3/24/2003",1,"pwid",1,"cocaine","0",3,0,0,1,0,1,0,1,0,1,0,1,"2/18/2004",1,"2/18/2004",1,"2/18/2004",1,"2/18/2004",1,"5/19/2004",1,"5/19/2004",1,"5/19/2004",1,"5/19/2004",0,"0",0,326,134065,"1",17714,17898,18049,3,261,0,0,15567,36,1296,1,1,0,0,0,0,0,0,0,0,1,1,0,1,0,0,0,0,1,0,1,0,0
"9","1/8/2003",1983,"F","B","Plea","2/24/2003","1/26/2004",1,"dist",0,"pcp","0",24,12,24,1,1,1,1,1,0,0,0,0,"0",0,"0",0,"0",0,"0",0,"0",0,"0",0,"0",0,"0",0,"0",0,809,227348,"1",17714,17898,18049,12,9999,1,0,15713,20,400,1,1,0,0,0,0,0,0,0,0,1,1,0,0,0,0,1,0,0,1,1,1,288
"10","6/25/2002",1981,"M","B","Dismissed","10/29/2002","",1,"pwid",1,"cocaine","0",0,0,0,1,1,1,1,1,0,1,0,1,"1/13/2005",1,"1/13/2005",1,"1/13/2005",1,"1/13/2005",1,"5/23/2005",1,"5/23/2005",1,"5/23/2005",1,"5/23/2005",0,"0",0,96,2105976,"1",17714,17898,18049,0,807,0,0,15516,21,441,1,1,0,0,0,0,0,0,0,0,1,0,0,1,0,0,0,0,1,0,0,0,0
"11","12/31/2002",1964,"M","B","Plea","6/14/2004","9/3/2004",1,"pwid",0,"cocaine","marijuana",3,0,0,1,1,1,1,1,1,1,1,1,"1/18/2006",0,"0",0,"0",0,"0",0,"0",0,"0",0,"0",0,"0",0,"0",0,783,204570,"1",17714,17898,18049,3,493,0,0,15705,38,1444,1,1,0,0,0,0,0,0,0,0,1,1,1,1,0,0,0,0,1,0,1,0,0
"12","11/1/2002",1978,"M","B","Dismissed","11/21/2002","",1,"pwid",0,"crack","0",0,0,0,0,0,0,0,0,0,0,0,1,"8/5/2005",0,"0",1,"8/05/2005",0,"0",0,"0",0,"0",0,"0",0,"0",0,"0",0,566,175004,"1",17714,17898,18049,0,988,0,0,15645,24,576,1,1,0,0,0,0,0,0,0,0,1,0,0,0,1,0,0,0,1,0,0,0,0
"13","8/2/2002",1975,"M","B","Plea","1/23/2004","8/4/2004",1,"dist",0,"marijuana","0",24,24,18,1,1,1,1,1,1,1,0,1,"3/4/2006",1,"3/04/2006",0,"0",0,"0",1,"11/28/2006",1,"11/28/2006",0,"0",0,"0",1,"4/08/2005",0,281,127132,"1",17714,17898,18049,0,771,0,0,15554,27,729,1,1,0,0,0,0,0,0,0,0,1,0,1,0,0,0,0,0,0,1,1,1,432
"14","11/15/2002",1980,"M","B","Plea","6/19/2003","11/5/2003",1,"pwid",0,"cocaine","0",12,12,24,0,0,0,0,0,0,0,0,1,"10/20/2005",1,"10/20/2005",1,"10/20/2005",1,"10/20/2005",0,"0",0,"0",0,"0",0,"0",0,"0",0,621,182995,"1",17714,17898,18049,0,854,0,0,15659,22,484,1,1,0,0,0,0,0,0,0,0,1,0,0,1,0,0,0,0,1,0,1,1,288
"15","9/11/2002",1968,"F","B","Grand jury dismissal","2/19/2004","",1,"pwid",0,"heroin","0",0,0,0,1,1,1,1,1,1,1,1,1,"5/28/2007",0,"0",0,"0",0,"0",0,"0",0,"0",0,"0",0,"0",0,"0",0,404,148458,"1",17714,17898,18049,0,1194,1,0,15594,34,1156,1,1,0,0,0,0,0,0,0,0,1,0,0,0,0,1,0,0,1,0,0,0,0
"16","10/23/2002",1979,"M","B","Dismissed","9/29/2003","",1,"dist",0,"marijuana","0",0,0,0,1,1,1,1,1,0,1,0,0,"0",0,"0",0,"0",0,"0",0,"0",0,"0",0,"0",0,"0",0,"0",0,526,170445,"1",17714,17898,18049,0,9999,0,0,15636,23,529,1,1,0,0,0,0,0,0,0,0,1,0,1,0,0,0,0,0,0,1,0,0,0
"17","6/24/2002",1984,"M","B","Plea","7/29/2002","3/31/2003",1,"dist",0,"marijuana","0",60,36,36,1,1,0,0,1,1,0,0,1,"8/19/2004",1,"2/21/2006",1,"8/19/2004",0,"0",1,"10/26/2004",1,"2/06/2007",1,"10/26/2004",0,"0",1,"11/04/2004",0,94,104429,"1",17714,17898,18049,24,32,0,0,15515,18,324,1,1,0,0,0,0,0,0,0,0,1,1,1,0,0,0,0,0,0,1,1,1,1296
"18","3/24/2003",1962,"M","B","Grand jury dismissal","3/26/2003","0",1,"pwid",0,"cocaine","0",0,0,0,1,1,1,1,1,1,1,1,0,"7/7/2008",0,"0",1,"7/07/2008",0,"0",0,"0",0,"0",0,"0",0,"0",0,"0",0,1172,50791,"2",17714,17898,18049,0,1930,0,0,15788,41,1681,1,1,0,0,0,0,0,0,0,0,1,0,0,1,0,0,0,0,1,0,0,0,0
"19","4/17/2003",1961,"M","B","Jury trial guilty","10/28/2003","1/29/2004",2,"pwid",0,"cocaine","marijuana",36,24,24,1,1,1,1,1,1,1,1,0,"9/30/2008",0,"0",0,"0",0,"0",0,"0",0,"0",0,"0",0,"0",0,"0",0,1209,62499,"3",17714,17898,18049,12,1439,0,0,15812,42,1764,1,1,0,0,0,0,0,0,0,0,1,1,1,1,0,0,0,0,1,0,1,1,576
"20","8/17/2002",1982,"M","B","Plea","11/19/2002","1/24/2003",2,"dist, pwid",0,"crack","0",24,12,24,1,1,1,1,1,1,1,1,0,"0",0,"0",0,"0",0,"0",0,"0",0,"0",0,"0",0,"0",1,"7/14/2004",0,333,2135213,"1",17714,17898,18049,12,9999,0,0,15569,20,400,1,1,0,0,0,0,0,0,0,0,1,1,0,0,1,0,0,0,1,1,1,1,288
"21","1/25/2003",1946,"M","B","Plea","3/28/2003","5/23/2003",1,"dist",0,"heroin","0",60,60,24,1,1,1,1,1,0,1,0,0,"0",0,"0",0,"0",0,"0",0,"0",0,"0",0,"0",0,"0",0,"0",1,892,23627,"3",17714,17898,18049,0,9999,0,0,15730,57,3249,1,1,0,0,0,0,0,0,0,0,1,0,0,0,0,1,0,0,0,1,1,1,1440
"22","1/15/2003",1971,"M","B","Plea","10/28/2003","12/16/2003",1,"pwid",0,"marijuana","0",3,1,2,1,1,1,1,1,1,1,1,0,"0",0,"0",0,"0",0,"0",0,"0",0,"0",0,"0",0,"0",0,"0",0,2820,13550,"3",17714,17898,18049,2,9999,0,0,15720,32,1024,1,1,0,0,0,0,0,0,0,0,1,1,1,0,0,0,0,0,1,0,1,1,2
"23","1/29/2003",1944,"M","B","Plea","6/17/2003","6/17/2003",3,"dist, pwid",0,"heroin","0",324,318,60,1,1,1,1,1,1,1,1,0,"0",0,"0",0,"0",0,"0",0,"0",0,"0",0,"0",0,"0",1,"3/08/2005",0,914,25270,"3",17714,17898,18049,6,9999,0,0,15734,59,3481,1,1,0,0,0,0,0,0,0,0,1,1,0,0,0,1,0,0,1,1,1,1,19080
"24","11/25/2002",1964,"F","B","Plea","6/20/2003","9/30/2003",1,"dist",0,"heroin","0",60,60,36,1,1,1,1,1,1,1,1,0,"0",0,"0",0,"0",0,"0",0,"0",0,"0",0,"0",0,"0",1,"5/04/2006",0,657,186777,"1",17714,17898,18049,0,9999,1,0,15669,38,1444,1,1,0,0,0,0,0,0,0,0,1,0,0,0,0,1,0,0,0,1,1,1,2160
"25","10/14/2002",1977,"M","B","Dismissed","3/14/2003","",1,"dist",0,"cocaine","0",0,0,0,1,1,1,1,1,1,1,1,0,"0",0,"0",0,"0",0,"0",0,"0",0,"0",0,"0",0,"0",0,"0",0,493,165285,"1",17714,17898,18049,0,9999,0,0,15627,25,625,1,1,0,0,0,0,0,0,0,0,1,0,0,1,0,0,0,0,0,1,0,0,0
"26","4/19/2003",1977,"M","B","Plea","6/20/2003","9/25/2003",2,"pwid",0,"pcp","0",24,24,15,1,1,1,1,0,0,0,0,1,"7/30/2003",1,"7/30/2003",1,"9/09/2005",1,"9/09/2005",0,"0",0,"0",0,"0",0,"0",0,"0",0,1217,63578,"3",17714,17898,18049,0,40,0,0,15814,26,676,1,1,0,0,0,0,0,0,0,0,1,0,0,0,0,0,1,0,1,0,1,1,360
"27","10/31/2002",1984,"F","B","Dismissed","12/18/2002","",1,"dist",0,"cocaine","0",0,0,0,0,0,0,0,0,0,0,0,1,"6/15/2003",0,"0",0,"0",0,"0",0,"0",0,"0",0,"0",0,"0",0,"0",0,564,174442,"1",17714,17898,18049,0,179,1,0,15644,18,324,1,1,0,0,0,0,0,0,0,0,1,0,0,1,0,0,0,0,0,1,0,0,0
"28","8/22/2002",1979,"M","B","Plea","1/6/2003","4/4/2003",1,"dist",0,"marijuana","0",15,0,0,1,0,1,0,1,0,1,0,1,"10/3/2006",0,"0",0,"0",0,"0",1,"12/12/2007",0,"0",0,"0",0,"0",0,"0",0,346,138009,"1",17714,17898,18049,15,916,0,0,15574,23,529,1,1,0,0,0,0,0,0,0,0,1,1,1,0,0,0,0,0,0,1,1,0,0
"29","10/11/2002",1982,"M","B","Plea","6/20/2003","10/27/2003",1,"dist",1,"cocaine","0",36,36,24,1,1,1,1,1,0,0,0,0,"0",0,"0",0,"0",0,"0",0,"0",0,"0",0,"0",0,"0",1,"8/06/2004",0,479,164385,"1",17714,17898,18049,0,9999,0,0,15624,20,400,1,1,0,0,0,0,0,0,0,0,1,0,0,1,0,0,0,0,0,1,1,1,864
"30","3/7/2003",1980,"M","B","Plea","8/8/2004","10/29/2004",2,"pwid",0,"marijuana","pcp",20,0,0,1,1,1,1,1,1,1,1,1,"1/26/2007",1,"5/07/2008",1,"5/07/2008",1,"5/07/2008",0,"0",0,"0",0,"0",0,"0",0,"0",0,3117,42391,"3",17714,17898,18049,20,301,0,0,15771,23,529,1,1,0,0,0,0,0,0,0,0,1,1,1,0,0,0,1,0,1,0,1,0,0
"31","12/4/2002",1981,"M","B","Plea","4/16/2003","7/11/2003",1,"pwid",0,"cocaine","marijuana",60,60,24,1,1,1,1,1,1,0,0,1,"7/15/2003",1,"7/15/2003",0,"0",0,"0",1,"12/07/2004",1,"12/07/2004",0,"0",0,"0",0,"0",0,692,191684,"1",17714,17898,18049,0,90,0,0,15678,21,441,1,1,0,0,0,0,0,0,0,0,1,0,1,1,0,0,0,0,1,0,1,1,1440
"32","8/7/2002",1958,"M","W","Dismissed","4/12/2004","",1,"dist",0,"cocaine","0",0,0,0,0,0,0,0,0,0,0,0,1,"12/4/2006",0,"0",0,"0",0,"0",0,"0",0,"0",0,"0",0,"0",0,"0",0,299,129843,"1",17714,17898,18049,0,966,0,1,15559,44,1936,1,1,0,0,0,0,0,0,0,0,1,0,0,1,0,0,0,0,0,1,0,0,0
"33","11/9/2002",1974,"M","B","Plea","3/10/2003","6/2/2003",1,"dist",0,"cocaine","0",60,60,24,0,0,0,0,0,0,0,0,0,"0",0,"0",0,"0",0,"0",0,"0",0,"0",0,"0",0,"0",0,"0",0,595,179344,"1",17714,17898,18049,0,9999,0,0,15653,28,784,1,1,0,0,0,0,0,0,0,0,1,0,0,1,0,0,0,0,0,1,1,1,1440
"34","11/20/2002",1979,"M","B","Dismissed","1/8/2003","",1,"pwid",1,"pcp","0",0,0,0,1,1,1,1,1,1,1,1,1,"2/18/2003",1,"2/18/2003",0,"0",0,"0",0,"0",0,"0",0,"0",0,"0",0,"0",1,632,184706,"1",17714,17898,18049,0,41,0,0,15664,23,529,1,1,0,0,0,0,0,0,0,0,1,0,0,0,0,0,1,0,1,0,0,0,0
"35","8/2/2002",1959,"M","B","Plea","12/10/2003","2/27/2004",1,"dist",0,"heroin","0",6,6,36,1,1,1,1,1,1,0,0,1,"2/3/2004",0,"0",0,"0",0,"0",0,"0",0,"0",0,"0",0,"0",1,"11/03/2007",0,286,127173,"1",17714,17898,18049,0,55,0,0,15554,43,1849,1,1,0,0,0,0,0,0,0,0,1,0,0,0,0,1,0,0,0,1,1,1,216
"36","9/6/2002",1973,"M","B","Plea","12/16/2002","4/18/2003",1,"pwid",0,"cocaine","0",60,60,24,0,0,0,0,0,0,0,0,0,"0",0,"0",0,"0",0,"0",0,"0",0,"0",0,"0",0,"0",0,"0",0,384,145816,"1",17714,17898,18049,0,9999,0,0,15589,29,841,1,1,0,0,0,0,0,0,0,0,1,0,0,1,0,0,0,0,1,0,1,1,1440
"37","11/8/2002",1972,"M","B","Plea","4/30/2003","6/20/2003",1,"pwid",0,"cocaine","0",72,36,0,1,1,1,1,1,1,1,1,0,"5/7/2007",1,"5/07/2007",1,"5/07/2007",1,"5/07/2007",0,"0",0,"0",0,"0",0,"0",0,"0",0,590,178612,"1",17714,17898,18049,36,388,0,0,15652,30,900,1,1,0,0,0,0,0,0,0,0,1,1,0,1,0,0,0,0,1,0,1,0,0
"38","9/14/2002",1973,"M","W","Plea","10/27/2003","12/15/2003",1,"dist",0,"other","0",12,12,12,0,0,0,0,0,0,0,0,1,"11/6/2003",0,"0",0,"0",0,"0",0,"0",0,"0",0,"0",0,"0",0,"0",1,421,150458,"1",17714,17898,18049,0,10,0,1,15597,29,841,1,1,0,0,0,0,0,0,0,0,1,0,0,0,0,0,0,1,0,1,1,1,144
"39","6/5/2002",1982,"M","B","Plea","11/4/2002","12/22/2002",1,"dist",1,"cocaine","0",12,0,0,1,1,1,1,1,1,1,1,0,"0",0,"0",0,"0",0,"0",0,"0",0,"0",0,"0",0,"0",0,"0",0,15,95092,"1",17714,17898,18049,12,9999,0,0,15496,20,400,1,1,0,0,0,0,0,0,0,0,1,1,0,1,0,0,0,0,0,1,1,0,0
"40","7/18/2002",1950,"M","B","Dismissed","4/2/2003","",1,"dist",0,"crack","0",0,0,0,1,1,1,1,0,0,0,0,1,"8/25/2004",0,"0",0,"0",0,"0",0,"0",0,"0",0,"0",0,"0",0,"0",0,213,118577,"1",17714,17898,18049,0,511,0,0,15539,52,2704,1,1,0,0,0,0,0,0,0,0,1,0,0,0,1,0,0,0,0,1,0,0,0
"41","6/20/2002",1957,"M","B","Plea","11/5/2002","5/13/2003",1,"pwid",0,"marijuana","0",12,9,12,1,1,1,1,1,1,1,1,1,"12/22/2004",0,"0",1,"12/22/2004",0,"0",1,"12/13/2005",0,"0",1,"12/13/2005",0,"0",0,"0",0,75,103336,"1",17714,17898,18049,3,688,0,0,15511,45,2025,1,1,0,0,0,0,0,0,0,0,1,1,1,0,0,0,0,0,1,0,1,1,108
"42","2/25/2003",1974,"M","B","Plea","5/14/2003","7/21/2003",2,"pwid",1,"cocaine","0",36,21,0,1,1,1,1,1,1,1,0,0,"0",0,"0",0,"0",0,"0",0,"0",0,"0",0,"0",0,"0",0,"0",0,1057,37692,"3",17714,17898,18049,15,9999,0,0,15761,29,841,1,1,0,0,0,0,0,0,0,0,1,1,0,1,0,0,0,0,1,0,1,0,0
"43","3/24/2003",1978,"M","B","Plea","11/6/2003","1/8/2004",3,"pwid",1,"marijuana","cocaine",36,36,24,1,1,1,1,0,0,0,0,0,"0",0,"0",0,"0",0,"0",0,"0",0,"0",0,"0",0,"0",0,"0",0,1167,50440,"2",17714,17898,18049,0,9999,0,0,15788,25,625,1,1,0,0,0,0,0,0,0,0,1,0,1,1,0,0,0,0,1,0,1,1,864
"44","7/16/2002",1965,"M","B","Dismissed","9/10/2002","",1,"dist",0,"heroin","0",0,0,0,1,1,1,1,1,1,1,1,1,"7/29/2003",1,"9/09/2004",1,"7/29/2003",1,"9/09/2004",1,"11/18/2003",1,"5/01/2008",1,"11/18/2003",1,"5/01/2008",0,"0",1,195,117731,"1",17714,17898,18049,0,322,0,0,15537,37,1369,1,1,0,0,0,0,0,0,0,0,1,0,0,0,0,1,0,0,0,1,0,0,0
"45","6/22/2002",1956,"M","B","Plea","10/2/2002","11/21/2002",1,"dist",0,"heroin","0",36,0,0,1,1,1,1,1,1,1,1,0,"0",0,"0",0,"0",0,"0",0,"0",0,"0",0,"0",0,"0",0,"0",0,88,104791,"1",17714,17898,18049,36,9999,0,0,15513,46,2116,1,1,0,0,0,0,0,0,0,0,1,1,0,0,0,1,0,0,0,1,1,0,0
"46","12/23/2002",1953,"M","B","Dismissed","4/26/2004","",1,"dist",0,"heroin","0",0,0,0,1,1,1,1,1,1,1,1,0,"0",0,"0",0,"0",0,"0",0,"0",0,"0",0,"0",0,"0",0,"0",0,774,200395,"1",17714,17898,18049,0,9999,0,0,15697,49,2401,1,1,0,0,0,0,0,0,0,0,1,0,0,0,0,1,0,0,0,1,0,0,0
"47","2/7/2003",1975,"M","B","Plea","2/2/2004","5/7/2004",1,"dist",0,"other","0",36,0,0,1,1,1,1,1,1,1,1,0,"0",0,"0",0,"0",0,"0",0,"0",0,"0",0,"0",0,"0",0,"0",0,987,30243,"3",17714,17898,18049,36,9999,0,0,15743,28,784,1,1,0,0,0,0,0,0,0,0,1,1,0,0,0,0,0,1,0,1,1,0,0
"48","9/14/2002",1965,"M","W","Dismissed","10/27/2003","",1,"dist",0,"other","0",0,0,0,1,1,0,0,1,1,0,0,0,"0",0,"0",0,"0",0,"0",0,"0",0,"0",0,"0",0,"0",0,"0",1,421,150458,"1",17714,17898,18049,0,9999,0,1,15597,37,1369,1,1,0,0,0,0,0,0,0,0,1,0,0,0,0,0,0,1,0,1,0,0,0
"49","6/15/2002",1983,"M","B","Plea","10/23/2002","2/20/2003",1,"dist",0,"crack","0",36,35,24,0,0,0,0,0,0,0,0,1,"1/3/2004",1,"1/03/2004",1,"1/03/2004",1,"1/03/2004",0,"0",0,"0",0,"0",0,"0",1,"8/03/2004",0,59,100601,"1",17714,17898,18049,1,407,0,0,15506,19,361,1,1,0,0,0,0,0,0,0,0,1,1,0,0,1,0,0,0,0,1,1,1,840
"50","7/27/2002",1980,"M","B","DWP","3/31/2003","",1,"pwid",0,"crack","0",0,0,0,0,0,0,0,0,0,0,0,1,"12/24/2004",1,"12/24/2004",1,"12/24/2004",1,"12/24/2004",0,"0",0,"0",0,"0",0,"0",0,"0",1,263,123903,"1",17714,17898,18049,0,634,0,0,15548,22,484,1,1,0,0,0,0,0,0,0,0,1,0,0,0,1,0,0,0,1,0,0,0,0
"51","3/4/2003",1980,"M","B","Plea","10/7/2003","1/20/2004",3,"pwid",1,"crack","pcp",60,60,24,1,0,1,0,0,0,0,0,1,"3/5/2005",0,"0",0,"0",0,"0",0,"0",0,"0",0,"0",0,"0",1,"5/27/2005",0,1091,40689,"2",17714,17898,18049,0,515,0,0,15768,23,529,1,1,0,0,0,0,0,0,0,0,1,0,0,0,1,0,1,0,1,0,1,1,1440
"52","2/4/2003",1978,"M","B","Plea","4/17/2003","6/5/2003",1,"pwid",0,"crack","0",39,39,48,0,0,0,0,0,0,0,0,0,"0",0,"0",0,"0",0,"0",0,"0",0,"0",0,"0",0,"0",0,"0",0,966,28554,"2",17714,17898,18049,0,9999,0,0,15740,25,625,1,1,0,0,0,0,0,0,0,0,1,0,0,0,1,0,0,0,1,0,1,1,1872
"53","4/21/2003",1981,"M","B","Plea","7/15/2003","7/15/2003",2,"dist, pwid",0,"heroin","0",60,48,0,1,1,1,1,1,1,1,1,0,"0",0,"0",0,"0",0,"0",0,"0",0,"0",0,"0",0,"0",0,"0",0,1225,64473,"3",17714,17898,18049,12,9999,0,0,15816,22,484,1,1,0,0,0,0,0,0,0,0,1,1,0,0,0,1,0,0,1,1,1,0,0
"54","6/1/2002",1972,"M","B","Plea","10/10/2002","12/9/2002",1,"dist",0,"marijuana","0",6,5,24,1,0,1,0,1,0,1,0,0,"0",0,"0",0,"0",0,"0",0,"0",0,"0",0,"0",0,"0",0,"0",0,5,130337,"1",17714,17898,18049,1,9999,0,0,15492,30,900,1,1,0,0,0,0,0,0,0,0,1,1,1,0,0,0,0,0,0,1,1,1,120
"55","10/15/2002",1983,"M","B","Dismissed","3/7/2003","",1,"dist",0,"cocaine","0",0,0,0,1,0,0,0,0,0,0,0,1,"7/30/2003",1,"1/10/2005",1,"1/10/2005",1,"1/10/2005",1,"6/27/2005",1,"6/27/2005",1,"6/27/2005",1,"6/27/2005",0,"0",0,500,166358,"1",17714,17898,18049,0,145,0,0,15628,19,361,1,1,0,0,0,0,0,0,0,0,1,0,0,1,0,0,0,0,0,1,0,0,0
"56","3/6/2003",1966,"M","B","Plea","5/2/2003","7/10/2003",1,"dist",0,"heroin","0",12,12,36,1,1,1,1,0,0,0,0,0,"0",0,"0",0,"0",0,"0",0,"0",0,"0",0,"0",0,"0",0,"0",0,1109,41882,"2",17714,17898,18049,0,9999,0,0,15770,37,1369,1,1,0,0,0,0,0,0,0,0,1,0,0,0,0,1,0,0,0,1,1,1,432
"57","11/7/2002",1977,"M","B","Dismissed","11/27/2002","",1,"dist",0,"crack","0",0,0,0,1,1,1,1,1,1,0,0,1,"8/14/2004",1,"1/29/2007",1,"1/29/2007",1,"1/29/2007",1,"3/16/2007",1,"3/16/2007",1,"3/16/2007",1,"3/16/2007",0,"0",0,580,178009,"1",17714,17898,18049,0,626,0,0,15651,25,625,1,1,0,0,0,0,0,0,0,0,1,0,0,0,1,0,0,0,0,1,0,0,0
"58","1/8/2003",1978,"M","B","Plea","7/24/2003","11/4/2003",1,"dist",0,"cocaine","0",6,6,12,1,1,1,1,1,0,0,0,0,"0",0,"0",0,"0",0,"0",0,"0",0,"0",0,"0",0,"0",0,"0",0,808,15583,"1",17714,17898,18049,0,9999,0,0,15713,25,625,1,1,0,0,0,0,0,0,0,0,1,0,0,1,0,0,0,0,0,1,1,1,72
"59","7/22/2002",1975,"M","B","Plea","9/13/2002","11/8/2002",1,"pwid",0,"cocaine","0",36,16,0,1,1,1,1,1,1,1,1,1,"5/28/2005",0,"0",0,"0",0,"0",0,"0",0,"0",0,"0",0,"0",0,"0",0,229,35630,"1",17714,17898,18049,20,388,0,0,15543,27,729,1,1,0,0,0,0,0,0,0,0,1,1,0,1,0,0,0,0,1,0,1,0,0
"60","1/15/2003",1963,"M","B","Dismissed","7/28/2003","0",5,"pwid",1,"cocaine","heroin",0,0,0,1,1,1,1,0,0,0,0,0,"0",0,"0",0,"0",0,"0",0,"0",0,"0",0,"0",0,"0",0,"0",0,855,19131,"3",17714,17898,18049,0,9999,0,0,15720,40,1600,1,1,0,0,0,0,0,0,0,0,1,0,0,1,0,1,0,0,1,0,0,0,0
"61","1/15/2003",1967,"M","W","Plea","5/17/2004","5/17/2004",2,"pwid",0,"heroin","0",3,0,0,0,0,0,0,0,0,0,0,0,"0",0,"0",0,"0",0,"0",0,"0",0,"0",0,"0",0,"0",0,"0",0,860,19131,"3",17714,17898,18049,3,9999,0,1,15720,36,1296,1,1,0,0,0,0,0,0,0,0,1,1,0,0,0,1,0,0,1,0,1,0,0
"62","9/12/2002",1972,"M","B","Plea","10/7/2003","12/15/2003",1,"pwid",0,"pcp","0",48,0,0,1,1,0,0,1,1,0,0,0,"0",0,"0",0,"0",0,"0",0,"0",0,"0",0,"0",0,"0",0,"0",0,408,149090,"1",17714,17898,18049,48,9999,0,0,15595,30,900,1,1,0,0,0,0,0,0,0,0,1,1,0,0,0,0,1,0,1,0,1,0,0
"63","2/5/2003",1982,"M","B","Plea","7/29/2003","7/29/2003",1,"pwid",0,"cocaine","0",3,0,0,1,1,1,0,0,0,0,0,1,"8/30/2004",1,"11/10/2005",1,"11/10/2005",1,"11/10/2005",1,"1/19/2006",1,"1/19/2006",1,"1/19/2006",1,"1/19/2006",0,"0",0,976,29259,"3",17714,17898,18049,3,308,0,0,15741,21,441,1,1,0,0,0,0,0,0,0,0,1,1,0,1,0,0,0,0,1,0,1,0,0
"64","3/21/2003",1975,"M","B","Jury trial not guilty","5/19/2004","",1,"pwid",0,"crack","0",0,0,0,1,1,1,1,1,1,1,1,0,"0",0,"0",0,"0",0,"0",0,"0",0,"0",0,"0",0,"0",0,"0",0,3130,44416,"3",17714,17898,18049,0,9999,0,0,15785,28,784,1,1,0,0,0,0,0,0,0,0,1,0,0,0,1,0,0,0,1,0,0,0,0
"65","10/19/2002",1962,"M","B","DWP","2/25/2003","",1,"dist",0,"marijuana","0",0,0,0,1,1,1,1,1,0,1,0,0,"0",0,"0",0,"0",0,"0",0,"0",0,"0",0,"0",0,"0",0,"0",0,516,168372,"1",17714,17898,18049,0,9999,0,0,15632,40,1600,1,1,0,0,0,0,0,0,0,0,1,0,1,0,0,0,0,0,0,1,0,0,0
"66","4/30/2003",1970,"M","B","Plea","7/11/2003","9/23/2003",1,"dist",0,"crack","0",36,24,24,1,1,0,0,0,0,0,0,1,"7/21/2005",1,"7/21/2005",1,"7/21/2005",1,"7/21/2005",1,"9/21/2005",1,"9/21/2005",1,"9/21/2005",1,"9/21/2005",0,"0",0,898,23833,"2",17714,17898,18049,12,381,0,0,15825,33,1089,1,1,0,0,0,0,0,0,0,0,1,1,0,0,1,0,0,0,0,1,1,1,576
"67","1/25/2003",1953,"M","B","Dismissed","3/28/2003","",3,"",0,"","",0,0,0,1,1,1,1,1,1,1,1,0,"0",0,"0",0,"0",0,"0",0,"0",0,"0",0,"0",0,"0",0,"0",1,892,23627,"3",17714,17898,18049,0,9999,0,0,15730,50,2500,1,1,0,0,0,0,0,0,0,0,1,0,0,0,0,0,0,0,0,0,0,0,0
"68","7/27/2002",1979,"F","B","DWP","3/31/2003","",1,"pwid",0,"cocaine","0",0,0,0,0,0,0,0,0,0,0,0,0,"0",0,"0",0,"0",0,"0",0,"0",0,"0",0,"0",0,"0",0,"0",1,263,123903,"1",17714,17898,18049,0,9999,1,0,15548,23,529,1,1,0,0,0,0,0,0,0,0,1,0,0,1,0,0,0,0,1,0,0,0,0
"69","4/25/2003",1977,"M","B","Plea","12/22/2003","2/13/2004",2,"dist",1,"cocaine","0",36,24,12,1,1,1,1,1,1,1,1,1,"2/13/2004",1,"2/13/2004",0,"0",0,"0",0,"0",0,"0",0,"0",0,"0",0,"0",0,1249,66610,"3",17714,17898,18049,12,0,0,0,15820,26,676,1,1,0,0,0,0,0,0,0,0,1,1,0,1,0,0,0,0,0,1,1,1,288
"70","9/5/2002",1983,"M","B","Dismissed","1/13/2003","",1,"dist",0,"heroin","0",0,0,0,0,0,0,0,0,0,0,0,1,"10/28/2005",1,"10/28/2005",0,"0",0,"0",1,"11/21/2005",1,"11/21/2005",0,"0",0,"0",0,"0",0,379,145146,"1",17714,17898,18049,0,1019,0,0,15588,19,361,1,1,0,0,0,0,0,0,0,0,1,0,0,0,0,1,0,0,0,1,0,0,0
"71","8/10/2002",1962,"M","B","Plea","3/11/2003","5/12/2003",1,"dist",0,"cocaine","0",36,24,36,1,1,0,0,1,1,0,0,0,"0",0,"0",0,"0",0,"0",0,"0",0,"0",0,"0",0,"0",0,"0",0,315,2131557,"1",17714,17898,18049,12,9999,0,0,15562,40,1600,1,1,0,0,0,0,0,0,0,0,1,1,0,1,0,0,0,0,0,1,1,1,864
"72","12/18/2002",1982,"M","B","Plea","9/24/2003","12/12/2003",1,"dist",0,"cocaine","0",24,24,18,0,0,0,0,0,0,0,0,0,"0",0,"0",0,"0",0,"0",0,"0",0,"0",0,"0",0,"0",1,"1/26/2005",0,745,198373,"1",17714,17898,18049,0,9999,0,0,15692,20,400,1,1,0,0,0,0,0,0,0,0,1,0,0,1,0,0,0,0,0,1,1,1,432
"73","8/26/2002",1971,"M","B","Plea","11/7/2002","1/7/2003",1,"dist",0,"marijuana","0",12,12,24,1,1,1,1,1,1,1,1,1,"6/30/2003",1,"6/30/2003",1,"6/30/2003",1,"6/30/2003",0,"0",0,"0",0,"0",0,"0",1,"8/13/2004",0,356,139687,"1",17714,17898,18049,0,235,0,0,15578,31,961,1,1,0,0,0,0,0,0,0,0,1,0,1,0,0,0,0,0,0,1,1,1,288
"74","6/19/2002",1981,"M","B","Plea","1/9/2003","3/18/2003",1,"dist",0,"cocaine","0",120,120,36,0,0,0,0,0,0,0,0,1,"3/31/2004",0,"0",0,"0",0,"0",0,"0",0,"0",0,"0",0,"0",1,"7/29/2005",0,72,102655,"1",17714,17898,18049,0,447,0,0,15510,21,441,1,1,0,0,0,0,0,0,0,0,1,0,0,1,0,0,0,0,0,1,1,1,4320
"75","1/23/2003",1964,"F","B","Plea","12/3/2003","12/3/2004",2,"dist",0,"cocaine","marijuana",6,6,12,1,1,1,1,1,1,1,1,1,"4/22/2005",0,"0",1,"4/22/2005",0,"0",1,"5/13/2005",0,"0",1,"5/13/2005",0,"0",0,"0",0,882,22687,"3",17714,17898,18049,0,506,1,0,15728,39,1521,1,1,0,0,0,0,0,0,0,0,1,0,1,1,0,0,0,0,0,1,1,1,72
"76","9/18/2002",1950,"M","B","Dismissed","1/17/2003","",1,"pwid",0,"marijuana","0",0,0,0,1,0,1,0,0,0,0,0,0,"0",0,"0",0,"0",0,"0",0,"0",0,"0",0,"0",0,"0",0,"0",0,429,42236,"1",17714,17898,18049,0,9999,0,0,15601,52,2704,1,1,0,0,0,0,0,0,0,0,1,0,1,0,0,0,0,0,1,0,0,0,0
"77","11/8/2002",1984,"M","B","Plea","1/30/2004","5/10/2004",1,"dist",0,"cocaine","0",120,120,36,0,0,0,0,0,0,0,0,0,"0",0,"0",0,"0",0,"0",0,"0",0,"0",0,"0",0,"0",0,"0",1,591,178594,"1",17714,17898,18049,0,9999,0,0,15652,18,324,1,1,0,0,0,0,0,0,0,0,1,0,0,1,0,0,0,0,0,1,1,1,4320
"78","8/8/2002",1974,"M","B","Plea","9/26/2002","11/18/2002",1,"dist",0,"cocaine","0",36,18,24,1,1,0,0,1,1,0,0,1,"10/18/2004",1,"11/20/2007",1,"10/18/2004",1,"11/20/2007",1,"6/30/2005",1,"3/24/2008",1,"6/30/2005",1,"3/24/2008",1,"1/25/2006",0,301,130408,"1",17714,17898,18049,18,213,0,0,15560,28,784,1,1,0,0,0,0,0,0,0,0,1,1,0,1,0,0,0,0,0,1,1,1,432
"79","5/9/2003",1955,"M","B","DWP","10/23/2003","0",3,"pwid",0,"heroin","0",0,0,0,1,1,1,1,1,1,1,1,0,"0",0,"0",0,"0",0,"0",0,"0",0,"0",0,"0",0,"0",0,"0",0,1276,71375,"2",17714,17898,18049,0,9999,0,0,15834,48,2304,1,1,0,0,0,0,0,0,0,0,1,0,0,0,0,1,0,0,1,0,0,0,0
"80","1/15/2003",1971,"F","W","Dismissed","6/3/2003","",3,"pwid",0,"crack","heroin",0,0,0,1,0,1,0,0,0,0,0,0,"0",0,"0",0,"0",0,"0",0,"0",0,"0",0,"0",0,"0",0,"0",0,856,19131,"3",17714,17898,18049,0,9999,1,1,15720,32,1024,1,1,0,0,0,0,0,0,0,0,1,0,0,0,1,1,0,0,1,0,0,0,0
"81","3/20/2003",1951,"M","B","DWP","7/31/2003","0",2,"dist, pwid",0,"heroin","0",0,0,0,1,1,1,1,1,1,1,1,0,"0",0,"0",0,"0",0,"0",0,"0",0,"0",0,"0",0,"0",0,"0",1,1154,48715,"2",17714,17898,18049,0,9999,0,0,15784,52,2704,1,1,0,0,0,0,0,0,0,0,1,0,0,0,0,1,0,0,1,1,0,0,0
"82","9/9/2002",1978,"M","B","Plea","1/8/2003","3/7/2003",2,"pwid",0,"cocaine","marijuana",36,24,24,1,1,1,1,1,1,1,1,1,"7/30/2004",1,"7/30/2004",1,"7/30/2004",1,"7/30/2004",1,"11/01/2004",1,"11/01/2004",1,"11/01/2004",1,"11/01/2004",1,"9/28/2004",0,396,146920,"1",17714,17898,18049,12,209,0,0,15592,24,576,1,1,0,0,0,0,0,0,0,0,1,1,1,1,0,0,0,0,1,0,1,1,576
"83","7/15/2002",1983,"M","B","Plea","1/27/2003","11/4/2003",1,"pwid",0,"cocaine","marijuana",24,24,24,1,0,1,0,0,0,0,0,0,"0",0,"0",0,"0",0,"0",0,"0",0,"0",0,"0",0,"0",1,"1/05/2006",0,184,22894,"1",17714,17898,18049,0,9999,0,0,15536,19,361,1,1,0,0,0,0,0,0,0,0,1,0,1,1,0,0,0,0,1,0,1,1,576
"84","9/5/2002",1968,"M","B","Plea","6/25/2003","10/3/2003",1,"dist",0,"heroin","0",6,6,15,1,1,1,1,1,1,1,1,1,"10/22/2003",1,"10/22/2003",1,"10/22/2003",1,"10/22/2003",1,"6/14/2004",1,"6/14/2004",1,"6/14/2004",1,"6/14/2004",0,"0",0,381,145146,"1",17714,17898,18049,0,119,0,0,15588,34,1156,1,1,0,0,0,0,0,0,0,0,1,0,0,0,0,1,0,0,0,1,1,1,90
"85","7/12/2002",1984,"M","B","Plea","4/19/2004","7/16/2004",2,"dist, pwid",0,"cocaine","0",60,60,36,0,0,0,0,0,0,0,0,1,"7/30/2004",1,"7/30/2004",1,"7/30/2004",1,"7/30/2004",1,"11/15/2005",1,"11/15/2005",1,"11/15/2005",1,"11/15/2005",1,"11/10/2005",0,170,115436,"1",17714,17898,18049,0,102,0,0,15533,18,324,1,1,0,0,0,0,0,0,0,0,1,0,0,1,0,0,0,0,1,1,1,1,2160
"86","4/23/2003",1955,"M","B","Plea","1/6/2004","1/6/2004",2,"dist, pwid",0,"heroin","0",0,0,12,1,0,0,0,0,0,0,0,1,"3/5/2004",0,"0",0,"0",0,"0",0,"0",0,"0",0,"0",0,"0",0,"0",0,1230,65415,"3",17714,17898,18049,0,59,0,0,15818,48,2304,1,1,0,0,0,0,0,0,0,0,1,0,0,0,0,1,0,0,1,1,1,1,0
"87","2/15/2003",1978,"M","B","Plea","4/30/2003","6/17/2003",1,"dist",0,"marijuana","0",36,36,24,1,1,1,1,1,1,1,1,1,"3/21/2004",1,"3/21/2004",1,"3/21/2004",1,"3/21/2004",0,"0",0,"0",0,"0",0,"0",1,"4/06/2004",0,1018,33857,"3",17714,17898,18049,0,326,0,0,15751,25,625,1,1,0,0,0,0,0,0,0,0,1,0,1,0,0,0,0,0,0,1,1,1,864
"88","2/26/2003",1968,"M","B","Plea","6/4/2003","7/29/2003",1,"dist",0,"crack","0",36,36,24,1,1,1,1,0,0,0,0,0,"0",0,"0",0,"0",0,"0",0,"0",0,"0",0,"0",0,"0",1,"5/20/2008",0,1064,38120,"2",17714,17898,18049,0,9999,0,0,15762,35,1225,1,1,0,0,0,0,0,0,0,0,1,0,0,0,1,0,0,0,0,1,1,1,864
"89","10/9/2002",1947,"F","B","Dismissed","10/23/2002","",1,"pwid",0,"other","0",0,0,0,1,0,1,0,1,0,1,0,1,"8/13/2003",1,"8/13/2003",1,"8/13/2003",1,"8/13/2003",1,"12/30/2003",1,"12/30/2003",1,"12/30/2003",1,"12/30/2003",0,"0",0,476,163260,"1",17714,17898,18049,0,294,1,0,15622,55,3025,1,1,0,0,0,0,0,0,0,0,1,0,0,0,0,0,0,1,1,0,0,0,0
"90","7/13/2002",1982,"M","B","Plea","6/12/2003","7/31/2003",1,"pwid",0,"cocaine","marijuana",6,6,24,0,0,0,0,0,0,0,0,1,"10/13/2005",0,"0",0,"0",0,"0",0,"0",0,"0",0,"0",0,"0",1,"10/14/2005",0,177,116115,"1",17714,17898,18049,0,854,0,0,15534,20,400,1,1,0,0,0,0,0,0,0,0,1,0,1,1,0,0,0,0,1,0,1,1,144
"91","7/16/2002",1977,"M","B","Dismissed","7/29/2002","",1,"dist",0,"heroin","0",0,0,0,1,1,0,0,0,0,0,0,1,"1/9/2004",1,"9/09/2005",0,"0",0,"0",0,"0",0,"0",0,"0",0,"0",0,"0",1,195,117731,"1",17714,17898,18049,0,529,0,0,15537,25,625,1,1,0,0,0,0,0,0,0,0,1,0,0,0,0,1,0,0,0,1,0,0,0
"92","2/7/2003",1964,"M","B","Plea","6/23/2003","10/22/2003",1,"dist",0,"other","0",1,1,0,1,0,1,0,1,0,1,0,0,"0",0,"0",0,"0",0,"0",0,"0",0,"0",0,"0",0,"0",0,"0",0,988,30243,"3",17714,17898,18049,0,9999,0,0,15743,39,1521,1,1,0,0,0,0,0,0,0,0,1,0,0,0,0,0,0,1,0,1,1,0,0
"93","12/18/2002",1960,"M","B","Plea","7/10/2003","10/7/2003",1,"pwid",0,"heroin","0",60,48,24,0,0,0,0,0,0,0,0,0,"0",0,"0",0,"0",0,"0",0,"0",0,"0",0,"0",0,"0",0,"0",0,737,198179,"1",17714,17898,18049,12,9999,0,0,15692,42,1764,1,1,0,0,0,0,0,0,0,0,1,1,0,0,0,1,0,0,1,0,1,1,1152
"94","10/17/2002",1981,"M","B","Plea","3/28/2003","6/2/2003",1,"dist",0,"cocaine","0",60,60,24,1,0,0,0,0,0,0,0,0,"7/21/2007",0,"0",0,"0",0,"0",0,"0",0,"0",0,"0",0,"0",0,"0",0,507,167232,"1",17714,17898,18049,0,1576,0,0,15630,21,441,1,1,0,0,0,0,0,0,0,0,1,0,0,1,0,0,0,0,0,1,1,1,1440
"95","12/9/2002",1953,"M","B","DWP","3/25/2003","",1,"dist",0,"other","0",0,0,0,1,1,1,0,1,0,1,0,0,"0",0,"0",0,"0",0,"0",0,"0",0,"0",0,"0",0,"0",0,"0",0,713,193311,"1",17714,17898,18049,0,9999,0,0,15683,49,2401,1,1,0,0,0,0,0,0,0,0,1,0,0,0,0,0,0,1,0,1,0,0,0
"96","12/26/2002",1978,"M","B","Dismissed","6/19/2003","",1,"pwid",0,"crack","0",0,0,0,1,1,1,1,0,0,0,0,0,"0",0,"0",0,"0",0,"0",0,"0",0,"0",0,"0",0,"0",0,"0",0,778,52069,"1",17714,17898,18049,0,9999,0,0,15700,24,576,1,1,0,0,0,0,0,0,0,0,1,0,0,0,1,0,0,0,1,0,0,0,0
"97","7/24/2002",1972,"M","B","Dismissed","2/25/2003","",1,"pwid",0,"cocaine","0",0,0,0,1,1,1,1,0,0,0,0,0,"0",0,"0",0,"0",0,"0",0,"0",0,"0",0,"0",0,"0",0,"0",0,239,122213,"1",17714,17898,18049,0,9999,0,0,15545,30,900,1,1,0,0,0,0,0,0,0,0,1,0,0,1,0,0,0,0,1,0,0,0,0
"98","4/23/2003",1975,"M","B","Plea","10/21/2003","12/10/2003",2,"dist, pwid",0,"heroin","0",24,0,0,1,1,1,1,1,1,1,1,1,"6/8/2006",1,"11/10/2007",1,"11/10/2007",1,"11/10/2007",1,"6/20/2008",1,"6/20/2008",1,"6/20/2008",1,"6/20/2008",0,"0",0,1231,65415,"3",17714,17898,18049,24,241,0,0,15818,28,784,1,1,0,0,0,0,0,0,0,0,1,1,0,0,0,1,0,0,1,1,1,0,0
"99","1/15/2003",1962,"M","B","Plea","6/13/2003","10/16/2003",1,"dist",0,"cocaine","0",84,84,24,1,1,1,1,1,1,1,1,1,"4/26/2007",1,"4/26/2007",1,"4/26/2007",1,"4/26/2007",1,"6/26/2007",1,"6/26/2007",1,"6/26/2007",1,"6/26/2007",0,"0",0,2853,19124,"3",17714,17898,18049,0,1413,0,0,15720,41,1681,1,1,0,0,0,0,0,0,0,0,1,0,0,1,0,0,0,0,0,1,1,1,2016
"100","10/30/2002",1961,"F","B","Grand jury dismissal","7/11/2003","",1,"pwid",0,"crack","0",0,0,0,1,1,0,0,0,0,0,0,1,"9/29/2003",0,"0",0,"0",0,"0",0,"0",0,"0",0,"0",0,"0",0,"0",0,554,173782,"1",17714,17898,18049,0,80,1,0,15643,41,1681,1,1,0,0,0,0,0,0,0,0,1,0,0,0,1,0,0,0,1,0,0,0,0
"101","1/3/2003",1971,"M","B","Plea","12/12/2003","12/16/2003",1,"dist",0,"marijuana","0",36,12,24,1,0,1,0,1,0,1,0,0,"12/16/2008",0,"0",0,"0",0,"0",0,"0",0,"0",0,"0",0,"0",0,"0",0,789,13226,"1",17714,17898,18049,24,1111,0,0,15708,32,1024,1,1,0,0,0,0,0,0,0,0,1,1,1,0,0,0,0,0,0,1,1,1,288
"102","2/10/2003",1966,"M","B","Plea","11/19/2003","11/25/2003",1,"dist",0,"heroin","0",24,0,0,1,1,1,1,1,1,1,1,0,"9/15/2008",0,"0",1,"9/15/2008",0,"0",1,"10/17/2008",0,"0",1,"10/17/2008",0,"0",0,"0",0,994,31076,"2",17714,17898,18049,24,1042,0,0,15746,37,1369,1,1,0,0,0,0,0,0,0,0,1,1,0,0,0,1,0,0,0,1,1,0,0
"103","6/29/2002",1963,"F","B","Plea","12/18/2002","12/18/2002",1,"dist",0,"crack","0",12,12,0,1,1,1,1,1,0,0,0,0,"0",0,"0",0,"0",0,"0",0,"0",0,"0",0,"0",0,"0",0,"0",1,111,108398,"1",17714,17898,18049,0,9999,1,0,15520,39,1521,1,1,0,0,0,0,0,0,0,0,1,0,0,0,1,0,0,0,0,1,1,0,0
"104","12/5/2002",1970,"M","B","Plea","4/14/2003","6/2/2003",1,"dist",0,"marijuana","0",36,24,24,1,1,1,1,1,1,1,1,0,"0",0,"0",0,"0",0,"0",0,"0",0,"0",0,"0",0,"0",0,"0",0,708,192048,"1",17714,17898,18049,12,9999,0,0,15679,32,1024,1,1,0,0,0,0,0,0,0,0,1,1,1,0,0,0,0,0,0,1,1,1,576
"105","11/8/2002",1980,"M","B","Plea","4/16/2004","4/16/2004",1,"dist",0,"cocaine","0",24,0,0,0,0,0,0,0,0,0,0,0,"0",0,"0",0,"0",0,"0",0,"0",0,"0",0,"0",0,"0",0,"0",0,588,178622,"1",17714,17898,18049,24,9999,0,0,15652,22,484,1,1,0,0,0,0,0,0,0,0,1,1,0,1,0,0,0,0,0,1,1,0,0
"106","11/28/2002",1944,"M","B","Jury trial guilty","4/24/2003","6/18/2003",1,"dist",0,"heroin","0",60,24,24,1,1,1,1,1,1,1,1,0,"0",0,"0",0,"0",0,"0",0,"0",0,"0",0,"0",0,"0",1,"6/29/2007",0,675,188718,"1",17714,17898,18049,36,9999,0,0,15672,58,3364,1,1,0,0,0,0,0,0,0,0,1,1,0,0,0,1,0,0,0,1,1,1,576
"107","3/7/2003",1949,"M","B","Plea","9/26/2003","11/14/2003",2,"dist, pwid",0,"heroin","0",36,30,24,1,1,1,1,1,1,1,1,0,"0",0,"0",0,"0",0,"0",0,"0",0,"0",0,"0",0,"0",0,"0",0,3121,42642,"3",17714,17898,18049,6,9999,0,0,15771,54,2916,1,1,0,0,0,0,0,0,0,0,1,1,0,0,0,1,0,0,1,1,1,1,720
"108","12/5/2002",1943,"M","B","DWP","12/1/2003","",2,"pwid",1,"cocaine","heroin",0,0,0,1,1,1,1,1,1,1,1,0,"0",0,"0",0,"0",0,"0",0,"0",0,"0",0,"0",0,"0",0,"0",0,703,192084,"1",17714,17898,18049,0,9999,0,0,15679,59,3481,1,1,0,0,0,0,0,0,0,0,1,0,0,1,0,1,0,0,1,0,0,0,0
"109","6/29/2002",1982,"M","B","Plea","10/25/2002","2/13/2003",1,"dist",0,"crack","0",60,54,24,1,0,0,0,0,0,0,0,1,"7/3/2003",1,"7/03/2003",1,"7/03/2003",1,"7/03/2003",1,"6/17/2004",1,"6/17/2004",1,"6/17/2004",1,"6/17/2004",1,"6/21/2004",1,111,108398,"1",17714,17898,18049,6,71,0,0,15520,20,400,1,1,0,0,0,0,0,0,0,0,1,1,0,0,1,0,0,0,0,1,1,1,1296
"110","7/7/2002",1982,"M","B","DWP","10/31/2002","",2,"dist, pwid",0,"cocaine","0",0,0,0,0,0,0,0,0,0,0,0,1,"11/22/2002",1,"11/22/2002",1,"11/22/2003",0,"0",1,"2/13/2004",0,"0",1,"2/13/2004",0,"0",0,"0",1,138,112428,"1",17714,17898,18049,0,22,0,0,15528,20,400,1,1,0,0,0,0,0,0,0,0,1,0,0,1,0,0,0,0,1,1,0,0,0
"111","11/20/2002",1974,"F","B","Dismissed","1/8/2003","",1,"pwid",1,"pcp","0",0,0,0,0,0,0,0,0,0,0,0,1,"4/5/2003",1,"4/05/2003",0,"0",0,"0",1,"8/20/2003",1,"8/20/2003",0,"0",0,"0",0,"0",1,632,184706,"1",17714,17898,18049,0,87,1,0,15664,28,784,1,1,0,0,0,0,0,0,0,0,1,0,0,0,0,0,1,0,1,0,0,0,0
"112","11/2/2002",1969,"F","B","Plea","1/23/2003","4/22/2003",1,"dist",0,"cocaine","0",36,36,36,1,1,1,1,1,0,1,0,0,"0",0,"0",0,"0",0,"0",0,"0",0,"0",0,"0",0,"0",0,"0",0,572,175575,"1",17714,17898,18049,0,9999,1,0,15646,33,1089,1,1,0,0,0,0,0,0,0,0,1,0,0,1,0,0,0,0,0,1,1,1,1296
"113","7/7/2002",1980,"M","B","DWP","10/31/2002","",2,"dist, pwid",0,"cocaine","0",0,0,0,1,0,0,0,0,0,0,0,1,"8/4/2004",0,"0",1,"8/04/2004",0,"0",0,"0",0,"0",0,"0",0,"0",0,"0",1,138,112428,"1",17714,17898,18049,0,643,0,0,15528,22,484,1,1,0,0,0,0,0,0,0,0,1,0,0,1,0,0,0,0,1,1,0,0,0
"114","7/3/2002",1981,"M","B","Plea","9/19/2002","11/7/2002",2,"dist, pwid",0,"cocaine","0",36,21,24,1,1,1,1,1,1,1,1,0,"0",0,"0",0,"0",0,"0",0,"0",0,"0",0,"0",0,"0",0,"0",0,127,110577,"1",17714,17898,18049,15,9999,0,0,15524,21,441,1,1,0,0,0,0,0,0,0,0,1,1,0,1,0,0,0,0,1,1,1,1,504
"115","8/2/2002",1971,"F","B","Plea","2/21/2003","4/11/2003",1,"dist",0,"crack","0",12,12,24,1,0,0,0,0,0,0,0,1,"11/17/2003",1,"12/07/2006",1,"12/07/2006",1,"12/07/2006",1,"3/04/2004",1,"4/03/2007",1,"4/03/2007",1,"4/03/2007",1,"10/15/2003",0,288,127116,"1",17714,17898,18049,0,269,1,0,15554,31,961,1,1,0,0,0,0,0,0,0,0,1,0,0,0,1,0,0,0,0,1,1,1,288
"116","1/8/2003",1938,"M","B","Plea","7/31/2003","9/30/2003",1,"pwid",0,"cocaine","0",60,60,36,1,1,1,1,1,1,1,1,1,"8/11/2006",1,"8/11/2006",1,"8/11/2006",1,"8/11/2006",1,"11/21/2006",1,"11/21/2006",1,"11/21/2006",1,"11/21/2006",0,"0",0,810,15534,"1",17714,17898,18049,0,1107,0,0,15713,65,4225,1,1,0,0,0,0,0,0,0,0,1,0,0,1,0,0,0,0,1,0,1,1,2160
"117","2/5/2003",1975,"M","B","Plea","11/17/2003","1/8/2004",3,"pwid",1,"cocaine","marijuana",6,6,24,1,0,1,0,1,0,1,0,0,"0",0,"0",0,"0",0,"0",0,"0",0,"0",0,"0",0,"0",1,"7/11/2005",0,969,29153,"3",17714,17898,18049,0,9999,0,0,15741,28,784,1,1,0,0,0,0,0,0,0,0,1,0,1,1,0,0,0,0,1,0,1,1,144
"118","3/20/2003",1947,"M","B","Plea","6/24/2003","10/3/2003",2,"dist, pwid",0,"heroin","0",12,0,0,0,0,0,0,0,0,0,0,0,"0",0,"0",0,"0",0,"0",0,"0",0,"0",0,"0",0,"0",0,"0",1,1154,48715,"2",17714,17898,18049,12,9999,0,0,15784,56,3136,1,1,0,0,0,0,0,0,0,0,1,1,0,0,0,1,0,0,1,1,1,0,0
"119","11/28/2002",1949,"M","B","Plea","7/9/2003","2/27/2004",1,"dist",0,"heroin","0",36,36,36,1,1,1,1,1,1,1,1,1,"11/11/2006",1,"11/11/2006",1,"11/11/2006",1,"11/11/2006",0,"0",0,"0",0,"0",0,"0",0,"0",1,677,188918,"1",17714,17898,18049,0,1221,0,0,15672,53,2809,1,1,0,0,0,0,0,0,0,0,1,0,0,0,0,1,0,0,0,1,1,1,1296
"120","7/19/2002",1967,"M","B","Dismissed","1/14/2003","",1,"pwid",0,"heroin","0",0,0,0,1,1,1,1,1,1,1,1,1,"10/2/2003",1,"10/02/2003",1,"10/02/2003",1,"10/02/2003",1,"10/27/2003",1,"10/27/2003",1,"10/27/2003",1,"10/27/2003",0,"0",0,217,119309,"1",17714,17898,18049,0,261,0,0,15540,35,1225,1,1,0,0,0,0,0,0,0,0,1,0,0,0,0,1,0,0,1,0,0,0,0
"121","10/24/2002",1980,"M","B","DWP","2/24/2003","",1,"pwid",0,"cocaine","0",0,0,0,1,1,1,1,0,0,0,0,1,"1/24/2004",0,"0",0,"0",0,"0",0,"0",0,"0",0,"0",0,"0",0,"0",0,535,170902,"1",17714,17898,18049,0,334,0,0,15637,22,484,1,1,0,0,0,0,0,0,0,0,1,0,0,1,0,0,0,0,1,0,0,0,0
"122","11/12/2002",1982,"M","B","Plea","3/13/2003","5/1/2003",1,"dist",0,"marijuana","0",36,12,24,1,0,1,0,1,0,1,0,1,"2/16/2006",1,"2/16/2006",1,"2/16/2006",1,"2/16/2006",1,"6/26/2006",1,"6/26/2006",1,"6/26/2006",1,"6/26/2006",1,"6/22/2006",0,603,180540,"1",17714,17898,18049,24,351,0,0,15656,20,400,1,1,0,0,0,0,0,0,0,0,1,1,1,0,0,0,0,0,0,1,1,1,288
"123","6/6/2002",1974,"M","B","Plea","11/13/2003","2/13/2004",1,"pwid",0,"cocaine","0",27,27,24,1,1,1,1,1,1,1,0,0,"0",0,"0",0,"0",0,"0",0,"0",0,"0",0,"0",0,"0",0,"0",0,21,95729,"1",17714,17898,18049,0,9999,0,0,15497,28,784,1,0,1,0,0,0,0,0,0,0,2,0,0,1,0,0,0,0,1,0,1,1,648
"124","7/16/2002",1970,"M","B","Plea","9/4/2002","11/1/2002",1,"pwid",1,"pcp","0",15,0,0,1,1,1,1,1,1,0,0,0,"6/1/2008",0,"0",0,"0",0,"0",0,"0",0,"0",0,"0",0,"0",0,"0",0,189,NA,"1",17714,17898,18049,15,1647,0,0,15537,32,1024,1,0,1,0,0,0,0,0,0,0,2,1,0,0,0,0,1,0,1,0,1,0,0
"125","2/5/2003",1954,"M","B","Plea","9/3/2003","2/27/2004",1,"dist",0,"heroin","0",324,324,24,1,1,1,1,1,1,1,1,0,"0",0,"0",0,"0",0,"0",0,"0",0,"0",0,"0",0,"0",0,"0",0,973,29208,"3",17714,17898,18049,0,9999,0,0,15741,49,2401,1,0,1,0,0,0,0,0,0,0,2,0,0,0,0,1,0,0,0,1,1,1,7776
"126","12/31/2002",1983,"M","B","Plea","1/31/2003","4/4/2003",1,"pwid",0,"crack","0",324,324,24,0,0,0,0,0,0,0,0,0,"0",0,"0",0,"0",0,"0",0,"0",0,"0",0,"0",0,"0",1,"10/08/2004",0,785,204480,"1",17714,17898,18049,0,9999,0,0,15705,19,361,1,0,1,0,0,0,0,0,0,0,2,0,0,0,1,0,0,0,1,0,1,1,7776
"127","6/14/2002",1970,"M","B","Dismissed","12/11/2003","",2,"dist, pwid",0,"marijuana","0",0,0,0,1,1,1,1,1,1,1,1,1,"2/7/2004",1,"2/07/2004",1,"2/07/2004",1,"2/07/2004",0,"0",0,"0",0,"0",0,"0",0,"0",0,52,96734,"1",17714,17898,18049,0,58,0,0,15505,32,1024,1,0,1,0,0,0,0,0,0,0,2,0,1,0,0,0,0,0,1,1,0,0,0
"128","5/8/2003",1983,"M","B","Plea","6/24/2003","10/17/2003",1,"dist",0,"crack","0",324,324,24,0,0,0,0,0,0,0,0,0,"0",0,"0",0,"0",0,"0",0,"0",0,"0",0,"0",0,"0",0,"0",0,912,24765,"2",17714,17898,18049,0,9999,0,0,15833,20,400,1,0,1,0,0,0,0,0,0,0,2,0,0,0,1,0,0,0,0,1,1,1,7776
"129","3/12/2003",1949,"M","B","Plea","6/25/2003","9/17/2003",2,"dist, pwid",0,"cocaine","0",324,323,24,1,1,1,0,1,1,0,0,0,"0",0,"0",0,"0",0,"0",0,"0",0,"0",0,"0",0,"0",0,"0",1,1134,44847,"2",17714,17898,18049,1,9999,0,0,15776,54,2916,1,0,1,0,0,0,0,0,0,0,2,1,0,1,0,0,0,0,1,1,1,1,7752
"130","9/11/2002",1979,"M","B","Plea","2/4/2003","4/7/2003",1,"pwid",0,"crack","0",48,0,0,1,1,1,1,1,1,1,1,0,"0",0,"0",0,"0",0,"0",0,"0",0,"0",0,"0",0,"0",0,"0",0,402,148510,"1",17714,17898,18049,48,9999,0,0,15594,23,529,1,0,1,0,0,0,0,0,0,0,2,1,0,0,1,0,0,0,1,0,1,0,0
"131","9/19/2002",1949,"M","B","Plea","12/8/2003","11/18/2004",1,"dist",0,"heroin","0",24,24,12,1,1,1,1,1,1,1,1,1,"7/20/2005",1,"7/20/2005",1,"7/20/2005",1,"7/20/2005",0,"0",0,"0",0,"0",0,"0",0,"0",0,437,152925,"1",17714,17898,18049,0,590,0,0,15602,53,2809,1,0,1,0,0,0,0,0,0,0,2,0,0,0,0,1,0,0,0,1,1,1,288
"132","4/22/2003",1973,"M","B","Plea","1/8/2004","2/26/2004",1,"dist",0,"marijuana","0",36,36,24,1,1,1,0,1,0,1,0,1,"9/1/2007",0,"0",0,"0",0,"0",0,"0",0,"0",0,"0",0,"0",0,"0",0,1227,65107,"2",17714,17898,18049,0,1332,0,0,15817,30,900,1,0,1,0,0,0,0,0,0,0,2,0,1,0,0,0,0,0,0,1,1,1,864
"133","12/17/2002",1978,"M","B","Plea","6/12/2003","9/10/2003",1,"pwid",0,"crack","0",27,27,12,1,1,1,1,0,0,0,0,0,"2/8/2008",0,"0",0,"0",0,"0",0,"0",0,"0",0,"0",0,"0",0,"0",0,734,51215,"1",17714,17898,18049,0,1702,0,0,15691,24,576,1,0,1,0,0,0,0,0,0,0,2,0,0,0,1,0,0,0,1,0,1,1,324
"134","1/31/2003",1970,"M","B","Plea","4/21/2003","6/24/2003",1,"dist",0,"marijuana","0",324,324,12,1,0,1,0,0,0,0,0,0,"0",0,"0",0,"0",0,"0",0,"0",0,"0",0,"0",0,"0",0,"0",1,946,26624,"3",17714,17898,18049,0,9999,0,0,15736,33,1089,1,0,1,0,0,0,0,0,0,0,2,0,1,0,0,0,0,0,0,1,1,1,3888
"135","1/6/2003",1952,"F","B","Plea","6/12/2004","5/13/2004",1,"dist",0,"heroin","0",6,0,0,1,1,1,1,1,1,1,1,0,"0",0,"0",0,"0",0,"0",0,"0",0,"0",0,"0",0,"0",0,"0",0,798,14189,"1",17714,17898,18049,6,9999,1,0,15711,51,2601,1,0,1,0,0,0,0,0,0,0,2,1,0,0,0,1,0,0,0,1,1,0,0
"136","7/31/2002",1979,"M","B","Plea","9/25/2002","12/4/2002",1,"pwid",0,"cocaine","0",15,15,18,1,0,0,0,0,0,0,0,0,"0",0,"0",0,"0",0,"0",0,"0",0,"0",0,"0",0,"0",0,"0",0,273,126178,"1",17714,17898,18049,0,9999,0,0,15552,23,529,1,0,1,0,0,0,0,0,0,0,2,0,0,1,0,0,0,0,1,0,1,1,270
"137","9/12/2002",1982,"M","B","Dismissed","12/16/2003","",1,"dist",0,"marijuana","0",0,0,0,0,0,0,0,0,0,0,0,1,"1/11/2004",1,"1/11/2004",1,"1/11/2004",1,"1/11/2004",1,"3/23/2004",1,"3/23/2004",1,"3/23/2004",1,"3/23/2004",0,"0",0,411,149078,"1",17714,17898,18049,0,26,0,0,15595,20,400,1,0,1,0,0,0,0,0,0,0,2,0,1,0,0,0,0,0,0,1,0,0,0
"138","3/4/2003",1981,"M","B","Jury trial guilty","11/26/2003","2/13/2004",1,"pwid",0,"crack","0",60,0,0,1,1,1,1,1,1,1,1,0,"0",0,"0",0,"0",0,"0",0,"0",0,"0",0,"0",0,"0",0,"0",0,3092,40755,"2",17714,17898,18049,60,9999,0,0,15768,22,484,1,0,1,0,0,0,0,0,0,0,2,1,0,0,1,0,0,0,1,0,1,0,0
"139","8/24/2002",1980,"M","B","Dismissed","9/5/2002","",1,"dist",0,"cocaine","0",0,0,0,0,0,0,0,0,0,0,0,1,"10/24/2005",0,"0",0,"0",0,"0",0,"0",0,"0",0,"0",0,"0",0,"0",0,354,139310,"1",17714,17898,18049,0,1145,0,0,15576,22,484,1,0,1,0,0,0,0,0,0,0,2,0,0,1,0,0,0,0,0,1,0,0,0
"140","9/16/2002",1954,"M","B","Plea","11/26/2002","4/4/2003",1,"dist",0,"heroin","0",15,0,0,1,1,1,1,1,1,1,1,1,"9/3/2004",0,"0",1,"9/03/2004",0,"0",0,"0",0,"0",0,"0",0,"0",0,"0",1,426,150617,"1",17714,17898,18049,15,197,0,0,15599,48,2304,1,0,1,0,0,0,0,0,0,0,2,1,0,0,0,1,0,0,0,1,1,0,0
"141","11/25/2002",1957,"M","B","Plea","10/16/2003","1/7/2004",1,"dist",1,"heroin","0",24,0,0,1,1,1,1,1,1,1,1,0,"0",0,"0",0,"0",0,"0",0,"0",0,"0",0,"0",0,"0",0,"0",0,659,186771,"1",17714,17898,18049,24,9999,0,0,15669,45,2025,1,0,1,0,0,0,0,0,0,0,2,1,0,0,0,1,0,0,0,1,1,0,0
"142","9/24/2002",1979,"M","B","Plea","7/29/2003","7/29/2003",1,"pwid",0,"crack","0",6,6,12,1,1,1,1,0,0,0,0,0,"0",0,"0",0,"0",0,"0",0,"0",0,"0",0,"0",0,"0",0,"0",0,455,155533,"1",17714,17898,18049,0,9999,0,0,15607,23,529,1,0,1,0,0,0,0,0,0,0,2,0,0,0,1,0,0,0,1,0,1,1,72
"143","8/15/2002",1980,"M","B","Dismissed","1/14/2003","",1,"pwid",0,"cocaine","pcp",0,0,0,0,0,0,0,0,0,0,0,1,"2/27/2003",0,"0",1,"2/27/2003",0,"0",1,"6/14/2004",0,"0",1,"6/14/2004",0,"0",0,"0",0,325,134149,"1",17714,17898,18049,0,44,0,0,15567,22,484,1,0,1,0,0,0,0,0,0,0,2,0,0,1,0,0,1,0,1,0,0,0,0
"144","1/31/2003",1949,"M","B","Plea","6/13/2003","9/4/2003",1,"dist",0,"cocaine","0",324,324,12,0,0,0,0,0,0,0,0,0,"0",0,"0",0,"0",0,"0",0,"0",0,"0",0,"0",0,"0",0,"0",1,946,26624,"3",17714,17898,18049,0,9999,0,0,15736,54,2916,1,0,1,0,0,0,0,0,0,0,2,0,0,1,0,0,0,0,0,1,1,1,3888
"145","8/31/2002",1976,"M","B","Plea","3/7/2003","10/14/2003",1,"pwid",0,"crack","0",27,26,24,1,1,1,1,1,1,1,1,0,"0",0,"0",0,"0",0,"0",0,"0",0,"0",0,"0",0,"0",0,"0",0,374,40363,"1",17714,17898,18049,1,9999,0,0,15583,26,676,1,0,1,0,0,0,0,0,0,0,2,1,0,0,1,0,0,0,1,0,1,1,624
"146","4/18/2003",1979,"M","B","Jury trial guilty","10/6/2003","10/6/2003",2,"pwid",1,"cocaine","0",6,0,0,1,1,1,1,1,1,0,0,0,"0",0,"0",0,"0",0,"0",0,"0",0,"0",0,"0",0,"0",0,"0",0,1212,63088,"2",17714,17898,18049,6,9999,0,0,15813,24,576,1,0,1,0,0,0,0,0,0,0,2,1,0,1,0,0,0,0,1,0,1,0,0
"147","8/7/2002",1972,"M","B","Dismissed","11/24/2003","",1,"pwid",0,"cocaine","0",0,0,0,1,1,1,1,1,1,1,1,1,"3/11/2004",1,"5/19/2006",1,"3/11/2004",0,"0",1,"9/08/2004",1,"1/25/2007",1,"9/08/2004",0,"0",0,"0",0,298,NA,"1",17714,17898,18049,0,108,0,0,15559,30,900,1,0,1,0,0,0,0,0,0,0,2,0,0,1,0,0,0,0,1,0,0,0,0
"148","9/11/2002",1950,"F","B","Plea","3/3/2003","8/18/2003",2,"dist, pwid",0,"heroin","0",27,27,12,1,1,0,0,1,1,0,0,1,"4/4/2003",1,"10/11/2004",1,"10/11/2004",1,"10/11/2004",1,"3/10/2005",1,"3/10/2005",1,"3/10/2005",1,"3/10/2005",1,"11/01/2004",0,399,148425,"1",17714,17898,18049,0,32,1,0,15594,52,2704,1,0,1,0,0,0,0,0,0,0,2,0,0,0,0,1,0,0,1,1,1,1,324
"149","4/24/2003",1976,"W","B","Plea","9/11/2003","11/21/2003",2,"pwid",1,"cocaine","0",36,36,12,1,0,0,0,1,0,0,0,1,"4/25/2007",1,"4/25/2007",1,"4/25/2007",1,"4/25/2007",1,"10/14/2008",0,"0",1,"10/14/2008",0,"0",0,"0",0,1246,66221,"2",17714,17898,18049,0,1322,0,0,15819,27,729,1,0,1,0,0,0,0,0,0,0,2,0,0,1,0,0,0,0,1,0,1,1,432
"150","10/31/2002",1978,"M","B","Plea","5/19/2003","8/7/2003",1,"dist",0,"marijuana","0",36,36,12,1,1,1,0,1,0,1,0,1,"8/15/2003",1,"8/15/2003",1,"5/27/2005",1,"5/27/2005",1,"7/25/2005",1,"7/25/2005",1,"7/25/2005",1,"7/25/2005",0,"0",0,560,174415,"1",17714,17898,18049,0,88,0,0,15644,24,576,1,0,1,0,0,0,0,0,0,0,2,0,1,0,0,0,0,0,0,1,1,1,432
"151","1/13/2003",1954,"M","B","Plea","6/6/2003","10/2/2003",1,"dist",0,"heroin","0",6,6,12,1,0,1,0,1,0,0,0,1,"11/4/2003",0,"0",0,"0",0,"0",0,"0",0,"0",0,"0",0,"0",0,"0",1,837,17509,"3",17714,17898,18049,0,151,0,0,15718,49,2401,1,0,1,0,0,0,0,0,0,0,2,0,0,0,0,1,0,0,0,1,1,1,72
"152","2/7/2003",1964,"F","B","Plea","5/14/2003","5/28/2004",1,"dist",0,"heroin","0",36,0,0,1,1,1,1,1,1,1,1,1,"3/12/2004",1,"3/12/2004",0,"0",0,"0",0,"0",0,"0",0,"0",0,"0",0,"0",0,986,30240,"3",17714,17898,18049,36,0,1,0,15743,39,1521,1,0,1,0,0,0,0,0,0,0,2,1,0,0,0,1,0,0,0,1,1,0,0
"153","8/31/2002",1980,"M","W","Plea","11/7/2002","1/17/2003",1,"dist",1,"cocaine","0",15,0,0,1,1,1,0,1,1,1,0,0,"0",0,"0",0,"0",0,"0",0,"0",0,"0",0,"0",0,"0",0,"0",0,373,142912,"1",17714,17898,18049,15,9999,0,1,15583,22,484,1,0,1,0,0,0,0,0,0,0,2,1,0,1,0,0,0,0,0,1,1,0,0
"154","10/22/2002",1976,"M","B","Jury trial not guilty","2/3/2004","",1,"pwid",1,"marijuana","0",0,0,0,1,1,1,1,1,1,1,1,0,"0",0,"0",0,"0",0,"0",0,"0",0,"0",0,"0",0,"0",0,"0",0,521,169956,"1",17714,17898,18049,0,9999,0,0,15635,26,676,1,0,1,0,0,0,0,0,0,0,2,0,1,0,0,0,0,0,1,0,0,0,0
"155","1/21/2003",1972,"M","B","Plea","4/10/2003","8/1/2003",1,"dist",0,"heroin","0",324,324,12,1,1,1,1,0,0,0,0,1,"2/11/2004",0,"0",0,"0",0,"0",0,"0",0,"0",0,"0",0,"0",0,"0",0,876,21594,"3",17714,17898,18049,0,307,0,0,15726,31,961,1,0,1,0,0,0,0,0,0,0,2,0,0,0,0,1,0,0,0,1,1,1,3888
"156","9/12/2002",1951,"M","B","Plea","2/20/2003","5/2/2003",1,"dist",0,"heroin","0",12,0,0,1,1,1,1,1,1,1,1,1,"9/19/2006",0,"0",0,"0",0,"0",0,"0",0,"0",0,"0",0,"0",0,"0",0,409,149032,"1",17714,17898,18049,12,947,0,0,15595,51,2601,1,0,1,0,0,0,0,0,0,0,2,1,0,0,0,1,0,0,0,1,1,0,0
"157","1/4/2003",1982,"M","W","Plea","2/20/2003","5/2/2003",1,"dist",0,"cocaine","0",324,324,12,0,0,0,0,0,0,0,0,1,"3/15/2004",1,"3/15/2004",1,"3/15/2004",1,"3/15/2004",1,"5/05/2004",1,"5/05/2004",1,"5/05/2004",1,"5/05/2004",0,"0",0,796,13691,"1",17714,17898,18049,0,389,0,1,15709,21,441,1,0,1,0,0,0,0,0,0,0,2,0,0,1,0,0,0,0,0,1,1,1,3888
"158","7/30/2002",1954,"F","B","Plea","4/2/2003","6/24/2003",1,"dist",0,"heroin","0",27,27,24,1,1,1,0,1,0,1,0,0,"0",0,"0",0,"0",0,"0",0,"0",0,"0",0,"0",0,"0",0,"0",0,269,125364,"1",17714,17898,18049,0,9999,1,0,15551,48,2304,1,0,1,0,0,0,0,0,0,0,2,0,0,0,0,1,0,0,0,1,1,1,648
"159","7/16/2002",1975,"M","B","Dismissed","2/3/2003","",1,"pwid",0,"crack","0",0,0,0,1,1,1,1,1,1,1,1,1,"7/14/2003",1,"7/14/2003",0,"0",0,"0",0,"0",0,"0",0,"0",0,"0",0,"0",0,191,117677,"1",17714,17898,18049,0,161,0,0,15537,27,729,1,0,1,0,0,0,0,0,0,0,2,0,0,0,1,0,0,0,1,0,0,0,0
"160","3/28/2003",1977,"M","B","Plea","10/10/2003","12/9/2003",1,"pwid",0,"pcp","0",324,324,36,1,1,1,1,0,0,0,0,1,"12/22/2003",0,"0",0,"0",0,"0",0,"0",0,"0",0,"0",0,"0",0,"0",0,1175,52852,"2",17714,17898,18049,0,73,0,0,15792,26,676,1,0,1,0,0,0,0,0,0,0,2,0,0,0,0,0,1,0,1,0,1,1,11664
"161","6/29/2002",1970,"M","B","Plea","5/29/2003","7/28/2003",1,"dist",0,"cocaine","0",27,27,24,1,0,1,0,0,0,0,0,0,"0",0,"0",0,"0",0,"0",0,"0",0,"0",0,"0",0,"0",0,"0",0,107,108293,"1",17714,17898,18049,0,9999,0,0,15520,32,1024,1,0,1,0,0,0,0,0,0,0,2,0,0,1,0,0,0,0,0,1,1,1,648
"162","4/4/2003",1955,"M","B","Plea","5/20/2003","11/17/2003",1,"dist",0,"marijuana","0",6,6,12,0,0,0,0,0,0,0,0,1,"9/24/2003",1,"9/24/2003",0,"0",0,"0",1,"12/02/2003",1,"12/02/2003",0,"0",0,"0",0,"0",1,1189,56174,"2",17714,17898,18049,0,127,0,0,15799,48,2304,1,0,1,0,0,0,0,0,0,0,2,0,1,0,0,0,0,0,0,1,1,1,72
"163","6/27/2002",1962,"M","B","Plea","12/2/2002","8/22/2003",2,"pwid",0,"crack","heroin",9,9,18,1,1,1,1,1,1,1,1,0,"0",0,"0",0,"0",0,"0",0,"0",0,"0",0,"0",0,"0",1,"1/30/2004",0,104,32493,"1",17714,17898,18049,0,9999,0,0,15518,40,1600,1,0,1,0,0,0,0,0,0,0,2,0,0,0,1,1,0,0,1,0,1,1,162
"164","11/21/2002",1956,"M","B","Plea","7/11/2003","10/6/2003",1,"dist",1,"cocaine","0",27,27,24,1,1,1,1,1,1,1,1,0,"0",0,"0",0,"0",0,"0",0,"0",0,"0",0,"0",0,"0",0,"0",0,639,184717,"1",17714,17898,18049,0,9999,0,0,15665,46,2116,1,0,1,0,0,0,0,0,0,0,2,0,0,1,0,0,0,0,0,1,1,1,648
"165","6/5/2002",1977,"M","B","Plea","11/12/2002","1/17/2003",1,"dist",0,"crack","marijuana",12,12,18,1,0,1,0,0,0,0,0,0,"0",0,"0",0,"0",0,"0",0,"0",0,"0",0,"0",0,"0",0,"0",1,13,95154,"1",17714,17898,18049,0,9999,0,0,15496,25,625,1,0,1,0,0,0,0,0,0,0,2,0,1,0,1,0,0,0,0,1,1,1,216
"166","1/27/2003",1960,"M","B","Plea","9/22/2003","5/28/2004",2,"dist",1,"heroin","0",324,324,60,1,1,1,1,1,1,1,0,1,"8/30/2004",1,"8/30/2004",0,"0",0,"0",1,"9/07/2005",1,"9/07/2005",0,"0",0,"0",1,"10/10/2008",0,900,23953,"3",17714,17898,18049,0,343,0,0,15732,43,1849,1,0,1,0,0,0,0,0,0,0,2,0,0,0,0,1,0,0,0,1,1,1,19440
"167","3/12/2003",1944,"M","B","Plea","5/12/2003","7/30/2003",1,"dist",0,"cocaine","0",324,324,12,0,0,0,0,0,0,0,0,1,"8/11/2005",0,"0",0,"0",0,"0",0,"0",0,"0",0,"0",0,"0",0,"0",1,1134,44847,"2",17714,17898,18049,0,822,0,0,15776,59,3481,1,0,1,0,0,0,0,0,0,0,2,0,0,1,0,0,0,0,0,1,1,1,3888
"168","4/23/2003",1982,"M","B","Dismissed","2/25/2004","",3,"dist",1,"cocaine","0",0,0,0,1,1,1,1,1,0,1,0,1,"7/10/2004",1,"7/15/2005",1,"2/12/2005",1,"7/15/2005",0,"0",0,"0",0,"0",0,"0",0,"0",0,1234,65666,"3",17714,17898,18049,0,136,0,0,15818,21,441,1,0,1,0,0,0,0,0,0,0,2,0,0,1,0,0,0,0,0,1,0,0,0
"169","7/31/2002",1952,"M","B","Dismissed","12/20/2002","",1,"dist",1,"heroin","0",0,0,0,0,0,0,0,0,0,0,0,1,"1/25/2004",0,"0",0,"0",0,"0",0,"0",0,"0",0,"0",0,"0",0,"0",0,271,126073,"1",17714,17898,18049,0,401,0,0,15552,50,2500,1,0,1,0,0,0,0,0,0,0,2,0,0,0,0,1,0,0,0,1,0,0,0
"170","1/4/2003",1971,"M","W","Dismissed","9/10/2003","",1,"dist",0,"cocaine","0",0,0,0,0,0,0,0,0,0,0,0,0,"0",0,"0",0,"0",0,"0",0,"0",0,"0",0,"0",0,"0",0,"0",0,795,12691,"1",17714,17898,18049,0,9999,0,1,15709,32,1024,1,0,1,0,0,0,0,0,0,0,2,0,0,1,0,0,0,0,0,1,0,0,0
"171","7/11/2002",1966,"M","B","Plea","9/9/2003","9/9/2003",1,"dist",0,"pcp","0",6,6,0,1,1,1,1,1,1,1,1,0,"2/12/2008",0,"0",0,"0",0,"0",0,"0",0,"0",0,"0",0,"0",0,"0",1,163,114864,"1",17714,17898,18049,0,1617,0,0,15532,36,1296,1,0,1,0,0,0,0,0,0,0,2,0,0,0,0,0,1,0,0,1,1,0,0
"172","4/4/2003",1980,"M","B","Plea","5/20/2003","8/6/2003",2,"dist, pwid",0,"marijuana","cocaine",324,324,12,0,0,0,0,0,0,0,0,0,"0",0,"0",0,"0",0,"0",0,"0",0,"0",0,"0",0,"0",0,"0",1,1189,56174,"2",17714,17898,18049,0,9999,0,0,15799,23,529,1,0,1,0,0,0,0,0,0,0,2,0,1,1,0,0,0,0,1,1,1,1,3888
"173","1/24/2003",1979,"M","B","Plea","11/20/2003","11/20/2003",1,"dist",0,"cocaine","0",120,72,24,1,1,0,0,0,0,0,0,1,"4/5/2004",1,"4/05/2004",1,"11/19/2005",1,"11/19/2005",1,"1/24/2006",1,"1/24/2006",0,"0",0,"0",0,"0",0,885,23166,"2",17714,17898,18049,48,0,0,0,15729,24,576,1,0,1,0,0,0,0,0,0,0,2,1,0,1,0,0,0,0,0,1,1,1,1728
"174","1/15/2003",1973,"M","B","Plea","10/16/2003","7/12/2004",1,"dist",0,"heroin","0",324,276,24,1,1,0,0,1,1,0,0,0,"0",0,"0",0,"0",0,"0",0,"0",0,"0",0,"0",0,"0",0,"0",0,852,19101,"3",17714,17898,18049,48,9999,0,0,15720,30,900,1,0,1,0,0,0,0,0,0,0,2,1,0,0,0,1,0,0,0,1,1,1,6624
"175","12/19/2002",1978,"M","B","Plea","3/7/2003","11/4/2004",1,"dist",0,"marijuana","0",24,0,0,1,1,1,1,1,1,1,1,0,"0",0,"0",0,"0",0,"0",0,"0",0,"0",0,"0",0,"0",0,"0",0,756,198901,"1",17714,17898,18049,24,9999,0,0,15693,24,576,1,0,1,0,0,0,0,0,0,0,2,1,1,0,0,0,0,0,0,1,1,0,0
"176","3/6/2003",1980,"M","B","Plea","7/27/2003","2/9/2004",3,"dist, pwid",0,"marijuana","cocaine",324,324,24,1,1,1,1,0,0,0,0,1,"11/6/2004",1,"11/06/2004",1,"11/02/2007",1,"11/02/2007",0,"0",0,"0",0,"0",0,"0",0,"0",0,1108,41713,"2",17714,17898,18049,0,468,0,0,15770,23,529,1,0,1,0,0,0,0,0,0,0,2,0,1,1,0,0,0,0,1,1,1,1,7776
"177","1/25/2003",1977,"M","B","Plea","7/29/2003","9/24/2003",1,"dist",0,"cocaine","0",324,324,12,1,1,1,1,1,1,1,1,1,"5/2/2004",1,"5/02/2004",1,"12/22/2005",1,"12/22/2005",1,"2/21/2006",1,"2/21/2006",1,"2/21/2006",1,"2/21/2006",0,"0",0,890,23601,"3",17714,17898,18049,0,278,0,0,15730,26,676,1,0,1,0,0,0,0,0,0,0,2,0,0,1,0,0,0,0,0,1,1,1,3888
"178","11/23/2002",1965,"M","B","Plea","8/13/2003","10/3/2003",1,"pwid",0,"pcp","0",27,27,24,1,1,1,1,0,0,0,0,1,"8/20/2005",0,"0",0,"0",0,"0",0,"0",0,"0",0,"0",0,"0",0,"0",0,652,186341,"1",17714,17898,18049,0,738,0,0,15667,37,1369,1,0,1,0,0,0,0,0,0,0,2,0,0,0,0,0,1,0,1,0,1,1,648
"179","6/8/2002",1971,"M","B","Plea","12/12/2002","2/28/2003",2,"dist, pwid",0,"cocaine","0",12,0,0,1,1,1,1,1,1,1,1,1,"8/29/2005",0,"0",0,"0",0,"0",0,"0",0,"0",0,"0",0,"0",0,"0",0,39,96615,"1",17714,17898,18049,12,631,0,0,15499,31,961,1,0,1,0,0,0,0,0,0,0,2,1,0,1,0,0,0,0,1,1,1,0,0
"180","7/7/2002",1958,"M","B","Plea","12/17/2002","4/18/2003",1,"dist",0,"marijuana","0",36,36,24,1,1,1,1,1,1,1,1,0,"0",0,"0",0,"0",0,"0",0,"0",0,"0",0,"0",0,"0",0,"0",0,140,112432,"1",17714,17898,18049,0,9999,0,0,15528,44,1936,1,0,1,0,0,0,0,0,0,0,2,0,1,0,0,0,0,0,0,1,1,1,864
"181","11/30/2002",1984,"M","B","Dismissed","12/3/2003","",1,"pwid",0,"crack","0",0,0,0,0,0,0,0,0,0,0,0,1,"5/3/2004",1,"5/03/2004",1,"2/10/2005",1,"2/10/2005",1,"7/29/2005",1,"7/29/2005",1,"7/29/2005",1,"7/29/2005",0,"0",0,680,189447,"1",17714,17898,18049,0,152,0,0,15674,18,324,1,0,1,0,0,0,0,0,0,0,2,0,0,0,1,0,0,0,1,0,0,0,0
"182","2/15/2003",1978,"M","B","Plea","4/22/2003","6/25/2003",1,"dist",0,"cocaine","0",24,0,0,1,1,1,1,1,1,1,1,0,"0",0,"0",0,"0",0,"0",0,"0",0,"0",0,"0",0,"0",0,"0",0,1022,33915,"3",17714,17898,18049,24,9999,0,0,15751,25,625,1,0,1,0,0,0,0,0,0,0,2,1,0,1,0,0,0,0,0,1,1,0,0
"183","3/10/2003",1961,"M","B","Plea","6/13/2003","10/30/2003",1,"dist",0,"heroin","0",324,324,22,1,1,1,1,1,1,1,1,0,"0",0,"0",0,"0",0,"0",0,"0",0,"0",0,"0",0,"0",0,"0",1,1124,43281,"2",17714,17898,18049,0,9999,0,0,15774,42,1764,1,0,1,0,0,0,0,0,0,0,2,0,0,0,0,1,0,0,0,1,1,1,7128
"184","1/30/2003",1955,"M","B","Plea","4/7/2003","7/11/2003",1,"dist",0,"crack","0",324,324,24,1,1,1,1,1,1,1,1,0,"6/6/2007",0,"0",0,"0",0,"0",0,"0",0,"0",0,"0",0,"0",0,"0",0,932,26077,"2",17714,17898,18049,0,1521,0,0,15735,48,2304,1,0,1,0,0,0,0,0,0,0,2,0,0,0,1,0,0,0,0,1,1,1,7776
"185","2/15/2003",1982,"M","W","Plea","10/15/2004","2/16/2005",1,"pwid",0,"cocaine","0",20,0,0,1,1,1,1,1,1,1,1,0,"0",0,"0",0,"0",0,"0",0,"0",0,"0",0,"0",0,"0",0,"0",0,1025,33939,"3",17714,17898,18049,20,9999,0,1,15751,21,441,1,0,1,0,0,0,0,0,0,0,2,1,0,1,0,0,0,0,1,0,1,0,0
"186","12/14/2002",1975,"F","B","Plea","5/28/2003","8/7/2003",1,"dist",0,"cocaine","0",27,27,12,1,1,1,0,1,0,0,0,0,"0",0,"0",0,"0",0,"0",0,"0",0,"0",0,"0",0,"0",0,"0",1,729,196305,"1",17714,17898,18049,0,9999,1,0,15688,27,729,1,0,1,0,0,0,0,0,0,0,2,0,0,1,0,0,0,0,0,1,1,1,324
"187","12/3/2002",1939,"M","B","Plea","6/20/2003","3/5/2004",1,"pwid",0,"heroin","0",27,27,24,1,1,1,1,1,1,1,1,1,"2/5/2007",1,"2/05/2007",1,"2/05/2007",1,"2/05/2007",0,"0",0,"0",0,"0",0,"0",0,"0",0,691,190974,"1",17714,17898,18049,0,1326,0,0,15677,63,3969,1,0,1,0,0,0,0,0,0,0,2,0,0,0,0,1,0,0,1,0,1,1,648
"188","3/18/2003",1976,"M","B","Plea","11/19/2003","3/12/2004",1,"dist",0,"heroin","0",36,0,0,1,1,1,1,1,1,1,1,1,"1/25/2006",1,"1/25/2006",0,"0",0,"0",1,"3/21/2006",1,"3/21/2006",0,"0",0,"0",0,"0",0,1150,47879,"2",17714,17898,18049,36,0,0,0,15782,27,729,1,0,1,0,0,0,0,0,0,0,2,1,0,0,0,1,0,0,0,1,1,0,0
"189","3/14/2003",1964,"M","B","Dismissed","8/18/2003","0",2,"pwid",0,"crack","heroin",0,0,0,1,1,1,1,1,1,1,1,1,"12/9/2003",0,"0",1,"9/20/2007",0,"0",0,"0",0,"0",0,"0",0,"0",0,"0",0,1143,45868,"2",17714,17898,18049,0,113,0,0,15778,39,1521,1,0,1,0,0,0,0,0,0,0,2,0,0,0,1,1,0,0,1,0,0,0,0
"190","1/3/2003",1980,"M","B","Plea","2/28/2003","3/6/2003",1,"pwid",0,"pcp","0",30,0,0,1,1,1,1,1,1,1,1,0,"0",0,"0",0,"0",0,"0",0,"0",0,"0",0,"0",0,"0",0,"0",0,791,13324,"1",17714,17898,18049,30,9999,0,0,15708,23,529,1,0,1,0,0,0,0,0,0,0,2,1,0,0,0,0,1,0,1,0,1,0,0
"191","12/13/2002",1958,"M","B","Plea","9/8/2003","2/13/2004",1,"dist",0,"marijuana","0",12,12,24,1,0,1,0,1,0,1,0,0,"0",0,"0",0,"0",0,"0",0,"0",0,"0",0,"0",0,"0",0,"0",0,722,195808,"1",17714,17898,18049,0,9999,0,0,15687,44,1936,1,0,1,0,0,0,0,0,0,0,2,0,1,0,0,0,0,0,0,1,1,1,288
"192","12/14/2002",1972,"M","W","Plea","4/21/2003","9/3/2003",1,"dist",0,"cocaine","0",27,27,24,1,1,1,1,1,1,0,0,1,"11/25/2005",0,"0",0,"0",0,"0",0,"0",0,"0",0,"0",0,"0",0,"0",1,729,196305,"1",17714,17898,18049,0,949,0,1,15688,30,900,1,0,1,0,0,0,0,0,0,0,2,0,0,1,0,0,0,0,0,1,1,1,648
"193","3/13/2003",1968,"M","B","Plea","7/13/2004","7/13/2004",2,"dist, pwid",0,"heroin","0",6,0,0,1,1,1,1,1,1,1,1,1,"5/8/2008",0,"0",1,"5/08/2008",0,"0",1,"8/18/2008",0,"0",1,"8/18/2008",0,"0",0,"0",0,1139,45280,"3",17714,17898,18049,6,1215,0,0,15777,35,1225,1,0,1,0,0,0,0,0,0,0,2,1,0,0,0,1,0,0,1,1,1,0,0
"194","3/17/2003",1952,"M","B","Plea","5/12/2003","8/5/2003",2,"pwid",0,"crack","heroin",26,0,0,1,1,1,1,1,1,1,1,0,"7/9/2008",0,"0",1,"7/09/2008",0,"0",1,"10/22/2008",0,"0",0,"0",0,"0",0,"0",0,1146,47140,"3",17714,17898,18049,26,1105,0,0,15781,51,2601,1,0,1,0,0,0,0,0,0,0,2,1,0,0,1,1,0,0,1,0,1,0,0
"195","12/11/2002",1970,"M","B","Plea","8/8/2003","8/8/2003",1,"pwid",0,"marijuana","0",36,36,12,1,0,1,0,0,0,0,0,0,"0",0,"0",0,"0",0,"0",0,"0",0,"0",0,"0",0,"0",0,"0",0,718,186141,"1",17714,17898,18049,0,9999,0,0,15685,32,1024,1,0,1,0,0,0,0,0,0,0,2,0,1,0,0,0,0,0,1,0,1,1,432
"196","7/2/2002",1957,"M","B","Dismissed","7/30/2002","",1,"pwid",0,"marijuana","0",0,0,0,1,1,0,0,1,1,0,0,0,"0",0,"0",0,"0",0,"0",0,"0",0,"0",0,"0",0,"0",0,"0",0,122,NA,"1",17714,17898,18049,0,9999,0,0,15523,45,2025,1,0,1,0,0,0,0,0,0,0,2,0,1,0,0,0,0,0,1,0,0,0,0
"197","7/11/2002",1983,"M","B","Plea","1/21/2003","3/14/2003",1,"dist",0,"pcp","0",15,15,12,1,0,0,0,0,0,0,0,0,"0",0,"0",0,"0",0,"0",0,"0",0,"0",0,"0",0,"0",0,"0",1,163,114864,"1",17714,17898,18049,0,9999,0,0,15532,19,361,1,0,1,0,0,0,0,0,0,0,2,0,0,0,0,0,1,0,0,1,1,1,180
"198","6/5/2002",1957,"F","B","Plea","11/12/2002","8/22/2003",1,"dist",0,"crack","cocaine",15,15,18,1,0,0,0,1,0,0,0,0,"0",0,"0",0,"0",0,"0",0,"0",0,"0",0,"0",0,"0",0,"0",1,13,95154,"1",17714,17898,18049,0,9999,1,0,15496,45,2025,1,0,1,0,0,0,0,0,0,0,2,0,0,1,1,0,0,0,0,1,1,1,270
"199","9/23/2002",1945,"M","B","Plea","6/17/2004","9/14/2004",1,"dist",0,"heroin","0",36,0,0,1,1,1,1,1,1,1,0,0,"0",0,"0",0,"0",0,"0",0,"0",0,"0",0,"0",0,"0",0,"0",0,453,154430,"1",17714,17898,18049,36,9999,0,0,15606,57,3249,1,0,1,0,0,0,0,0,0,0,2,1,0,0,0,1,0,0,0,1,1,0,0
"200","1/11/2003",1961,"M","B","Plea","12/2/2003","12/8/2004",1,"dist",0,"heroin","0",60,60,48,1,1,1,1,1,1,1,1,1,"1/21/2004",1,"8/03/2004",0,"0",0,"0",1,"10/08/2004",1,"10/08/2004",0,"0",0,"0",1,"10/25/2006",0,834,17171,"3",17714,17898,18049,0,50,0,0,15716,42,1764,1,0,1,0,0,0,0,0,0,0,2,0,0,0,0,1,0,0,0,1,1,1,2880
"201","3/3/2003",1955,"M","B","Plea","6/20/2003","1/9/2004",2,"dist, pwid",0,"cocaine","0",324,324,36,1,1,1,1,1,1,1,1,1,"1/29/2007",1,"1/29/2007",1,"1/29/2007",1,"1/29/2007",0,"0",0,"0",0,"0",0,"0",0,"0",0,1086,39847,"3",17714,17898,18049,0,1319,0,0,15767,48,2304,1,0,1,0,0,0,0,0,0,0,2,0,0,1,0,0,0,0,1,1,1,1,11664
"202","2/28/2003",1958,"M","B","Dismissed","6/17/2003","0",1,"dist",0,"heroin","0",0,0,0,1,1,1,1,1,1,1,1,1,"8/7/2003",1,"8/07/2003",1,"8/07/2003",1,"8/07/2003",1,"6/25/2004",1,"6/25/2004",1,"9/15/2005",0,"0",0,"0",0,1078,39003,"2",17714,17898,18049,0,51,0,0,15764,45,2025,1,0,1,0,0,0,0,0,0,0,2,0,0,0,0,1,0,0,0,1,0,0,0
"203","7/18/2002",1971,"M","B","Dismissed","10/3/2002","",1,"pwid",0,"cocaine","0",0,0,0,1,1,1,1,0,0,0,0,0,"7/6/2008",0,"0",0,"0",0,"0",0,"0",0,"0",0,"0",0,"0",0,"0",0,205,118748,"1",17714,17898,18049,0,2103,0,0,15539,31,961,1,0,1,0,0,0,0,0,0,0,2,0,0,1,0,0,0,0,1,0,0,0,0
"204","7/17/2002",1964,"M","B","Plea","3/4/2003","5/30/2003",1,"dist",0,"heroin","0",27,27,12,1,1,1,1,1,1,1,1,1,"1/12/2005",0,"0",1,"1/12/2005",0,"0",1,"3/01/2005",0,"0",1,"3/01/2005",0,"0",0,"0",0,198,118131,"1",17714,17898,18049,0,680,0,0,15538,38,1444,1,0,1,0,0,0,0,0,0,0,2,0,0,0,0,1,0,0,0,1,1,1,324
"205","12/30/2002",1953,"M","B","Plea","4/10/2003","7/29/2003",2,"dist, pwid",0,"heroin","0",48,0,0,1,1,1,1,1,1,1,1,0,"0",0,"0",0,"0",0,"0",0,"0",0,"0",0,"0",0,"0",0,"0",0,780,203429,"1",17714,17898,18049,48,9999,0,0,15704,49,2401,1,0,1,0,0,0,0,0,0,0,2,1,0,0,0,1,0,0,1,1,1,0,0
"206","1/30/2003",1967,"M","B","Dismissed","5/5/2003","0",1,"pwid",0,"pcp","0",0,0,0,1,1,1,1,1,1,1,1,1,"11/30/2004",1,"11/30/2004",0,"0",0,"0",1,"6/07/2005",1,"6/07/2005",0,"0",0,"0",0,"0",0,939,26195,"2",17714,17898,18049,0,575,0,0,15735,36,1296,1,0,1,0,0,0,0,0,0,0,2,0,0,0,0,0,1,0,1,0,0,0,0
"207","7/12/2002",1979,"M","B","Plea","12/11/2002","2/28/2003",1,"dist",0,"cocaine","0",12,12,18,1,0,1,0,1,0,0,0,1,"8/12/2003",0,"0",0,"0",0,"0",0,"0",0,"0",0,"0",0,"0",0,"0",0,174,115480,"1",17714,17898,18049,0,244,0,0,15533,23,529,1,0,1,0,0,0,0,0,0,0,2,0,0,1,0,0,0,0,0,1,1,1,216
"208","9/9/2002",1968,"M","B","Plea","11/7/2002","1/10/2003",1,"dist",0,"heroin","0",15,15,18,1,1,1,1,1,1,1,1,0,"0",0,"0",0,"0",0,"0",0,"0",0,"0",0,"0",0,"0",0,"0",0,395,146970,"1",17714,17898,18049,0,9999,0,0,15592,34,1156,1,0,1,0,0,0,0,0,0,0,2,0,0,0,0,1,0,0,0,1,1,1,270
"209","2/5/2003",1965,"M","B","Plea","3/3/2003","7/29/2003",1,"dist",0,"cocaine","0",324,324,60,1,1,1,1,1,1,1,0,0,"12/21/2008",0,"0",0,"0",0,"0",0,"0",0,"0",0,"0",0,"0",0,"0",0,975,29222,"3",17714,17898,18049,0,2120,0,0,15741,38,1444,1,0,1,0,0,0,0,0,0,0,2,0,0,1,0,0,0,0,0,1,1,1,19440
"210","6/10/2002",1976,"M","B","Dismissed","1/13/2004","",1,"pwid",0,"crack","0",0,0,0,1,1,1,1,1,1,1,1,1,"9/2/2004",1,"9/02/2004",1,"9/02/2004",1,"9/02/2004",1,"10/26/2004",1,"10/26/2004",1,"10/26/2004",1,"10/26/2004",0,"0",0,42,30257,"1",17714,17898,18049,0,233,0,0,15501,26,676,1,0,1,0,0,0,0,0,0,0,2,0,0,0,1,0,0,0,1,0,0,0,0
"211","2/1/2003",1966,"M","B","Plea","4/16/2004","2/25/2005",1,"dist",0,"crack","0",30,30,24,1,1,1,1,1,1,1,1,1,"9/28/2004",1,"9/28/2004",0,"0",0,"0",1,"10/29/2004",1,"10/29/2004",0,"0",0,"0",1,"5/24/2005",0,953,27139,"3",17714,17898,18049,0,165,0,0,15737,37,1369,1,0,1,0,0,0,0,0,0,0,2,0,0,0,1,0,0,0,0,1,1,1,720
"212","2/6/2003",1981,"M","B","Plea","9/15/2003","11/14/2003",1,"dist",0,"heroin","0",324,324,24,1,1,0,0,1,1,0,0,0,"0",0,"0",0,"0",0,"0",0,"0",0,"0",0,"0",0,"0",1,"5/26/2004",0,983,29766,"2",17714,17898,18049,0,9999,0,0,15742,22,484,1,0,1,0,0,0,0,0,0,0,2,0,0,0,0,1,0,0,0,1,1,1,7776
"213","1/22/2003",1966,"M","B","Jury trial guilty","7/3/2003","9/30/2003",1,"dist",0,"cocaine","0",132,0,0,1,1,1,1,1,1,1,1,0,"0",0,"0",0,"0",0,"0",0,"0",0,"0",0,"0",0,"0",0,"0",0,878,22194,"2",17714,17898,18049,132,9999,0,0,15727,37,1369,1,0,1,0,0,0,0,0,0,0,2,1,0,1,0,0,0,0,0,1,1,0,0
"214","9/16/2002",1959,"M","B","Plea","12/17/2002","6/20/2003",1,"dist",0,"heroin","0",36,0,0,1,1,1,1,1,1,1,1,0,"0",0,"0",0,"0",0,"0",0,"0",0,"0",0,"0",0,"0",0,"0",1,426,150617,"1",17714,17898,18049,36,9999,0,0,15599,43,1849,1,0,1,0,0,0,0,0,0,0,2,1,0,0,0,1,0,0,0,1,1,0,0
"215","3/5/2003",1967,"F","B","Plea","4/28/2003","1/9/2004",1,"dist",0,"cocaine","0",324,324,36,1,1,1,1,1,1,1,1,1,"9/4/2003",1,"9/04/2003",0,"0",0,"0",1,"9/24/2003",1,"9/24/2003",0,"0",0,"0",1,"2/13/2004",0,1101,41395,"3",17714,17898,18049,0,129,1,0,15769,36,1296,1,0,1,0,0,0,0,0,0,0,2,0,0,1,0,0,0,0,0,1,1,1,11664
"216","12/16/2002",1962,"F","B","Plea","5/22/2003","8/11/2003",1,"dist",0,"heroin","0",27,27,24,1,1,1,0,1,0,0,0,1,"1/11/2007",0,"0",1,"1/11/2007",0,"0",0,"0",0,"0",0,"0",0,"0",1,"4/16/2004",0,731,196728,"1",17714,17898,18049,0,1330,1,0,15690,40,1600,1,0,1,0,0,0,0,0,0,0,2,0,0,0,0,1,0,0,0,1,1,1,648
"217","8/22/2002",1974,"M","B","Plea","2/26/2003","2/26/2003",2,"pwid",0,"cocaine","heroin",6,6,12,1,1,1,1,1,1,1,1,1,"7/17/2004",1,"7/17/2004",1,"7/17/2004",1,"7/17/2004",1,"5/31/2005",1,"5/31/2005",1,"5/31/2005",1,"5/31/2005",0,"0",0,347,138048,"1",17714,17898,18049,0,507,0,0,15574,28,784,1,0,1,0,0,0,0,0,0,0,2,0,0,1,0,1,0,0,1,0,1,1,72
"218","3/5/2003",1976,"M","B","Plea","4/22/2003","6/17/2003",1,"pwid",0,"marijuana","0",36,36,12,1,1,1,1,1,1,1,1,0,"0",0,"0",0,"0",0,"0",0,"0",0,"0",0,"0",0,"0",0,"0",0,1104,41427,"3",17714,17898,18049,0,9999,0,0,15769,27,729,1,0,1,0,0,0,0,0,0,0,2,0,1,0,0,0,0,0,1,0,1,1,432
"219","2/14/2003",1973,"M","B","Plea","6/20/2003","9/12/2003",1,"dist",0,"marijuana","0",12,6.16699981689453,12,1,1,1,1,1,1,1,1,1,"8/11/2003",1,"8/11/2003",1,"8/11/2003",1,"8/11/2003",1,"9/12/2003",1,"9/12/2003",1,"9/12/2003",1,"9/12/2003",0,"0",0,1015,33466,"2",17714,17898,18049,5.83300018310547,0,0,0,15750,30,900,1,0,1,0,0,0,0,0,0,0,2,1,1,0,0,0,0,0,0,1,1,1,74.0039978027344
"220","6/6/2002",1975,"M","B","Dismissed","7/8/2002","",1,"pwid",0,"cocaine","0",0,0,0,1,0,1,0,0,0,0,0,0,"0",0,"0",0,"0",0,"0",0,"0",0,"0",0,"0",0,"0",0,"0",0,23,95796,"1",17714,17898,18049,0,9999,0,0,15497,27,729,1,0,1,0,0,0,0,0,0,0,2,0,0,1,0,0,0,0,1,0,0,0,0
"221","4/28/2003",1956,"W","B","Jury trial not guilty","1/30/2004","0",2,"dist",0,"cocaine","0",0,0,0,0,0,0,0,0,0,0,0,1,"6/17/2007",0,"0",0,"0",0,"0",0,"0",0,"0",0,"0",0,"0",0,"0",0,1168,50600,"2",17714,17898,18049,0,1234,0,0,15823,47,2209,1,0,1,0,0,0,0,0,0,0,2,0,0,1,0,0,0,0,0,1,0,0,0
"222","1/10/2003",1935,"M","B","Dismissed","2/14/2003","0",1,"pwid",0,"heroin","0",0,0,0,1,0,0,0,1,0,0,0,0,"0",0,"0",0,"0",0,"0",0,"0",0,"0",0,"0",0,"0",0,"0",0,828,16538,"2",17714,17898,18049,0,9999,0,0,15715,68,4624,1,0,1,0,0,0,0,0,0,0,2,0,0,0,0,1,0,0,1,0,0,0,0
"223","3/10/2003",1958,"M","B","Plea","5/20/2003","9/12/2003",1,"dist",0,"heroin","0",6,6,12,1,1,1,1,0,0,0,0,1,"3/16/2006",0,"0",0,"0",0,"0",0,"0",0,"0",0,"0",0,"0",0,"0",1,1124,43281,"2",17714,17898,18049,0,1031,0,0,15774,45,2025,1,0,1,0,0,0,0,0,0,0,2,0,0,0,0,1,0,0,0,1,1,1,72
"224","11/20/2002",1979,"M","B","Dismissed","11/13/2003","",1,"dist",0,"cocaine","0",0,0,0,0,0,0,0,0,0,0,0,1,"11/12/2005",0,"0",0,"0",0,"0",0,"0",0,"0",0,"0",0,"0",0,"0",0,634,184717,"1",17714,17898,18049,0,730,0,0,15664,23,529,1,0,1,0,0,0,0,0,0,0,2,0,0,1,0,0,0,0,0,1,0,0,0
"225","10/24/2002",1978,"M","B","Plea","3/4/2003","5/30/2003",2,"dist",0,"cocaine","marijuana",27,27,12,1,1,0,0,1,1,0,0,1,"9/5/2005",0,"0",0,"0",0,"0",0,"0",0,"0",0,"0",0,"0",0,"0",0,536,170853,"1",17714,17898,18049,0,916,0,0,15637,24,576,1,0,1,0,0,0,0,0,0,0,2,0,1,1,0,0,0,0,0,1,1,1,324
"226","6/7/2002",1952,"M","B","Dismissed","9/20/2002","",1,"pwid",0,"heroin","0",0,0,0,1,1,1,1,1,1,1,1,0,"0",0,"0",0,"0",0,"0",0,"0",0,"0",0,"0",0,"0",0,"0",0,31,29883,"1",17714,17898,18049,0,9999,0,0,15498,50,2500,1,0,1,0,0,0,0,0,0,0,2,0,0,0,0,1,0,0,1,0,0,0,0
"227","1/13/2003",1958,"M","B","Plea","12/11/2003","12/11/2003",1,"dist",0,"heroin","0",6,6,1,1,1,1,0,1,1,0,0,0,"0",0,"0",0,"0",0,"0",0,"0",0,"0",0,"0",0,"0",0,"0",1,837,17509,"3",17714,17898,18049,0,9999,0,0,15718,45,2025,1,0,1,0,0,0,0,0,0,0,2,0,0,0,0,1,0,0,0,1,1,1,6
"228","12/4/2002",1955,"M","B","Plea","8/12/2003","10/30/2003",1,"dist",0,"marijuana","0",6,6,24,1,1,1,1,1,1,1,1,0,"0",0,"0",0,"0",0,"0",0,"0",0,"0",0,"0",0,"0",0,"0",0,693,191591,"1",17714,17898,18049,0,9999,0,0,15678,47,2209,1,0,1,0,0,0,0,0,0,0,2,0,1,0,0,0,0,0,0,1,1,1,144
"229","1/31/2003",1972,"M","B","Plea","4/11/2003","7/29/2003",1,"dist",0,"cocaine","0",324,324,12,1,0,0,0,0,0,0,0,0,"0",0,"0",0,"0",0,"0",0,"0",0,"0",0,"0",0,"0",0,"0",0,951,27074,"3",17714,17898,18049,0,9999,0,0,15736,31,961,1,0,1,0,0,0,0,0,0,0,2,0,0,1,0,0,0,0,0,1,1,1,3888
"230","5/3/2003",1980,"W","B","Dismissed","10/24/2003","0",1,"pwid",0,"cocaine","0",0,0,0,1,1,0,0,1,1,0,0,1,"5/6/2005",1,"5/06/2005",1,"5/06/2005",1,"5/06/2005",1,"11/01/2005",1,"11/01/2005",1,"11/01/2005",1,"11/01/2005",0,"0",0,1269,70377,"2",17714,17898,18049,0,560,0,0,15828,23,529,1,0,1,0,0,0,0,0,0,0,2,0,0,1,0,0,0,0,1,0,0,0,0
"231","2/21/2003",1975,"M","B","Plea","7/30/2003","10/9/2003",1,"dist",0,"cocaine","0",84,0,0,1,1,1,1,1,1,1,1,0,"0",0,"0",0,"0",0,"0",0,"0",0,"0",0,"0",0,"0",0,"0",0,1038,35860,"3",17714,17898,18049,84,9999,0,0,15757,28,784,1,0,1,0,0,0,0,0,0,0,2,1,0,1,0,0,0,0,0,1,1,0,0
"232","10/21/2002",1977,"M","B","DWP","12/17/2002","",1,"dist",0,"cocaine","0",0,0,0,1,0,0,0,0,0,0,0,0,"0",0,"0",0,"0",0,"0",0,"0",0,"0",0,"0",0,"0",0,"0",0,519,168733,"1",17714,17898,18049,0,9999,0,0,15634,25,625,1,0,1,0,0,0,0,0,0,0,2,0,0,1,0,0,0,0,0,1,0,0,0
"233","2/27/2003",1944,"M","B","Plea","5/12/2003","9/3/2003",1,"dist",0,"cocaine","0",324,324,12,1,1,1,1,1,1,1,1,0,"0",0,"0",0,"0",0,"0",0,"0",0,"0",0,"0",0,"0",0,"0",0,1072,38589,"3",17714,17898,18049,0,9999,0,0,15763,59,3481,1,0,1,0,0,0,0,0,0,0,2,0,0,1,0,0,0,0,0,1,1,1,3888
"234","6/8/2002",1955,"M","B","Plea","7/31/2003","11/18/2003",2,"dist, pwid",0,"cocaine","0",60,60,12,1,1,1,0,0,0,0,0,0,"9/13/2007",0,"0",0,"0",0,"0",0,"0",0,"0",0,"0",0,"0",0,"0",0,34,96615,"1",17714,17898,18049,0,1505,0,0,15499,47,2209,1,0,1,0,0,0,0,0,0,0,2,0,0,1,0,0,0,0,1,1,1,1,720
"235","9/5/2002",1974,"M","B","Plea","10/31/2002","1/14/2003",1,"dist",1,"marijuana","0",24.3330001831055,19.3330001831055,24,1,0,1,0,1,0,1,0,0,"0",0,"0",0,"0",0,"0",0,"0",0,"0",0,"0",0,"0",0,"0",0,380,NA,"1",17714,17898,18049,5,9999,0,0,15588,28,784,1,0,0,1,0,0,0,0,0,0,3,1,1,0,0,0,0,0,0,1,1,1,463.992004394531
"236","4/2/2003",1985,"M","B","Plea","6/9/2003","9/5/2003",1,"dist",0,"crack","0",36,34,36,0,0,0,0,0,0,0,0,1,"12/19/2003",0,"0",0,"0",0,"0",0,"0",0,"0",0,"0",0,"0",0,"0",0,1181,55151,"2",17714,17898,18049,2,133,0,0,15797,18,324,1,0,0,1,0,0,0,0,0,0,3,1,0,0,1,0,0,0,0,1,1,1,1224
"237","1/27/2003",1957,"M","B","Plea","3/12/2003","5/16/2003",1,"dist",0,"cocaine","0",24,0,0,1,1,1,1,1,1,1,1,0,"7/24/2007",0,"0",0,"0",0,"0",0,"0",0,"0",0,"0",0,"0",0,"0",0,901,23962,"3",17714,17898,18049,24,875,0,0,15732,46,2116,1,0,0,1,0,0,0,0,0,0,3,1,0,1,0,0,0,0,0,1,1,0,0
"238","6/1/2002",1981,"M","B","Plea","10/15/2002","",1,"dist",0,"heroin","0",84,48,24,1,1,1,1,1,1,1,1,1,"10/27/2005",1,"10/27/2005",1,"10/27/2005",1,"10/27/2005",0,"0",0,"0",0,"0",0,"0",0,"0",0,1,92835,"1",17714,17898,18049,36,28,0,0,15492,21,441,1,0,0,1,0,0,0,0,0,0,3,1,0,0,0,1,0,0,0,1,1,1,1152
"239","8/19/2002",1983,"M","B","Plea","4/7/2003","6/9/2003",1,"dist",0,"crack","0",84,60,36,1,1,1,1,1,1,1,1,1,"8/22/2004",0,"0",0,"0",0,"0",0,"0",0,"0",0,"0",0,"0",0,"0",0,338,135824,"1",17714,17898,18049,24,0,0,0,15571,19,361,1,0,0,1,0,0,0,0,0,0,3,1,0,0,1,0,0,0,0,1,1,1,2160
"240","2/26/2003",1951,"M","B","Plea","4/15/2004","6/15/2004",1,"dist",0,"heroin","0",5,0,0,1,1,1,1,1,1,1,1,1,"11/2/2005",1,"11/02/2005",1,"11/02/2005",1,"11/02/2005",1,"7/10/2006",1,"7/10/2006",1,"7/10/2006",1,"7/10/2006",0,"0",1,1066,38130,"2",17714,17898,18049,5,416,0,0,15762,52,2704,1,0,0,1,0,0,0,0,0,0,3,1,0,0,0,1,0,0,0,1,1,0,0
"241","12/13/2002",1981,"M","B","Plea","4/2/2003","4/9/2003",3,"dist, pwid",0,"cocaine","marijuana",6,2,24,1,1,1,1,1,1,0,0,1,"6/12/2004",1,"6/12/2004",1,"8/14/2004",1,"8/14/2004",0,"0",0,"0",0,"0",0,"0",1,"10/27/2004",0,727,195781,"1",17714,17898,18049,4,317,0,0,15687,21,441,1,0,0,1,0,0,0,0,0,0,3,1,1,1,0,0,0,0,1,1,1,1,48
"242","2/26/2003",1954,"M","B","Plea","8/18/2003","10/20/2003",1,"dist",0,"heroin","0",36,0,0,1,1,1,1,1,1,1,1,0,"8/25/2008",1,"11/15/2008",1,"8/25/2008",1,"11/15/2008",1,"10/08/2008",0,"0",1,"10/08/2008",0,"0",0,"0",1,1066,38130,"2",17714,17898,18049,36,754,0,0,15762,49,2401,1,0,0,1,0,0,0,0,0,0,3,1,0,0,0,1,0,0,0,1,1,0,0
"243","1/27/2003",1978,"M","B","Plea","3/27/2003","6/16/2003",1,"dist",0,"cocaine","0",48,36,24,1,1,1,1,1,1,0,0,1,"4/13/2005",1,"5/05/2005",1,"4/13/2005",1,"5/05/2005",1,"8/19/2005",1,"8/19/2005",1,"8/19/2005",1,"8/19/2005",0,"0",0,899,23894,"3",17714,17898,18049,12,388,0,0,15732,25,625,1,0,0,1,0,0,0,0,0,0,3,1,0,1,0,0,0,0,0,1,1,1,864
"244","8/12/2002",1958,"M","B","Plea","12/9/2002","4/17/2003",1,"pwid",0,"marijuana","0",15,0,0,1,1,1,1,1,1,1,1,1,"12/4/2004",0,"0",1,"12/04/2004",0,"0",0,"0",0,"0",0,"0",0,"0",0,"0",0,316,131968,"1",17714,17898,18049,15,276,0,0,15564,44,1936,1,0,0,1,0,0,0,0,0,0,3,1,1,0,0,0,0,0,1,0,1,0,0
"245","5/1/2003",1970,"M","B","Jury trial guilty","7/28/2003","10/1/2003",2,"dist",1,"marijuana","0",30,0,0,1,1,1,1,1,1,1,1,1,"11/18/2006",1,"11/18/2006",1,"11/18/2006",1,"11/18/2006",0,"0",0,"0",0,"0",0,"0",0,"0",0,1264,69755,"2",17714,17898,18049,30,309,0,0,15826,33,1089,1,0,0,1,0,0,0,0,0,0,3,1,1,0,0,0,0,0,0,1,1,0,0
"246","2/10/2003",1961,"M","B","Plea","4/9/2003","6/9/2003",3,"pwid",0,"cocaine","heroin",6,6,24,0,0,0,0,0,0,0,0,1,"3/9/2005",0,"0",0,"0",0,"0",0,"0",0,"0",0,"0",0,"0",0,"0",0,993,31042,"2",17714,17898,18049,0,700,0,0,15746,42,1764,1,0,0,1,0,0,0,0,0,0,3,0,0,1,0,1,0,0,1,0,1,1,144
"247","7/18/2002",1957,"F","B","Jury trial guilty","7/1/2003","10/10/2003",1,"pwid",0,"crack","0",12,0,0,0,0,0,0,0,0,0,0,0,"0",0,"0",0,"0",0,"0",0,"0",0,"0",0,"0",0,"0",0,"0",0,209,118808,"1",17714,17898,18049,12,9999,1,0,15539,45,2025,1,0,0,1,0,0,0,0,0,0,3,1,0,0,1,0,0,0,1,0,1,0,0
"248","7/3/2002",1981,"F","B","Jury trial not guilty","12/19/2002","",1,"pwid",0,"cocaine","0",0,0,0,0,0,0,0,0,0,0,0,0,"0",0,"0",0,"0",0,"0",0,"0",0,"0",0,"0",0,"0",0,"0",0,125,110578,"1",17714,17898,18049,0,9999,1,0,15524,21,441,1,0,0,1,0,0,0,0,0,0,3,0,0,1,0,0,0,0,1,0,0,0,0
"249","8/3/2002",1961,"M","B","Plea","10/22/2002","12/19/2002",2,"dist, pwid",0,"cocaine","heroin",84,60,24,1,1,1,1,1,1,1,1,1,"7/29/2003",1,"7/29/2003",1,"7/29/2003",1,"7/29/2003",0,"0",0,"0",0,"0",0,"0",0,"0",0,294,128022,"1",17714,17898,18049,24,0,0,0,15555,41,1681,1,0,0,1,0,0,0,0,0,0,3,1,0,1,0,1,0,0,1,1,1,1,1440
"250","1/20/2003",1964,"M","B","Plea","4/25/2003","6/25/2003",1,"pwid",0,"cocaine","0",54,48,24,1,1,1,1,1,1,1,1,1,"12/25/2004",1,"8/28/2007",1,"8/28/2007",1,"8/28/2007",1,"1/15/2008",1,"1/15/2008",1,"1/15/2008",1,"1/15/2008",0,"0",0,872,20817,"2",17714,17898,18049,6,430,0,0,15725,39,1521,1,0,0,1,0,0,0,0,0,0,3,1,0,1,0,0,0,0,1,0,1,1,1152
"251","7/24/2002",1955,"M","B","Plea","3/25/2003","5/30/2003",1,"dist",0,"crack","0",36,36,24,1,0,0,0,0,0,0,0,0,"0",0,"0",0,"0",0,"0",0,"0",0,"0",0,"0",0,"0",0,"0",0,242,122317,"1",17714,17898,18049,0,9999,0,0,15545,47,2209,1,0,0,1,0,0,0,0,0,0,3,0,0,0,1,0,0,0,0,1,1,1,864
"252","6/3/2002",1943,"M","B","Plea","7/1/2002","9/17/2002",1,"dist",0,"crack","0",60,0,0,1,1,1,1,1,1,1,1,0,"0",0,"0",0,"0",0,"0",0,"0",0,"0",0,"0",0,"0",0,"0",0,7,NA,"1",17714,17898,18049,60,9999,0,0,15494,59,3481,1,0,0,1,0,0,0,0,0,0,3,1,0,0,1,0,0,0,0,1,1,0,0
"253","6/15/2002",1962,"M","B","Grand jury dismissal","9/3/2002","",1,"pwid",1,"heroin","0",0,0,0,1,1,1,1,1,0,0,0,0,"0",0,"0",0,"0",0,"0",0,"0",0,"0",0,"0",0,"0",0,"0",1,58,100612,"1",17714,17898,18049,0,9999,0,0,15506,40,1600,1,0,0,1,0,0,0,0,0,0,3,0,0,0,0,1,0,0,1,0,0,0,0
"254","10/12/2002",1955,"M","B","Plea","11/25/2002","1/23/2003",1,"dist",0,"cocaine","0",36,29,24,1,1,1,1,1,1,1,1,0,"0",0,"0",0,"0",0,"0",0,"0",0,"0",0,"0",0,"0",0,"0",0,488,164949,"1",17714,17898,18049,7,9999,0,0,15625,47,2209,1,0,0,1,0,0,0,0,0,0,3,1,0,1,0,0,0,0,0,1,1,1,696
"255","4/2/2003",1950,"M","B","Plea","6/4/2003","10/16/2003",2,"pwid",1,"heroin","0",18,0,0,1,1,1,1,1,1,1,1,1,"6/18/2003",1,"6/18/2003",1,"6/18/2003",1,"6/18/2003",1,"8/12/2003",1,"8/12/2003",1,"8/12/2003",1,"8/12/2003",0,"0",0,868,20650,"2",17714,17898,18049,18,0,0,0,15797,53,2809,1,0,0,1,0,0,0,0,0,0,3,1,0,0,0,1,0,0,1,0,1,0,0
"256","6/29/2002",1954,"M","B","Plea","8/1/2003","10/6/2003",1,"dist",1,"cocaine","0",36,29,24,1,0,0,0,0,0,0,0,0,"0",0,"0",0,"0",0,"0",0,"0",0,"0",0,"0",0,"0",0,"0",1,113,108272,"1",17714,17898,18049,7,9999,0,0,15520,48,2304,1,0,0,1,0,0,0,0,0,0,3,1,0,1,0,0,0,0,0,1,1,1,696
"257","1/31/2003",1975,"M","B","Plea","3/24/2003","5/27/2003",1,"dist",0,"cocaine","0",36,36,24,0,0,0,0,0,0,0,0,0,"0",0,"0",0,"0",0,"0",0,"0",0,"0",0,"0",0,"0",0,"0",0,944,26588,"3",17714,17898,18049,0,9999,0,0,15736,28,784,1,0,0,1,0,0,0,0,0,0,3,0,0,1,0,0,0,0,0,1,1,1,864
"258","8/2/2002",1972,"M","B","Plea","3/12/2003","7/23/2003",1,"pwid",1,"heroin","0",60,0,0,1,1,1,0,1,0,0,0,0,"0",0,"0",0,"0",0,"0",0,"0",0,"0",0,"0",0,"0",0,"0",0,285,127409,"1",17714,17898,18049,60,9999,0,0,15554,30,900,1,0,0,1,0,0,0,0,0,0,3,1,0,0,0,1,0,0,1,0,1,0,0
"259","4/24/2003",1980,"M","B","Plea","6/30/2003","9/11/2003",2,"dist, pwid",0,"cocaine","0",24,0,0,1,0,1,0,0,0,0,0,1,"7/2/2005",1,"7/02/2005",1,"8/17/2005",1,"8/17/2005",1,"7/02/2005",1,"7/02/2005",1,"1/03/2006",1,"1/03/2006",0,"0",0,1242,66138,"2",17714,17898,18049,24,13,0,0,15819,23,529,1,0,0,1,0,0,0,0,0,0,3,1,0,1,0,0,0,0,1,1,1,0,0
"260","6/21/2002",1974,"M","B","Plea","9/6/2002","11/6/2002",2,"pwid",0,"cocaine","other",48,0,0,0,0,0,0,0,0,0,0,0,"0",0,"0",0,"0",0,"0",0,"0",0,"0",0,"0",0,"0",0,"0",0,78,103978,"1",17714,17898,18049,48,9999,0,0,15512,28,784,1,0,0,1,0,0,0,0,0,0,3,1,0,1,0,0,0,1,1,0,1,0,0
"261","7/2/2002",1972,"M","B","Plea","9/3/2002","1/24/2003",1,"pwid",0,"cocaine","marijuana",72,57,24,1,1,1,1,1,1,1,1,1,"11/1/2004",0,"0",1,"11/01/2004",0,"0",0,"0",0,"0",0,"0",0,"0",0,"0",0,121,109933,"1",17714,17898,18049,15,340,0,0,15523,30,900,1,0,0,1,0,0,0,0,0,0,3,1,1,1,0,0,0,0,1,0,1,1,1368
"262","1/30/2003",1968,"M","B","Plea","3/4/2004","5/6/2004",3,"pwid",0,"crack","heroin",30,0,0,1,1,1,1,1,1,1,1,1,"12/21/2007",0,"0",0,"0",0,"0",1,"2/15/2008",0,"0",0,"0",0,"0",0,"0",0,933,26087,"2",17714,17898,18049,30,487,0,0,15735,35,1225,1,0,0,1,0,0,0,0,0,0,3,1,0,0,1,1,0,0,1,0,1,0,0
"263","12/11/2002",1976,"M","B","Plea","3/25/2003","5/28/2003",1,"pwid",0,"marijuana","0",36,28,24,1,0,1,0,0,0,0,0,1,"11/24/2005",0,"0",0,"0",0,"0",0,"0",0,"0",0,"0",0,"0",1,"8/21/2006",0,716,194859,"1",17714,17898,18049,8,735,0,0,15685,26,676,1,0,0,1,0,0,0,0,0,0,3,1,1,0,0,0,0,0,1,0,1,1,672
"264","9/20/2002",1968,"M","B","Jury trial not guilty","4/8/2003","",1,"dist",0,"marijuana","0",0,0,0,1,1,1,1,1,1,1,1,1,"7/3/2003",1,"5/21/2007",1,"7/03/2003",0,"0",1,"8/28/2003",0,"0",1,"8/28/2003",0,"0",0,"0",0,445,153528,"1",17714,17898,18049,0,86,0,0,15603,34,1156,1,0,0,1,0,0,0,0,0,0,3,0,1,0,0,0,0,0,0,1,0,0,0
"265","1/4/2003",1982,"M","B","Plea","3/7/2003","5/6/2003",1,"dist",0,"cocaine","0",60,58,36,1,0,0,0,0,0,0,0,1,"7/25/2003",0,"0",0,"0",0,"0",0,"0",0,"0",0,"0",0,"0",1,"9/21/2004",0,794,13709,"1",17714,17898,18049,2,80,0,0,15709,21,441,1,0,0,1,0,0,0,0,0,0,3,1,0,1,0,0,0,0,0,1,1,1,2088
"266","1/8/2003",1982,"M","B","Plea","2/28/2003","4/29/2003",1,"dist",0,"cocaine","0",36,36,36,0,0,0,0,0,0,0,0,1,"4/3/2004",1,"4/03/2004",1,"4/03/2004",1,"4/03/2004",1,"7/28/2004",1,"7/28/2004",1,"7/28/2004",1,"7/28/2004",1,"8/04/2004",0,812,15600,"1",17714,17898,18049,0,400,0,0,15713,21,441,1,0,0,1,0,0,0,0,0,0,3,0,0,1,0,0,0,0,0,1,1,1,1296
"267","9/19/2002",1979,"M","B","Plea","11/7/2002","1/17/2003",1,"dist",0,"marijuana","0",6,0,0,1,1,1,1,1,1,1,1,0,"0",0,"0",0,"0",0,"0",0,"0",0,"0",0,"0",0,"0",0,"0",0,441,152911,"1",17714,17898,18049,6,9999,0,0,15602,23,529,1,0,0,1,0,0,0,0,0,0,3,1,1,0,0,0,0,0,0,1,1,0,0
"268","5/2/2003",1957,"M","B","Plea","9/25/2003","4/8/2004",2,"pwid",1,"cocaine","0",3,0,0,1,1,1,1,1,1,1,1,0,"0",0,"0",0,"0",0,"0",0,"0",0,"0",0,"0",0,"0",0,"0",0,1267,70245,"2",17714,17898,18049,3,9999,0,0,15827,46,2116,1,0,0,1,0,0,0,0,0,0,3,1,0,1,0,0,0,0,1,0,1,0,0
"269","6/24/2002",1958,"M","B","DWP","12/9/2002","",1,"pwid",0,"heroin","0",0,0,0,1,1,1,1,1,1,1,1,1,"10/26/2006",1,"10/26/2006",1,"10/26/2006",1,"10/26/2006",1,"4/11/2007",1,"4/11/2007",1,"4/11/2007",1,"4/11/2007",0,"0",0,2095,104839,"1",17714,17898,18049,0,1417,0,0,15515,44,1936,1,0,0,1,0,0,0,0,0,0,3,0,0,0,0,1,0,0,1,0,0,0,0
"270","2/25/2003",1975,"M","W","Plea","4/5/2004","6/2/2004",3,"dist",2,"crack","0",7,0,0,1,1,1,1,1,1,1,1,0,"0",0,"0",0,"0",0,"0",0,"0",0,"0",0,"0",0,"0",0,"0",1,1055,37683,"3",17714,17898,18049,7,9999,0,1,15761,28,784,1,0,0,1,0,0,0,0,0,0,3,1,0,0,1,0,0,0,0,1,1,0,0
"271","10/2/2002",1970,"F","B","Plea","11/12/2002","1/24/2003",2,"dist, pwid",0,"heroin","0",36,31,18,1,1,0,0,1,1,0,0,0,"0",0,"0",0,"0",0,"0",0,"0",0,"0",0,"0",0,"0",1,"8/30/2004",0,462,159583,"1",17714,17898,18049,5,9999,1,0,15615,32,1024,1,0,0,1,0,0,0,0,0,0,3,1,0,0,0,1,0,0,1,1,1,1,558
"272","2/25/2003",1974,"F","W","Dismissed","10/7/2003","",1,"dist",0,"crack","0",0,0,0,0,0,0,0,0,0,0,0,1,"11/1/2004",0,"0",1,"11/01/2004",0,"0",1,"2/08/2005",0,"0",1,"2/08/2005",0,"0",0,"0",1,3055,37683,"3",17714,17898,18049,0,391,1,1,15761,29,841,1,0,0,1,0,0,0,0,0,0,3,0,0,0,1,0,0,0,0,1,0,0,0
"273","8/5/2002",1955,"F","B","Jury trial guilty","1/10/2003","3/14/2003",3,"dist, pwid",0,"heroin","other",60,48,36,1,0,1,0,0,0,0,0,0,"0",0,"0",0,"0",0,"0",0,"0",0,"0",0,"0",0,"0",0,"0",0,296,128110,"1",17714,17898,18049,12,9999,1,0,15557,47,2209,1,0,0,1,0,0,0,0,0,0,3,1,0,0,0,1,0,1,1,1,1,1,1728
"274","6/22/2002",1963,"M","B","Plea","8/13/2002","10/18/2002",1,"dist",0,"marijuana","0",24,12,24,1,1,1,1,1,1,1,1,1,"9/23/2004",1,"9/23/2004",1,"9/23/2004",1,"9/23/2004",1,"3/15/2005",1,"3/15/2005",1,"3/15/2005",1,"3/15/2005",1,"10/01/2004",0,84,104502,"1",17714,17898,18049,12,412,0,0,15513,39,1521,1,0,0,1,0,0,0,0,0,0,3,1,1,0,0,0,0,0,0,1,1,1,288
"275","6/7/2002",1977,"F","B","Plea","9/6/2002","11/7/2002",1,"dist",0,"cocaine","0",60,45,24,1,1,1,1,1,1,1,1,1,"11/24/2003",1,"6/02/2007",0,"0",0,"0",1,"1/14/2004",1,"10/23/2007",0,"0",0,"0",0,"0",1,28,96303,"1",17714,17898,18049,15,0,1,0,15498,25,625,1,0,0,1,0,0,0,0,0,0,3,1,0,1,0,0,0,0,0,1,1,1,1080
"276","7/26/2002",1981,"M","B","Dismissed","8/19/2002","",1,"dist",0,"cocaine","0",0,0,0,0,0,0,0,0,0,0,0,1,"12/3/2003",1,"12/03/2003",1,"3/24/2005",1,"3/24/2005",1,"12/03/2003",1,"12/03/2003",1,"7/11/2005",1,"7/11/2005",0,"0",0,2259,123353,"1",17714,17898,18049,0,471,0,0,15547,21,441,1,0,0,1,0,0,0,0,0,0,3,0,0,1,0,0,0,0,0,1,0,0,0
"277","11/15/2002",1954,"M","B","Dismissed","2/11/2004","",1,"pwid",0,"heroin","0",0,0,0,1,1,1,1,1,1,1,1,0,"0",0,"0",0,"0",0,"0",0,"0",0,"0",0,"0",0,"0",0,"0",0,618,2182753,"1",17714,17898,18049,0,9999,0,0,15659,48,2304,1,0,0,1,0,0,0,0,0,0,3,0,0,0,0,1,0,0,1,0,0,0,0
"278","9/12/2002",1979,"M","B","DWP","1/28/2003","",1,"dist",0,"cocaine","0",0,0,0,1,0,1,0,0,0,0,0,1,"6/4/2006",0,"0",0,"0",0,"0",0,"0",0,"0",0,"0",0,"0",0,"0",1,413,149009,"1",17714,17898,18049,0,1223,0,0,15595,23,529,1,0,0,1,0,0,0,0,0,0,3,0,0,1,0,0,0,0,0,1,0,0,0
"279","6/4/2002",1962,"M","B","Plea","8/23/2002","10/29/2002",1,"dist",0,"crack","0",60,36,24,1,1,1,1,1,1,1,1,1,"6/23/2005",0,"0",1,"6/23/2005",0,"0",0,"0",0,"0",0,"0",0,"0",1,"6/28/2005",0,8,NA,"1",17714,17898,18049,24,315,0,0,15495,40,1600,1,0,0,1,0,0,0,0,0,0,3,1,0,0,1,0,0,0,0,1,1,1,864
"280","1/13/2003",1956,"M","B","Plea","3/14/2003","5/16/2003",1,"pwid",0,"cocaine","0",18,0,0,0,0,0,0,0,0,0,0,0,"0",0,"0",0,"0",0,"0",0,"0",0,"0",0,"0",0,"0",0,"0",0,841,17579,"3",17714,17898,18049,18,9999,0,0,15718,47,2209,1,0,0,1,0,0,0,0,0,0,3,1,0,1,0,0,0,0,1,0,1,0,0
"281","7/11/2002",1979,"M","B","DWP","11/20/2002","",1,"dist",0,"heroin","0",0,0,0,1,1,0,0,1,1,0,0,1,"2/23/2006",0,"0",0,"0",0,"0",0,"0",0,"0",0,"0",0,"0",0,"0",0,156,24810,"1",17714,17898,18049,0,1191,0,0,15532,23,529,1,0,0,1,0,0,0,0,0,0,3,0,0,0,0,1,0,0,0,1,0,0,0
"282","4/9/2003",1980,"M","B","Plea","6/11/2003","8/13/2003",3,"pwid",1,"crack","marijuana",15,0,0,1,1,1,1,1,1,0,0,1,"9/15/2004",0,"0",0,"0",0,"0",0,"0",0,"0",0,"0",0,"0",0,"0",0,1203,58400,"3",17714,17898,18049,15,12,0,0,15804,23,529,1,0,0,1,0,0,0,0,0,0,3,1,1,0,1,0,0,0,1,0,1,0,0
"283","3/15/2003",1982,"M","B","Plea","5/16/2003","7/17/2003",1,"pwid",0,"crack","0",60,52,24,1,1,1,1,1,1,1,1,1,"3/3/2005",1,"3/03/2005",1,"3/03/2005",1,"3/03/2005",1,"8/17/2005",1,"8/17/2005",0,"0",0,"0",1,"3/17/2004",0,1144,46218,"3",17714,17898,18049,8,417,0,0,15779,21,441,1,0,0,1,0,0,0,0,0,0,3,1,0,0,1,0,0,0,1,0,1,1,1248
"284","5/8/2003",1970,"M","B","Jury trial guilty","9/11/2003","11/7/2003",1,"pwid",0,"pcp","0",72,0,0,1,1,1,1,1,1,1,1,0,"0",0,"0",0,"0",0,"0",0,"0",0,"0",0,"0",0,"0",0,"0",0,1285,73468,"2",17714,17898,18049,72,9999,0,0,15833,33,1089,1,0,0,1,0,0,0,0,0,0,3,1,0,0,0,0,1,0,1,0,1,0,0
"285","11/7/2002",1982,"M","B","Jury trial guilty","6/12/2003","8/11/2003",1,"pwid",0,"crack","0",1,0,0,1,1,1,0,1,0,1,0,1,"1/7/2004",1,"1/07/2004",1,"10/27/2004",1,"10/27/2004",1,"2/18/2004",1,"2/18/2004",1,"2/04/2005",1,"2/04/2005",0,"0",0,587,47407,"1",17714,17898,18049,1,179,0,0,15651,20,400,1,0,0,1,0,0,0,0,0,0,3,1,0,0,1,0,0,0,1,0,1,0,0
"286","7/19/2002",1980,"M","B","Plea","9/4/2002","11/1/2002",1,"dist",0,"crack","0",60,60,24,1,1,1,1,1,0,0,0,1,"10/22/2004",1,"10/22/2004",1,"10/22/2004",1,"10/22/2004",0,"0",0,"0",0,"0",0,"0",0,"0",0,216,119330,"1",17714,17898,18049,0,779,0,0,15540,22,484,1,0,0,1,0,0,0,0,0,0,3,0,0,0,1,0,0,0,0,1,1,1,1440
"287","6/7/2002",1978,"M","B","Plea","9/6/2002","11/8/2002",2,"dist, pwid",0,"cocaine","0",96,60,24,1,1,1,1,1,1,1,1,1,"2/27/2006",1,"2/27/2006",1,"2/27/2006",1,"2/27/2006",1,"4/24/2006",1,"4/24/2006",1,"4/24/2006",1,"4/24/2006",0,"0",1,28,96303,"1",17714,17898,18049,36,190,0,0,15498,24,576,1,0,0,1,0,0,0,0,0,0,3,1,0,1,0,0,0,0,1,1,1,1,1440
"288","2/1/2003",1973,"M","B","Plea","7/14/2003","9/17/2003",2,"dist, pwid",0,"heroin","marijuana",28,0,0,1,1,1,1,1,1,1,1,0,"9/8/2007",0,"0",1,"5/01/2008",0,"0",1,"5/28/2008",0,"0",1,"5/28/2008",0,"0",0,"0",0,950,26849,"3",17714,17898,18049,28,677,0,0,15737,30,900,1,0,0,1,0,0,0,0,0,0,3,1,1,0,0,1,0,0,1,1,1,0,0
"289","10/4/2002",1968,"M","B","Plea","1/13/2004","3/9/2003",2,"pwid",0,"cocaine","heroin",8,0,0,1,1,1,1,1,1,1,1,0,"0",0,"0",0,"0",0,"0",0,"0",0,"0",0,"0",0,"0",0,"0",0,470,160648,"1",17714,17898,18049,8,9999,0,0,15617,34,1156,1,0,0,1,0,0,0,0,0,0,3,1,0,1,0,1,0,0,1,0,1,0,0
"290","7/11/2002",1981,"M","B","Plea","9/6/2002","11/5/2002",2,"dist, pwid",0,"cocaine","0",48,47,36,0,0,0,0,0,0,0,0,1,"7/24/2003",0,"0",0,"0",0,"0",0,"0",0,"0",0,"0",0,"0",1,"4/18/2005",0,158,114846,"1",17714,17898,18049,1,291,0,0,15532,21,441,1,0,0,1,0,0,0,0,0,0,3,1,0,1,0,0,0,0,1,1,1,1,1692
"291","10/25/2002",1952,"M","B","Plea","9/8/2003","11/4/2003",1,"dist",0,"cocaine","0",12,0,0,1,1,1,1,1,1,1,1,0,"9/21/2008",0,"0",0,"0",0,"0",0,"0",0,"0",0,"0",0,"0",0,"0",0,538,171360,"1",17714,17898,18049,12,1480,0,0,15638,50,2500,1,0,0,1,0,0,0,0,0,0,3,1,0,1,0,0,0,0,0,1,1,0,0
"292","2/6/2003",1984,"M","B","Jury trial guilty","5/7/2003","10/20/2003",1,"dist",0,"cocaine","0",18,14,18,0,0,0,0,0,0,0,0,0,"7/23/2007",1,"1/28/2008",1,"7/23/2007",1,"1/28/2008",1,"3/05/2008",1,"3/05/2008",1,"3/05/2008",1,"3/05/2008",0,"0",0,982,29755,"2",17714,17898,18049,4,1418,0,0,15742,19,361,1,0,0,1,0,0,0,0,0,0,3,1,0,1,0,0,0,0,0,1,1,1,252
"293","6/19/2002",1980,"M","B","Dismissed","2/4/2003","",1,"pwid",0,"crack","0",0,0,0,1,1,0,0,0,0,0,0,1,"8/12/2003",1,"11/25/2003",0,"0",0,"0",1,"9/10/2003",0,"0",0,"0",0,"0",0,"0",0,69,102724,"1",17714,17898,18049,0,189,0,0,15510,22,484,1,0,0,1,0,0,0,0,0,0,3,0,0,0,1,0,0,0,1,0,0,0,0
"294","7/10/2002",1963,"M","B","Plea","10/17/2002","1/10/2003",2,"dist",1,"cocaine","heroin",36,0,0,1,1,1,1,1,1,1,1,1,"4/28/2004",0,"0",0,"0",0,"0",0,"0",0,"0",0,"0",0,"0",0,"0",1,152,114328,"1",17714,17898,18049,36,0,0,0,15531,39,1521,1,0,0,1,0,0,0,0,0,0,3,1,0,1,0,1,0,0,0,1,1,0,0
"295","3/10/2003",1940,"M","B","Plea","5/15/2003","7/17/2003",1,"pwid",0,"cocaine","0",12,0,0,1,1,1,1,1,1,1,1,0,"0",0,"0",0,"0",0,"0",0,"0",0,"0",0,"0",0,"0",0,"0",0,1122,42745,"2",17714,17898,18049,12,9999,0,0,15774,63,3969,1,0,0,1,0,0,0,0,0,0,3,1,0,1,0,0,0,0,1,0,1,0,0
"296","2/12/2003",1983,"M","B","Plea","5/6/2003","7/8/2003",1,"pwid",0,"cocaine","0",60,46,36,1,1,1,1,1,1,1,1,1,"2/12/2005",1,"2/12/2005",1,"2/12/2005",1,"2/12/2005",0,"0",0,"0",0,"0",0,"0",1,"2/18/2005",0,1008,32617,"2",17714,17898,18049,14,228,0,0,15748,20,400,1,0,0,1,0,0,0,0,0,0,3,1,0,1,0,0,0,0,1,0,1,1,1656
"297","11/23/2002",1936,"M","B","Jury trial guilty","6/18/2003","8/14/2003",1,"pwid",0,"heroin","crack",12,6,24,1,1,0,0,1,1,0,0,0,"0",0,"0",0,"0",0,"0",0,"0",0,"0",0,"0",0,"0",1,"8/26/2005",0,649,186282,"1",17714,17898,18049,6,9999,0,0,15667,66,4356,1,0,0,1,0,0,0,0,0,0,3,1,0,0,1,1,0,0,1,0,1,1,144
"298","6/13/2002",1961,"F","B","Dismissed","10/24/2002","",1,"dist",0,"cocaine","0",0,0,0,1,1,0,0,0,0,0,0,1,"12/8/2004",0,"0",0,"0",0,"0",1,"1/12/2005",0,"0",0,"0",0,"0",0,"0",0,49,99495,"1",17714,17898,18049,0,776,1,0,15504,41,1681,1,0,0,1,0,0,0,0,0,0,3,0,0,1,0,0,0,0,0,1,0,0,0
"299","7/16/2002",1973,"M","B","Jury trial not guilty","5/27/2004","",1,"dist",0,"cocaine","0",0,0,0,1,1,1,1,0,0,0,0,1,"11/12/2004",1,"1/25/2007",1,"11/12/2004",1,"1/25/2007",1,"2/24/2005",1,"4/17/2008",1,"2/24/2005",1,"4/17/2008",0,"0",0,194,117541,"1",17714,17898,18049,0,169,0,0,15537,29,841,1,0,0,1,0,0,0,0,0,0,3,0,0,1,0,0,0,0,0,1,0,0,0
"300","6/29/2002",1974,"M","B","Plea","3/6/2003","3/6/2003",1,"dist",0,"cocaine","0",48,48,36,1,0,0,0,0,0,0,0,0,"0",0,"0",0,"0",0,"0",0,"0",0,"0",0,"0",0,"0",0,"0",1,113,108272,"1",17714,17898,18049,0,9999,0,0,15520,28,784,1,0,0,1,0,0,0,0,0,0,3,0,0,1,0,0,0,0,0,1,1,1,1728
"301","8/21/2002",1965,"M","B","Dismissed","8/12/2003","",1,"dist",0,"crack","0",0,0,0,1,1,0,0,1,0,0,0,1,"4/15/2004",1,"4/16/2004",1,"4/15/2004",0,"0",1,"7/29/2004",1,"7/29/2004",0,"0",0,"0",0,"0",1,2343,137422,"1",17714,17898,18049,0,247,0,0,15573,37,1369,1,0,0,1,0,0,0,0,0,0,3,0,0,0,1,0,0,0,0,1,0,0,0
"302","9/6/2002",1965,"M","B","Plea","10/22/2002","1/9/2003",1,"pwid",0,"cocaine","0",72,54,24,1,1,1,1,1,1,1,1,1,"2/27/2004",1,"10/21/2005",1,"10/21/2005",1,"10/21/2005",1,"3/14/2006",1,"3/14/2006",1,"3/14/2006",1,"3/14/2006",1,"9/29/2004",0,2385,145828,"1",17714,17898,18049,18,0,0,0,15589,37,1369,1,0,0,1,0,0,0,0,0,0,3,1,0,1,0,0,0,0,1,0,1,1,1296
"303","11/9/2002",1956,"M","B","Plea","3/6/2003","5/13/2003",2,"dist, pwid",1,"heroin","0",84,48,24,1,1,1,1,1,1,0,0,0,"0",0,"0",0,"0",0,"0",0,"0",0,"0",0,"0",0,"0",0,"0",1,598,179207,"1",17714,17898,18049,36,9999,0,0,15653,46,2116,1,0,0,1,0,0,0,0,0,0,3,1,0,0,0,1,0,0,1,1,1,1,1152
"304","7/17/2002",1981,"M","B","Jury trial guilty","6/4/2003","12/12/2003",1,"pwid",0,"crack","marijuana",6,6,24,0,0,0,0,0,0,0,0,1,"3/7/2004",0,"0",0,"0",0,"0",0,"0",0,"0",0,"0",0,"0",0,"0",0,197,118192,"1",17714,17898,18049,0,277,0,0,15538,21,441,1,0,0,1,0,0,0,0,0,0,3,0,1,0,1,0,0,0,1,0,1,1,144
"305","6/14/2002",1964,"M","B","DWP","11/13/2002","",1,"dist",0,"heroin","0",0,0,0,1,1,1,1,1,1,1,1,1,"12/3/2002",1,"4/06/2004",0,"0",0,"0",1,"3/23/2005",1,"3/23/2005",0,"0",0,"0",0,"0",0,56,100010,"1",17714,17898,18049,0,20,0,0,15505,38,1444,1,0,0,1,0,0,0,0,0,0,3,0,0,0,0,1,0,0,0,1,0,0,0
"306","6/25/2002",1980,"M","B","Dismissed","11/14/2002","",2,"pwid",0,"cocaine","marijuana",0,0,0,1,0,1,0,0,0,0,0,1,"5/7/2003",0,"0",0,"0",0,"0",1,"6/24/2003",0,"0",0,"0",0,"0",0,"0",0,97,106145,"1",17714,17898,18049,0,174,0,0,15516,22,484,1,0,0,1,0,0,0,0,0,0,3,0,1,1,0,0,0,0,1,0,0,0,0
"307","1/31/2003",1962,"M","B","DWP","6/12/2003","",1,"dist",0,"heroin","0",0,0,0,1,1,1,1,1,1,1,1,1,"7/19/2003",1,"10/13/2003",1,"7/19/2003",1,"10/13/2003",1,"7/23/2003",1,"12/23/2003",1,"7/23/2003",1,"12/23/2003",0,"0",0,941,26563,"3",17714,17898,18049,0,37,0,0,15736,41,1681,1,0,0,1,0,0,0,0,0,0,3,0,0,0,0,1,0,0,0,1,0,0,0
"308","9/11/2002",1978,"M","B","Plea","10/21/2002","1/10/2003",1,"dist",0,"crack","0",24,24,24,1,1,1,1,0,0,0,0,0,"0",0,"0",0,"0",0,"0",0,"0",0,"0",0,"0",0,"0",0,"0",0,403,148559,"1",17714,17898,18049,0,9999,0,0,15594,24,576,1,0,0,1,0,0,0,0,0,0,3,0,0,0,1,0,0,0,0,1,1,1,576
"309","1/6/2003",1977,"M","B","Jury trial guilty","7/24/2003","9/29/2003",1,"dist",0,"marijuana","0",20,0,0,1,1,1,1,1,1,1,1,1,"10/4/2003",0,"0",0,"0",0,"0",0,"0",0,"0",0,"0",0,"0",0,"0",0,801,14111,"1",17714,17898,18049,20,0,0,0,15711,26,676,1,0,0,1,0,0,0,0,0,0,3,1,1,0,0,0,0,0,0,1,1,0,0
"310","7/12/2002",1973,"F","B","Plea","9/27/2002","12/2/2002",1,"dist",0,"crack","0",24.3330001831055,23.632999420166,24,1,0,1,0,0,0,0,0,0,"0",0,"0",0,"0",0,"0",0,"0",0,"0",0,"0",0,"0",0,"0",0,166,115399,"1",17714,17898,18049,0.700000762939453,9999,1,0,15533,29,841,1,0,0,1,0,0,0,0,0,0,3,1,0,0,1,0,0,0,0,1,1,1,567.192016601562
"311","9/14/2002",1980,"M","B","Plea","11/12/2002","1/24/2003",1,"pwid",0,"cocaine","marijuana",60,53,36,0,0,0,0,0,0,0,0,0,"0",0,"0",0,"0",0,"0",0,"0",0,"0",0,"0",0,"0",1,"7/25/2005",0,422,150411,"1",17714,17898,18049,7,9999,0,0,15597,22,484,1,0,0,1,0,0,0,0,0,0,3,1,1,1,0,0,0,0,1,0,1,1,1908
"312","1/9/2003",1975,"M","B","Plea","3/11/2003","7/22/2003",2,"dist, pwid",0,"pcp","other",72,60,24,1,1,0,0,1,1,0,0,1,"12/18/2004",1,"12/18/2004",1,"12/18/2004",1,"12/18/2004",1,"7/24/2006",1,"7/24/2006",1,"7/24/2006",1,"7/24/2006",1,"3/09/2005",0,817,16115,"1",17714,17898,18049,12,288,0,0,15714,28,784,1,0,0,1,0,0,0,0,0,0,3,1,0,0,0,0,1,1,1,1,1,1,1440
"313","2/27/2003",1982,"M","B","Plea","6/3/2003","6/20/2006",1,"dist",0,"cocaine","0",15,0,0,1,0,1,0,0,0,0,0,1,"3/29/2006",0,"0",1,"3/29/2006",0,"0",1,"5/25/2006",0,"0",1,"5/25/2006",0,"0",0,"0",0,1070,38567,"3",17714,17898,18049,15,580,0,0,15763,21,441,1,0,0,1,0,0,0,0,0,0,3,1,0,1,0,0,0,0,0,1,1,0,0
"314","3/13/2003",1952,"M","B","Grand jury dismissal","5/15/2003","",1,"dist",0,"heroin","0",0,0,0,1,0,1,0,0,0,0,0,0,"8/28/2007",0,"0",1,"8/28/2007",0,"0",0,"0",0,"0",0,"0",0,"0",0,"0",0,1137,45258,"3",17714,17898,18049,0,1566,0,0,15777,51,2601,1,0,0,1,0,0,0,0,0,0,3,0,0,0,0,1,0,0,0,1,0,0,0
"315","9/18/2002",1961,"M","B","Plea","2/10/2003","5/2/2003",1,"dist",1,"cocaine","0",84,66,36,1,1,1,1,1,1,1,1,0,"0",0,"0",0,"0",0,"0",0,"0",0,"0",0,"0",0,"0",1,"7/21/2004",1,435,152361,"1",17714,17898,18049,18,9999,0,0,15601,41,1681,1,0,0,1,0,0,0,0,0,0,3,1,0,1,0,0,0,0,0,1,1,1,2376
"316","9/12/2002",1982,"M","B","Plea","1/23/2003","3/25/2003",1,"dist",0,"cocaine","0",36,35,48,1,0,1,0,0,0,0,0,1,"10/23/2006",1,"10/23/2006",0,"0",0,"0",0,"0",0,"0",0,"0",0,"0",1,"6/04/2008",1,413,149009,"1",17714,17898,18049,1,1339,0,0,15595,20,400,1,0,0,1,0,0,0,0,0,0,3,1,0,1,0,0,0,0,0,1,1,1,1680
"317","6/13/2002",1968,"M","B","Plea","8/19/2002","10/24/2002",1,"dist",0,"cocaine","0",96,60,36,1,1,1,1,1,1,1,1,0,"10/30/2006",0,"0",1,"10/30/2006",0,"0",1,"11/28/2006",0,"0",1,"11/28/2006",0,"0",0,"0",0,50,2099495,"1",17714,17898,18049,36,453,0,0,15504,34,1156,1,0,0,1,0,0,0,0,0,0,3,1,0,1,0,0,0,0,0,1,1,1,2160
"318","8/21/2002",1957,"M","B","Plea","10/11/2002","2/24/2003",2,"dist, pwid",0,"cocaine","heroin",60,57,24,1,1,1,1,1,1,1,1,1,"2/24/2004",0,"0",0,"0",0,"0",0,"0",0,"0",0,"0",0,"0",0,"0",1,343,137422,"1",17714,17898,18049,3,411,0,0,15573,45,2025,1,0,0,1,0,0,0,0,0,0,3,1,0,1,0,1,0,0,1,1,1,1,1368
"319","4/29/2003",1966,"M","B","Plea","7/3/2003","9/25/2003",1,"pwid",0,"cocaine","0",24,0,0,1,1,1,1,1,1,1,1,0,"0",0,"0",0,"0",0,"0",0,"0",0,"0",0,"0",0,"0",0,"0",0,1260,68794,"3",17714,17898,18049,24,9999,0,0,15824,37,1369,1,0,0,1,0,0,0,0,0,0,3,1,0,1,0,0,0,0,1,0,1,0,0
"320","12/11/2002",1973,"M","B","Dismissed","4/21/2003","",2,"pwid",0,"cocaine","heroin",0,0,0,1,1,1,1,1,1,1,1,0,"3/18/2008",0,"0",0,"0",0,"0",0,"0",0,"0",0,"0",0,"0",0,"0",0,719,194533,"1",17714,17898,18049,0,1793,0,0,15685,29,841,1,0,0,1,0,0,0,0,0,0,3,0,0,1,0,1,0,0,1,0,0,0,0
"321","12/18/2002",1980,"M","B","Plea","3/7/2003","5/5/2003",1,"dist",0,"pcp","0",48,44,24,0,0,0,0,0,0,0,0,1,"3/10/2005",1,"3/10/2005",0,"0",0,"0",0,"0",0,"0",0,"0",0,"0",1,"6/29/2005",0,740,198328,"1",17714,17898,18049,4,614,0,0,15692,22,484,1,0,0,1,0,0,0,0,0,0,3,1,0,0,0,0,1,0,0,1,1,1,1056
"322","3/6/2003",1982,"M","B","Plea","5/7/2003","9/29/2003",2,"pwid",1,"crack","0",36,36,36,1,1,1,1,0,0,0,0,0,"0",0,"0",0,"0",0,"0",0,"0",0,"0",0,"0",0,"0",1,"5/21/2004",0,1111,41938,"2",17714,17898,18049,0,9999,0,0,15770,21,441,1,0,0,1,0,0,0,0,0,0,3,0,0,0,1,0,0,0,1,0,1,1,1296
"323","9/21/2002",1968,"M","B","DWP","1/30/2003","",1,"dist",0,"heroin","0",0,0,0,1,1,1,1,1,1,1,1,0,"0",0,"0",0,"0",0,"0",0,"0",0,"0",0,"0",0,"0",0,"0",1,448,154347,"1",17714,17898,18049,0,9999,0,0,15604,34,1156,1,0,0,1,0,0,0,0,0,0,3,0,0,0,0,1,0,0,0,1,0,0,0
"324","12/5/2002",1952,"M","B","Plea","2/12/2003","4/24/2003",1,"dist",1,"heroin","0",32.6699981689453,0,0,1,1,1,1,1,1,1,1,0,"0",0,"0",0,"0",0,"0",0,"0",0,"0",0,"0",0,"0",0,"0",0,707,2192023,"1",17714,17898,18049,32.6699981689453,9999,0,0,15679,50,2500,1,0,0,1,0,0,0,0,0,0,3,1,0,0,0,1,0,0,0,1,1,0,0
"325","10/9/2002",1964,"M","B","Dismissed","4/14/2004","",1,"dist",0,"marijuana","0",0,0,0,1,1,1,1,1,1,1,1,1,"5/4/2004",0,"0",0,"0",0,"0",0,"0",0,"0",0,"0",0,"0",0,"0",0,477,163403,"1",17714,17898,18049,0,20,0,0,15622,38,1444,1,0,0,1,0,0,0,0,0,0,3,0,1,0,0,0,0,0,0,1,0,0,0
"326","7/22/2002",1951,"M","B","Plea","9/19/2002","11/15/2002",1,"pwid",0,"heroin","0",4,0,0,1,1,1,1,1,1,1,1,1,"6/6/2005",0,"0",1,"6/06/2005",0,"0",0,"0",0,"0",0,"0",0,"0",0,"0",0,227,120463,"1",17714,17898,18049,4,871,0,0,15543,51,2601,1,0,0,1,0,0,0,0,0,0,3,1,0,0,0,1,0,0,1,0,1,0,0
"327","7/16/2002",1945,"M","B","Guilty","10/1/2002","3/3/2003",1,"pwid",0,"heroin","0",36,0,0,1,1,1,1,1,1,1,1,0,"0",0,"0",0,"0",0,"0",0,"0",0,"0",0,"0",0,"0",0,"0",0,190,117647,"1",17714,17898,18049,36,9999,0,0,15537,57,3249,1,0,0,1,0,0,0,0,0,0,3,1,0,0,0,1,0,0,1,0,1,0,0
"328","4/23/2003",1983,"M","B","Jury trial guilty","9/4/2003","10/30/2003",1,"pwid",0,"pcp","0",60,55,36,0,0,0,0,0,0,0,0,1,"5/10/2005",1,"1/06/2007",1,"5/10/2005",1,"1/06/2007",0,"0",0,"0",0,"0",0,"0",0,"0",0,1236,65700,"3",17714,17898,18049,5,464,0,0,15818,20,400,1,0,0,1,0,0,0,0,0,0,3,1,0,0,0,0,1,0,1,0,1,1,1980
"329","11/22/2002",1964,"M","B","Dismissed","3/10/2003","",1,"dist",0,"other","0",0,0,0,1,1,1,1,1,1,1,1,1,"10/31/2003",1,"10/31/2003",1,"10/31/2003",1,"10/31/2003",1,"7/15/2005",1,"7/15/2005",1,"7/15/2005",1,"7/15/2005",0,"0",0,642,185822,"1",17714,17898,18049,0,235,0,0,15666,38,1444,1,0,0,1,0,0,0,0,0,0,3,0,0,0,0,0,0,1,0,1,0,0,0
"330","7/20/2002",1981,"M","B","Plea","9/4/2002","11/1/2002",1,"pwid",0,"cocaine","marijuana",6,2,12,1,0,1,0,1,0,1,0,1,"12/12/2003",1,"12/14/2005",1,"12/14/2005",1,"12/14/2005",0,"0",0,"0",0,"0",0,"0",1,"3/18/2004",0,224,119857,"1",17714,17898,18049,4,344,0,0,15541,21,441,1,0,0,1,0,0,0,0,0,0,3,1,1,1,0,0,0,0,1,0,1,1,24
"331","10/11/2002",1979,"M","B","Dismissed","6/5/2003","",1,"pwid",0,"marijuana","0",0,0,0,1,1,1,1,1,0,1,0,1,"5/31/2005",1,"5/31/2005",1,"5/31/2005",1,"5/31/2005",1,"8/05/2005",1,"8/05/2005",1,"8/05/2005",1,"8/05/2005",0,"0",0,482,164306,"1",17714,17898,18049,0,726,0,0,15624,23,529,1,0,0,1,0,0,0,0,0,0,3,0,1,0,0,0,0,0,1,0,0,0,0
"332","9/19/2002",1964,"M","B","Dismissed","4/23/2003","",1,"dist",0,"marijuana","0",0,0,0,1,1,1,1,1,1,1,1,0,"0",0,"0",0,"0",0,"0",0,"0",0,"0",0,"0",0,"0",0,"0",0,442,152978,"1",17714,17898,18049,0,9999,0,0,15602,38,1444,1,0,0,1,0,0,0,0,0,0,3,0,1,0,0,0,0,0,0,1,0,0,0
"333","7/10/2002",1970,"M","B","Dismissed","9/11/2002","",2,"dist, pwid",1,"heroin","0",0,0,0,1,1,1,1,1,1,1,1,1,"7/08/2004",1,"7/08/2004",1,"7/08/2004",1,"7/08/2004",1,"8/24/2005",1,"8/24/2005",1,"8/24/2005",1,"8/24/2005",0,"0",1,2152,114328,"1",17714,17898,18049,0,666,0,0,15531,32,1024,1,0,0,1,0,0,0,0,0,0,3,0,0,0,0,1,0,0,1,1,0,0,0
"334","7/25/2002",1963,"M","B","Plea","10/31/2002","1/22/2003",1,"dist",0,"cocaine","0",20,0,0,1,1,1,1,0,0,0,0,0,"0",0,"0",0,"0",0,"0",0,"0",0,"0",0,"0",0,"0",0,"0",0,248,122732,"1",17714,17898,18049,20,9999,0,0,15546,39,1521,1,0,0,1,0,0,0,0,0,0,3,1,0,1,0,0,0,0,0,1,1,0,0
"335","12/13/2002",1981,"M","B","Plea","2/19/2003","4/23/2003",1,"dist",1,"cocaine","0",48,45,36,1,1,1,0,0,0,0,0,1,"7/27/2005",1,"7/27/2005",1,"7/27/2005",1,"7/27/2005",1,"2/23/2006",1,"2/23/2006",1,"2/23/2006",1,"2/23/2006",1,"3/03/2006",0,726,1847017,"1",17714,17898,18049,3,799,0,0,15687,21,441,1,0,0,1,0,0,0,0,0,0,3,1,0,1,0,0,0,0,0,1,1,1,1620
"336","12/20/2002",1980,"M","B","Jury trial guilty","6/23/2003","8/18/2003",1,"pwid",0,"pcp","marijuana",48,0,0,1,1,1,1,1,1,1,1,1,"6/11/2007",0,"0",1,"6/11/2007",0,"0",0,"0",0,"0",0,"0",0,"0",0,"0",0,762,200093,"1",17714,17898,18049,48,9,0,0,15694,22,484,1,0,0,1,0,0,0,0,0,0,3,1,1,0,0,0,1,0,1,0,1,0,0
"337","1/10/2003",1962,"W","B","Plea","4/10/2003","3/4/2004",1,"dist",0,"cocaine","0",12,0,0,1,1,1,1,1,1,1,1,1,"6/28/2006",1,"6/28/2006",0,"0",0,"0",1,"3/27/2007",1,"3/27/2007",0,"0",0,"0",0,"0",0,830,16575,"2",17714,17898,18049,12,815,0,0,15715,41,1681,1,0,0,1,0,0,0,0,0,0,3,1,0,1,0,0,0,0,0,1,1,0,0
"338","3/20/2003",1979,"M","B","Plea","6/11/2003","8/19/2003",2,"pwid",0,"cocaine","heroin",48,0,0,0,0,0,0,0,0,0,0,0,"0",0,"0",0,"0",0,"0",0,"0",0,"0",0,"0",0,"0",0,"0",0,1153,48634,"2",17714,17898,18049,48,9999,0,0,15784,24,576,1,0,0,1,0,0,0,0,0,0,3,1,0,1,0,1,0,0,1,0,1,0,0
"339","12/4/2002",1981,"M","B","Plea","2/11/2003","4/11/2003",1,"dist",0,"crack","0",60,48,24,1,0,1,0,1,0,1,0,0,"0",0,"0",0,"0",0,"0",0,"0",0,"0",0,"0",0,"0",1,"4/22/2005",0,696,191621,"1",17714,17898,18049,12,9999,0,0,15678,21,441,1,0,0,1,0,0,0,0,0,0,3,1,0,0,1,0,0,0,0,1,1,1,1152
"340","11/25/2002",1976,"M","B","Dismissed","4/23/2003","",1,"pwid",0,"cocaine","0",0,0,0,1,1,1,1,0,0,0,0,1,"3/15/2004",1,"11/03/2005",1,"11/03/2005",1,"11/03/2005",0,"0",0,"0",0,"0",0,"0",0,"0",0,660,187527,"1",17714,17898,18049,0,327,0,0,15669,26,676,1,0,0,1,0,0,0,0,0,0,3,0,0,1,0,0,0,0,1,0,0,0,0
"341","7/6/2002",1938,"M","B","Plea","10/9/2002","1/31/2003",1,"dist",0,"cocaine","0",36,0,0,1,1,1,1,1,1,1,1,0,"0",0,"0",0,"0",0,"0",0,"0",0,"0",0,"0",0,"0",0,"0",0,132,112067,"1",17714,17898,18049,36,9999,0,0,15527,64,4096,1,0,0,1,0,0,0,0,0,0,3,1,0,1,0,0,0,0,0,1,1,0,0
"342","8/26/2002",1980,"M","B","Dismissed","2/13/2003","",1,"dist",0,"cocaine","0",0,0,0,1,1,1,1,1,1,1,1,0,"0",0,"0",0,"0",0,"0",0,"0",0,"0",0,"0",0,"0",0,"0",0,357,1012344,"1",17714,17898,18049,0,9999,0,0,15578,22,484,1,0,0,1,0,0,0,0,0,0,3,0,0,1,0,0,0,0,0,1,0,0,0
"343","10/31/2002",1982,"M","B","Dismissed","1/24/2003","",2,"dist, pwid",0,"heroin","0",0,0,0,1,1,1,1,0,0,0,0,1,"2/27/2004",0,"0",0,"0",0,"0",0,"0",0,"0",0,"0",0,"0",0,"0",0,562,174458,"1",17714,17898,18049,0,399,0,0,15644,20,400,1,0,0,1,0,0,0,0,0,0,3,0,0,0,0,1,0,0,1,1,0,0,0
"344","8/22/2002",1957,"F","B","Jury trial guilty","12/4/2002","2/14/2003",1,"dist",1,"cocaine","0",18,0,0,1,0,1,0,1,0,1,0,0,"0",0,"0",0,"0",0,"0",0,"0",0,"0",0,"0",0,"0",0,"0",0,350,138038,"1",17714,17898,18049,18,9999,1,0,15574,45,2025,1,0,0,1,0,0,0,0,0,0,3,1,0,1,0,0,0,0,0,1,1,0,0
"345","6/1/2002",1970,"M","B","DWP","8/19/2003","",1,"pwid",0,"heroin","0",0,0,0,1,1,1,1,1,1,1,1,1,"11/26/2003",1,"11/26/2003",0,"0",0,"0",0,"0",0,"0",0,"0",0,"0",0,"0",0,2,93074,"1",17714,17898,18049,0,99,0,0,15492,32,1024,1,0,0,1,0,0,0,0,0,0,3,0,0,0,0,1,0,0,1,0,0,0,0
"346","6/15/2002",1961,"M","B","Grand jury dismissal","9/3/2002","",1,"pwid",1,"heroin","0",0,0,0,1,1,1,1,1,1,1,1,1,"6/19/2004",0,"0",0,"0",0,"0",0,"0",0,"0",0,"0",0,"0",0,"0",1,58,100612,"1",17714,17898,18049,0,655,0,0,15506,41,1681,1,0,0,1,0,0,0,0,0,0,3,0,0,0,0,1,0,0,1,0,0,0,0
"347","11/8/2002",1972,"M","B","Plea","3/31/2003","10/14/2003",1,"pwid",0,"cocaine","0",13.6700000762939,0,0,1,1,0,0,0,0,0,0,1,"10/24/2005",0,"0",0,"0",0,"0",0,"0",0,"0",0,"0",0,"0",0,"0",1,593,178607,"1",17714,17898,18049,13.6700000762939,527.900390625,0,0,15652,30,900,1,0,0,1,0,0,0,0,0,0,3,1,0,1,0,0,0,0,1,0,1,0,0
"348","7/26/2002",1979,"M","B","Plea","5/12/2003","7/14/2003",1,"dist",0,"crack","0",60,46,36,1,1,1,1,1,1,0,0,1,"8/21/2004",1,"8/21/2004",1,"8/21/2004",1,"8/21/2004",1,"1/12/2005",1,"1/12/2005",1,"1/12/2005",1,"1/12/2005",1,"11/19/2004",0,258,123351,"1",17714,17898,18049,14,47,0,0,15547,23,529,1,0,0,1,0,0,0,0,0,0,3,1,0,0,1,0,0,0,0,1,1,1,1656
"349","6/15/2002",1974,"M","B","Jury trial not guilty","4/3/2003","",1,"dist",0,"cocaine","0",0,0,0,1,1,1,0,0,0,0,0,1,"6/16/2004",0,"0",0,"0",0,"0",0,"0",0,"0",0,"0",0,"0",0,"0",0,57,100551,"1",17714,17898,18049,0,440,0,0,15506,28,784,1,0,0,1,0,0,0,0,0,0,3,0,0,1,0,0,0,0,0,1,0,0,0
"350","6/8/2002",1981,"M","B","Plea","8/19/2002","10/25/2002",1,"pwid",1,"cocaine","0",72,36,24,1,1,0,0,0,0,0,0,0,"0",0,"0",0,"0",0,"0",0,"0",0,"0",0,"0",0,"0",0,"0",0,37,96644,"1",17714,17898,18049,36,9999,0,0,15499,21,441,1,0,0,1,0,0,0,0,0,0,3,1,0,1,0,0,0,0,1,0,1,1,864
"351","6/14/2002",1974,"M","B","Plea","10/25/2002","1/24/2003",2,"pwid",0,"cocaine","heroin",0.330000013113022,0.330000013113022,24,1,0,1,0,0,0,0,0,0,"0",0,"0",0,"0",0,"0",0,"0",0,"0",0,"0",0,"0",1,"6/06/2003",0,55,99961,"1",17714,17898,18049,0,9999,0,0,15505,28,784,1,0,0,1,0,0,0,0,0,0,3,0,0,1,0,1,0,0,1,0,1,1,7.92000007629395
"352","9/21/2002",1963,"M","B","DWP","1/30/2003","",1,"dist",1,"heroin","0",0,0,0,1,1,1,1,1,1,1,1,1,"12/1/2003",1,"12/01/2003",1,"12/01/2003",1,"12/01/2003",1,"1/15/2004",1,"1/15/2004",1,"1/15/2004",1,"1/15/2004",0,"0",1,448,154347,"1",17714,17898,18049,0,305,0,0,15604,39,1521,1,0,0,1,0,0,0,0,0,0,3,0,0,0,0,1,0,0,0,1,0,0,0
"353","7/26/2002",1966,"M","B","Plea","9/11/2002","10/30/2002",2,"dist, pwid",0,"cocaine","0",0,0,12,1,0,0,0,0,0,0,0,0,"0",0,"0",0,"0",0,"0",0,"0",0,"0",0,"0",0,"0",1,"4/09/2003",0,261,123306,"1",17714,17898,18049,0,9999,0,0,15547,36,1296,1,0,0,0,1,0,0,0,0,0,4,0,0,1,0,0,0,0,1,1,1,1,0
"354","7/23/2002",1978,"M","B","Plea","9/18/2002","11/6/2002",1,"dist",0,"marijuana","0",18,0,0,1,1,1,1,1,1,1,1,1,"2/28/2004",1,"2/28/2004",1,"2/28/2004",1,"2/28/2004",0,"0",0,"0",0,"0",0,"0",0,"0",0,233,121385,"1",17714,17898,18049,18,0,0,0,15544,24,576,1,0,0,0,1,0,0,0,0,0,4,1,1,0,0,0,0,0,0,1,1,0,0
"355","6/27/2002",1983,"M","B","Dismissed","10/29/2002","",1,"pwid",0,"cocaine","0",0,0,0,0,0,0,0,0,0,0,0,1,"4/2/2004",0,"0",0,"0",0,"0",0,"0",0,"0",0,"0",0,"0",0,"0",0,105,107252,"1",17714,17898,18049,0,521,0,0,15518,19,361,1,0,0,0,1,0,0,0,0,0,4,0,0,1,0,0,0,0,1,0,0,0,0
"356","12/20/2002",1983,"M","B","Plea","3/3/2003","6/3/2003",1,"pwid",0,"cocaine","0",6,0,0,1,1,1,0,1,0,0,0,1,"4/22/2005",1,"4/22/2005",1,"4/29/2005",0,"0",0,"0",0,"0",0,"0",0,"0",0,"0",0,2759,199727,"1",17714,17898,18049,6,601,0,0,15694,19,361,1,0,0,0,1,0,0,0,0,0,4,1,0,1,0,0,0,0,1,0,1,0,0
"357","7/31/2002",1966,"M","B","Plea","8/20/2002","10/18/2002",1,"dist",1,"heroin","0",3,0,0,1,0,1,0,1,0,1,0,0,"0",0,"0",0,"0",0,"0",0,"0",0,"0",0,"0",0,"0",0,"0",0,275,126024,"1",17714,17898,18049,3,9999,0,0,15552,36,1296,1,0,0,0,1,0,0,0,0,0,4,1,0,0,0,1,0,0,0,1,1,0,0
"358","8/15/2002",1979,"M","B","Plea","9/25/2002","11/15/2002",1,"pwid",1,"crack","0",24,0,0,1,1,1,1,1,1,1,1,1,"9/3/2005",1,"9/03/2005",1,"9/03/2005",1,"9/03/2005",0,"0",0,"0",0,"0",0,"0",0,"0",0,327,134085,"1",17714,17898,18049,24,354,0,0,15567,23,529,1,0,0,0,1,0,0,0,0,0,4,1,0,0,1,0,0,0,1,0,1,0,0
"359","6/13/2002",1970,"M","B","Dismissed","9/26/2002","",1,"dist",0,"cocaine","0",0,0,0,1,1,1,1,0,0,0,0,0,"3/27/2008",0,"0",0,"0",0,"0",0,"0",0,"0",0,"0",0,"0",0,"0",0,46,99414,"1",17714,17898,18049,0,2009,0,0,15504,32,1024,1,0,0,0,1,0,0,0,0,0,4,0,0,1,0,0,0,0,0,1,0,0,0
"360","10/12/2002",1979,"M","B","Grand jury dismissal","1/17/2003","",1,"pwid",0,"cocaine","0",0,0,0,1,1,0,0,0,0,0,0,0,"0",0,"0",0,"0",0,"0",0,"0",0,"0",0,"0",0,"0",0,"0",0,489,165103,"1",17714,17898,18049,0,9999,0,0,15625,23,529,1,0,0,0,1,0,0,0,0,0,4,0,0,1,0,0,0,0,1,0,0,0,0
"361","11/21/2002",1980,"M","B","Plea","2/21/2003","4/30/2003",1,"pwid",1,"cocaine","0",6,0,0,1,0,1,0,1,0,1,0,1,"10/11/2004",0,"0",1,"9/20/2006",0,"0",1,"1/10/2005",0,"0",1,"11/09/2006",0,"0",0,"0",0,641,185292,"1",17714,17898,18049,6,418,0,0,15665,22,484,1,0,0,0,1,0,0,0,0,0,4,1,0,1,0,0,0,0,1,0,1,0,0
"362","11/25/2002",1946,"M","B","Plea","2/5/2003","2/5/2003",1,"dist",0,"heroin","0",12,0,0,1,1,1,1,1,1,1,1,1,"3/5/2004",0,"0",0,"0",0,"0",0,"0",0,"0",0,"0",0,"0",0,"0",0,655,186784,"1",17714,17898,18049,12,34,0,0,15669,56,3136,1,0,0,0,1,0,0,0,0,0,4,1,0,0,0,1,0,0,0,1,1,0,0
"363","10/30/2002",1968,"M","B","Plea","2/14/2003","4/22/2003",1,"dist",0,"cocaine","0",12,0,0,1,1,1,1,1,1,1,1,1,"8/23/2004",0,"0",0,"0",0,"0",0,"0",0,"0",0,"0",0,"0",0,"0",0,552,173911,"1",17714,17898,18049,12,196,0,0,15643,34,1156,1,0,0,0,1,0,0,0,0,0,4,1,0,1,0,0,0,0,0,1,1,0,0
"364","2/27/2003",1972,"M","B","Plea","4/22/2003","6/17/2003",1,"pwid",0,"crack","0",18,14,24,1,0,1,0,1,0,0,0,1,"4/8/2004",0,"0",0,"0",0,"0",1,"5/14/2004",0,"0",0,"0",0,"0",1,"8/02/2005",0,1073,38598,"3",17714,17898,18049,4,232,0,0,15763,31,961,1,0,0,0,1,0,0,0,0,0,4,1,0,0,1,0,0,0,1,0,1,1,336
"365","8/22/2002",1950,"F","B","Dismissed","1/12/2003","",1,"pwid",0,"cocaine","0",0,0,0,0,0,0,0,0,0,0,0,0,"0",0,"0",0,"0",0,"0",0,"0",0,"0",0,"0",0,"0",0,"0",0,348,137989,"1",17714,17898,18049,0,9999,1,0,15574,52,2704,1,0,0,0,1,0,0,0,0,0,4,0,0,1,0,0,0,0,1,0,0,0,0
"366","2/12/2003",1955,"M","B","Plea","4/29/2003","7/21/2003",1,"dist",0,"crack","0",6,0,0,1,1,1,1,1,0,0,0,0,"0",0,"0",0,"0",0,"0",0,"0",0,"0",0,"0",0,"0",0,"0",0,1001,32476,"2",17714,17898,18049,6,9999,0,0,15748,48,2304,1,0,0,0,1,0,0,0,0,0,4,1,0,0,1,0,0,0,0,1,1,0,0
"367","8/2/2002",1967,"M","B","Dismissed","12/4/2002","",1,"pwid",0,"cocaine","0",0,0,0,0,0,0,0,0,0,0,0,1,"1/21/2006",0,"0",0,"0",0,"0",0,"0",0,"0",0,"0",0,"0",0,"0",0,284,127192,"1",17714,17898,18049,0,1144,0,0,15554,35,1225,1,0,0,0,1,0,0,0,0,0,4,0,0,1,0,0,0,0,1,0,0,0,0
"368","11/1/2002",1971,"M","B","Plea","2/11/2003","5/29/2003",1,"dist",0,"cocaine","0",15,0,0,1,1,1,1,1,1,1,1,0,"0",0,"0",0,"0",0,"0",0,"0",0,"0",0,"0",0,"0",0,"0",1,567,174974,"1",17714,17898,18049,15,9999,0,0,15645,31,961,1,0,0,0,1,0,0,0,0,0,4,1,0,1,0,0,0,0,0,1,1,0,0
"369","8/2/2002",1947,"M","B","Plea","9/18/2002","11/7/2002",1,"dist",0,"heroin","0",24,0,0,1,1,1,1,1,0,1,0,0,"0",0,"0",0,"0",0,"0",0,"0",0,"0",0,"0",0,"0",0,"0",1,283,127173,"1",17714,17898,18049,24,9999,0,0,15554,55,3025,1,0,0,0,1,0,0,0,0,0,4,1,0,0,0,1,0,0,0,1,1,0,0
"370","12/17/2002",1979,"M","B","Jury trial guilty","9/11/2003","11/3/2003",1,"pwid",1,"cocaine","0",15,0,0,1,1,1,1,1,1,1,1,1,"1/20/2007",1,"1/20/2007",1,"1/20/2007",1,"1/20/2007",1,"3/28/2007",1,"3/28/2007",1,"3/28/2007",1,"3/28/2007",0,"0",0,733,197972,"1",17714,17898,18049,15,777,0,0,15691,23,529,1,0,0,0,1,0,0,0,0,0,4,1,0,1,0,0,0,0,1,0,1,0,0
"371","10/31/2002",1983,"M","B","Plea","3/27/2003","9/29/2004",1,"dist",0,"crack","0",12,0,0,1,1,1,1,1,1,1,1,0,"0",0,"0",0,"0",0,"0",0,"0",0,"0",0,"0",0,"0",0,"0",0,559,174487,"1",17714,17898,18049,12,9999,0,0,15644,19,361,1,0,0,0,1,0,0,0,0,0,4,1,0,0,1,0,0,0,0,1,1,0,0
"372","2/24/2003",1951,"M","B","Plea","5/22/2003","7/10/2003",2,"dist",1,"other","0",9,0,0,1,1,1,1,1,1,1,1,0,"0",0,"0",0,"0",0,"0",0,"0",0,"0",0,"0",0,"0",0,"0",0,1050,36577,"2",17714,17898,18049,9,9999,0,0,15760,52,2704,1,0,0,0,1,0,0,0,0,0,4,1,0,0,0,0,0,1,0,1,1,0,0
"373","8/1/2002",1952,"M","B","Plea","10/4/2002","11/22/2002",1,"dist",0,"marijuana","0",18,0,0,1,1,1,0,1,0,1,0,1,"6/11/2005",0,"0",0,"0",0,"0",1,"6/11/2005",0,"0",0,"0",0,"0",0,"0",0,277,126511,"1",17714,17898,18049,18,441,0,0,15553,50,2500,1,0,0,0,1,0,0,0,0,0,4,1,1,0,0,0,0,0,0,1,1,0,0
"374","3/22/2003",1962,"W","B","DWP","6/18/2003","0",1,"dist",0,"cocaine","0",0,0,0,1,1,1,1,1,0,0,0,0,"0",0,"0",0,"0",0,"0",0,"0",0,"0",0,"0",0,"0",0,"0",0,3164,49769,"2",17714,17898,18049,0,9999,0,0,15786,41,1681,1,0,0,0,1,0,0,0,0,0,4,0,0,1,0,0,0,0,0,1,0,0,0
"375","12/18/2002",1970,"M","B","Plea","3/25/2003","5/20/2003",1,"dist",0,"crack","0",12,10.1700000762939,24,1,1,1,1,1,1,1,1,1,"9/3/2004",0,"0",0,"0",0,"0",0,"0",0,"0",0,"0",0,"0",1,"5/19/2005",1,749,198418,"1",17714,17898,18049,1.82999992370605,473.099609375,0,0,15692,32,1024,1,0,0,0,1,0,0,0,0,0,4,1,0,0,1,0,0,0,0,1,1,1,244.080001831055
"376","12/19/2002",1976,"M","B","Jury trial guilty","6/11/2003","8/20/2003",1,"dist",0,"cocaine","0",18,0,0,1,1,1,1,1,1,1,1,1,"5/5/2006",1,"5/05/2006",1,"5/05/2006",1,"5/05/2006",1,"6/28/2006",1,"6/28/2006",1,"6/28/2006",1,"6/28/2006",0,"0",1,753,198899,"1",17714,17898,18049,18,519,0,0,15693,26,676,1,0,0,0,1,0,0,0,0,0,4,1,0,1,0,0,0,0,0,1,1,0,0
"377","3/12/2003",1970,"M","B","Plea","4/28/2003","8/13/2003",2,"dist",1,"marijuana","0",12,0,0,1,1,1,1,1,0,1,0,0,"2/27/2008",1,"8/08/2008",1,"8/08/2008",1,"8/08/2008",0,"0",0,"0",0,"0",0,"0",0,"0",0,1131,44731,"2",17714,17898,18049,12,1406,0,0,15776,33,1089,1,0,0,0,1,0,0,0,0,0,4,1,1,0,0,0,0,0,0,1,1,0,0
"378","8/17/2002",1956,"M","W","Plea","4/22/2003","6/17/2003",1,"pwid",0,"other","0",6,6,18,0,0,0,0,0,0,0,0,0,"0",0,"0",0,"0",0,"0",0,"0",0,"0",0,"0",0,"0",0,"0",0,334,135471,"1",17714,17898,18049,0,9999,0,1,15569,46,2116,1,0,0,0,1,0,0,0,0,0,4,0,0,0,0,0,0,1,1,0,1,1,108
"379","10/19/2002",1970,"M","B","Plea","1/27/2003","4/30/2003",1,"dist",0,"cocaine","0",18,18,24,1,1,1,1,1,1,1,1,1,"5/26/2003",0,"0",0,"0",0,"0",0,"0",0,"0",0,"0",0,"0",0,"0",1,517,168347,"1",17714,17898,18049,0,119,0,0,15632,32,1024,1,0,0,0,1,0,0,0,0,0,4,0,0,1,0,0,0,0,0,1,1,1,432
"380","6/22/2002",1958,"M","B","Plea","6/25/2003","9/23/2003",1,"dist",0,"cocaine","0",12,0,0,1,1,1,1,1,1,1,1,1,"6/1/2006",0,"0",0,"0",0,"0",0,"0",0,"0",0,"0",0,"0",0,"0",0,83,104429,"1",17714,17898,18049,12,712,0,0,15513,44,1936,1,0,0,0,1,0,0,0,0,0,4,1,0,1,0,0,0,0,0,1,1,0,0
"381","6/3/2002",1970,"M","B","Plea","11/27/2002","3/5/2003",1,"dist",0,"cocaine","0",0,0,24,1,1,1,1,1,1,1,1,1,"4/12/2004",0,"0",0,"0",0,"0",0,"0",0,"0",0,"0",0,"0",0,"0",0,6,93957,"1",17714,17898,18049,0,502,0,0,15494,32,1024,1,0,0,0,1,0,0,0,0,0,4,0,0,1,0,0,0,0,0,1,1,1,0
"382","12/19/2002",1983,"M","B","Jury trial guilty","6/11/2003","8/20/2003",1,"dist",0,"cocaine","0",24,24,24,1,0,1,0,0,0,0,0,1,"7/19/2005",1,"7/27/2005",1,"7/27/2005",1,"7/27/2005",1,"5/03/2006",1,"5/03/2006",1,"9/28/2006",1,"9/28/2006",1,"10/01/2004",1,753,198899,"1",17714,17898,18049,0,769,0,0,15693,19,361,1,0,0,0,1,0,0,0,0,0,4,0,0,1,0,0,0,0,0,1,1,1,576
"383","1/30/2003",1982,"M","B","Plea","12/2/2003","2/1/2006",1,"dist",0,"heroin","0",8,0,0,0,0,0,0,0,0,0,0,1,"10/23/2005",1,"10/23/2005",0,"0",0,"0",0,"0",0,"0",0,"0",0,"0",0,"0",0,926,25794,"2",17714,17898,18049,8,451,0,0,15735,21,441,1,0,0,0,1,0,0,0,0,0,4,1,0,0,0,1,0,0,0,1,1,0,0
"384","4/23/2003",1966,"M","B","Plea","7/22/2003","10/3/2003",2,"pwid",1,"heroin","0",6,0,0,1,1,1,1,1,1,1,1,0,"0",0,"0",0,"0",0,"0",0,"0",0,"0",0,"0",0,"0",0,"0",0,1232,65590,"3",17714,17898,18049,6,9999,0,0,15818,37,1369,1,0,0,0,1,0,0,0,0,0,4,1,0,0,0,1,0,0,1,0,1,0,0
"385","2/13/2003",1984,"M","B","Plea","4/28/2003","6/25/2003",1,"pwid",0,"cocaine","0",24,24,30,0,0,0,0,0,0,0,0,0,"0",0,"0",0,"0",0,"0",0,"0",0,"0",0,"0",0,"0",0,"0",0,2997,32345,"3",17714,17898,18049,0,9999,0,0,15749,19,361,1,0,0,0,1,0,0,0,0,0,4,0,0,1,0,0,0,0,1,0,1,1,720
"386","7/4/2002",1975,"F","B","Jury trial guilty","1/8/2003","3/7/2003",1,"pwid",0,"crack","0",6,0,0,0,0,0,0,0,0,0,0,0,"0",0,"0",0,"0",0,"0",0,"0",0,"0",0,"0",0,"0",0,"0",0,128,33461,"1",17714,17898,18049,6,9999,1,0,15525,27,729,1,0,0,0,1,0,0,0,0,0,4,1,0,0,1,0,0,0,1,0,1,0,0
"387","4/8/2003",1939,"M","B","Plea","10/3/2003","10/3/2003",2,"dist",0,"cocaine","0",2,2,6,1,1,0,0,0,0,0,0,0,"0",0,"0",0,"0",0,"0",0,"0",0,"0",0,"0",0,"0",0,"0",0,1201,57989,"2",17714,17898,18049,0,9999,0,0,15803,64,4096,1,0,0,0,1,0,0,0,0,0,4,0,0,1,0,0,0,0,0,1,1,1,12
"388","2/20/2003",1980,"M","B","Plea","5/22/2003","7/22/2003",2,"pwid",1,"crack","0",6,6,16,1,0,0,0,1,0,0,0,0,"0",0,"0",0,"0",0,"0",0,"0",0,"0",0,"0",0,"0",0,"0",0,1029,35356,"2",17714,17898,18049,0,9999,0,0,15756,23,529,1,0,0,0,1,0,0,0,0,0,4,0,0,0,1,0,0,0,1,0,1,1,96
"389","9/25/2002",1971,"M","B","Plea","5/21/2003","8/14/2003",1,"dist",0,"crack","0",15,0,0,1,1,1,1,1,1,1,1,1,"7/7/2003",0,"0",0,"0",0,"0",0,"0",0,"0",0,"0",0,"0",0,"0",0,456,43046,"1",17714,17898,18049,15,0,0,0,15608,31,961,1,0,0,0,1,0,0,0,0,0,4,1,0,0,1,0,0,0,0,1,1,0,0
"390","12/18/2002",1959,"M","B","Plea","1/9/2004","3/12/2004",1,"dist",0,"crack","0",18,0,0,1,1,1,0,1,0,1,0,1,"11/17/2005",1,"11/17/2005",1,"11/17/2005",1,"11/17/2005",1,"4/03/2006",1,"4/03/2006",1,"4/03/2006",1,"4/03/2006",0,"0",1,749,198418,"1",17714,17898,18049,18,138,0,0,15692,43,1849,1,0,0,0,1,0,0,0,0,0,4,1,0,0,1,0,0,0,0,1,1,0,0
"391","1/31/2003",1976,"M","B","Jury trial guilty","4/30/2003","7/11/2003",1,"dist",0,"marijuana","0",24,0,0,1,1,1,1,1,1,1,1,1,"5/9/2006",1,"5/09/2006",1,"5/09/2006",1,"5/09/2006",1,"9/05/2006",1,"9/05/2006",1,"9/05/2006",1,"9/05/2006",0,"0",0,943,26576,"3",17714,17898,18049,24,385,0,0,15736,27,729,1,0,0,0,1,0,0,0,0,0,4,1,1,0,0,0,0,0,0,1,1,0,0
"392","2/1/2003",1969,"M","B","Plea","4/22/2003","6/16/2003",1,"dist",0,"crack","0",12,0,0,1,1,1,1,1,1,1,1,0,"0",0,"0",0,"0",0,"0",0,"0",0,"0",0,"0",0,"0",0,"0",1,957,27216,"3",17714,17898,18049,12,9999,0,0,15737,34,1156,1,0,0,0,1,0,0,0,0,0,4,1,0,0,1,0,0,0,0,1,1,0,0
"393","1/27/2003",1967,"M","B","Plea","3/28/2003","7/28/2003",2,"dist, pwid",0,"marijuana","0",48,0,0,1,1,1,1,1,1,1,1,1,"2/6/2005",0,"0",0,"0",0,"0",0,"0",0,"0",0,"0",0,"0",0,"0",0,897,23803,"3",17714,17898,18049,48,0,0,0,15732,36,1296,1,0,0,0,1,0,0,0,0,0,4,1,1,0,0,0,0,0,1,1,1,0,0
"394","1/21/2003",1977,"M","B","Plea","9/25/2003","11/25/2003",1,"dist",0,"marijuana","0",24,0,0,1,1,1,0,1,0,1,0,1,"5/14/2004",1,"5/14/2004",1,"7/01/2005",1,"7/01/2005",1,"4/04/2006",1,"4/04/2006",1,"4/04/2006",1,"4/04/2006",0,"0",0,873,21574,"3",17714,17898,18049,24,0,0,0,15726,26,676,1,0,0,0,1,0,0,0,0,0,4,1,1,0,0,0,0,0,0,1,1,0,0
"395","11/1/2002",1972,"M","B","Plea","6/26/2003","9/5/2003",1,"dist",0,"cocaine","0",12,12,24,0,0,0,0,0,0,0,0,0,"0",0,"0",0,"0",0,"0",0,"0",0,"0",0,"0",0,"0",0,"0",1,567,174974,"1",17714,17898,18049,0,9999,0,0,15645,30,900,1,0,0,0,1,0,0,0,0,0,4,0,0,1,0,0,0,0,0,1,1,1,288
"396","12/21/2002",1974,"M","B","Plea","3/31/2003","3/31/2003",1,"pwid",0,"marijuana","0",6,0,0,1,1,1,1,1,1,1,1,1,"2/8/2005",1,"2/08/2005",1,"11/09/2005",1,"11/09/2005",1,"2/24/2006",1,"2/24/2006",1,"2/24/2006",1,"2/24/2006",0,"0",0,768,200006,"1",17714,17898,18049,6,500,0,0,15695,28,784,1,0,0,0,1,0,0,0,0,0,4,1,1,0,0,0,0,0,1,0,1,0,0
"397","3/7/2003",1972,"F","B","Jury trial guilty","6/19/2003","8/29/2003",1,"dist",0,"cocaine","0",10,0,0,1,1,0,0,1,0,0,0,1,"5/25/2006",0,"0",1,"5/25/2006",0,"0",1,"6/16/2006",0,"0",1,"6/16/2006",0,"0",0,"0",1,1112,42367,"3",17714,17898,18049,10,771,1,0,15771,31,961,1,0,0,0,1,0,0,0,0,0,4,1,0,1,0,0,0,0,0,1,1,0,0
"398","10/1/2002",1977,"M","B","Plea","12/3/2002","1/24/2003",1,"pwid",0,"heroin","0",24,12,18,1,1,1,1,1,1,1,1,1,"8/2/2004",1,"2/22/2005",1,"2/22/2005",1,"2/22/2005",0,"0",0,"0",0,"0",0,"0",0,"0",0,460,158885,"1",17714,17898,18049,12,248,0,0,15614,25,625,1,0,0,0,1,0,0,0,0,0,4,1,0,0,0,1,0,0,1,0,1,1,216
"399","10/24/2002",1949,"M","B","Plea","3/12/2003","10/21/2003",1,"dist",0,"marijuana","0",12,0,0,1,1,1,1,1,1,1,1,0,"7/4/2008",0,"0",0,"0",0,"0",0,"0",0,"0",0,"0",0,"0",0,"0",0,537,170855,"1",17714,17898,18049,12,1581,0,0,15637,53,2809,1,0,0,0,1,0,0,0,0,0,4,1,1,0,0,0,0,0,0,1,1,0,0
"400","10/23/2002",1954,"M","B","Plea","1/31/2003","1/31/2003",1,"dist",0,"heroin","0",0,0,9,1,0,1,0,0,0,0,0,0,"0",0,"0",0,"0",0,"0",0,"0",0,"0",0,"0",0,"0",0,"0",1,525,170337,"1",17714,17898,18049,0,9999,0,0,15636,48,2304,1,0,0,0,1,0,0,0,0,0,4,0,0,0,0,1,0,0,0,1,1,1,0
"401","1/25/2003",1980,"M","B","Plea","3/6/2003","5/2/2003",1,"dist",0,"heroin","0",12,12,24,1,1,0,0,0,0,0,0,1,"9/23/2006",0,"0",0,"0",0,"0",0,"0",0,"0",0,"0",0,"0",0,"0",0,895,23641,"3",17714,17898,18049,0,1297,0,0,15730,23,529,1,0,0,0,1,0,0,0,0,0,4,0,0,0,0,1,0,0,0,1,1,1,288
"402","7/22/2002",1979,"M","B","Dismissed","11/19/2002","",1,"dist",0,"crack","0",0,0,0,1,1,1,1,1,1,1,1,0,"0",0,"0",0,"0",0,"0",0,"0",0,"0",0,"0",0,"0",0,"0",0,228,120557,"1",17714,17898,18049,0,9999,0,0,15543,23,529,1,0,0,0,1,0,0,0,0,0,4,0,0,0,1,0,0,0,0,1,0,0,0
"403","11/1/2002",1965,"M","B","Plea","2/11/2003","4/16/2003",1,"dist",1,"cocaine","0",12,0,0,1,1,1,1,1,0,1,0,1,"10/4/2006",1,"10/04/2006",1,"10/04/2006",1,"10/04/2006",0,"0",0,"0",0,"0",0,"0",0,"0",1,567,174974,"1",17714,17898,18049,12,971,0,0,15645,37,1369,1,0,0,0,1,0,0,0,0,0,4,1,0,1,0,0,0,0,0,1,1,0,0
"404","11/14/2002",1981,"M","B","Plea","1/29/2003","4/4/2003",2,"dist, pwid",0,"cocaine","marijuana",8,0,0,1,1,1,0,1,1,1,0,1,"5/4/2004",1,"5/04/2004",1,"5/04/2004",1,"5/04/2004",1,"10/22/2004",1,"10/22/2004",1,"10/22/2004",1,"10/22/2004",0,"0",0,604,181684,"1",17714,17898,18049,8,221,0,0,15658,21,441,1,0,0,0,1,0,0,0,0,0,4,1,1,1,0,0,0,0,1,1,1,0,0
"405","2/4/2003",1974,"M","B","Dismissed","2/24/2003","0",2,"pwid",0,"cocaine","heroin",0,0,0,1,1,1,1,1,1,1,1,1,"2/28/2004",0,"0",0,"0",0,"0",0,"0",0,"0",0,"0",0,"0",0,"0",0,967,28722,"2",17714,17898,18049,0,369,0,0,15740,29,841,1,0,0,0,1,0,0,0,0,0,4,0,0,1,0,1,0,0,1,0,0,0,0
"406","12/21/2002",1963,"M","B","Plea","2/13/2003","4/14/2003",2,"dist, pwid",0,"crack","0",18,0,0,1,1,1,1,1,1,1,1,0,"0",0,"0",0,"0",0,"0",0,"0",0,"0",0,"0",0,"0",0,"0",0,769,199994,"1",17714,17898,18049,18,9999,0,0,15695,39,1521,1,0,0,0,1,0,0,0,0,0,4,1,0,0,1,0,0,0,1,1,1,0,0
"407","1/29/2003",1977,"M","B","Plea","5/21/2003","7/15/2003",1,"pwid",0,"crack","0",18,18,18,1,0,1,0,0,0,0,0,0,"0",0,"0",0,"0",0,"0",0,"0",0,"0",0,"0",0,"0",0,"0",0,923,25622,"3",17714,17898,18049,0,9999,0,0,15734,26,676,1,0,0,0,1,0,0,0,0,0,4,0,0,0,1,0,0,0,1,0,1,1,324
"408","8/14/2002",1951,"M","B","Plea","10/16/2002","12/9/2002",1,"dist",0,"heroin","0",36,0,0,1,1,1,1,1,1,1,1,0,"0",0,"0",0,"0",0,"0",0,"0",0,"0",0,"0",0,"0",0,"0",0,323,133570,"1",17714,17898,18049,36,9999,0,0,15566,51,2601,1,0,0,0,1,0,0,0,0,0,4,1,0,0,0,1,0,0,0,1,1,0,0
"409","8/30/2002",1980,"M","B","Plea","11/26/2002","",2,"pwid",0,"cocaine","marijuana",12,0,0,1,1,1,1,1,1,1,1,0,"12/20/2007",0,"0",0,"0",0,"0",0,"0",0,"0",0,"0",0,"0",0,"0",0,370,27868,"1",17714,17898,18049,12,1490,0,0,15582,22,484,1,0,0,0,1,0,0,0,0,0,4,1,1,1,0,0,0,0,1,0,1,0,0
"410","12/20/2002",1962,"M","B","Plea","2/14/2003","4/24/2003",1,"dist",0,"cocaine","0",12,0,0,1,1,1,1,1,1,1,1,0,"0",0,"0",0,"0",0,"0",0,"0",0,"0",0,"0",0,"0",0,"0",0,766,199467,"1",17714,17898,18049,12,9999,0,0,15694,40,1600,1,0,0,0,1,0,0,0,0,0,4,1,0,1,0,0,0,0,0,1,1,0,0
"411","10/28/2002",1973,"F","B","Plea","2/14/2003","6/19/2003",1,"dist",0,"heroin","0",12,12,18,1,0,1,0,1,0,0,0,0,"0",0,"0",0,"0",0,"0",0,"0",0,"0",0,"0",0,"0",0,"0",0,545,171857,"1",17714,17898,18049,0,9999,1,0,15641,29,841,1,0,0,0,1,0,0,0,0,0,4,0,0,0,0,1,0,0,0,1,1,1,216
"412","10/29/2002",1982,"M","W","Dismissed","12/19/2002","",1,"pwid",0,"marijuana","0",0,0,0,0,0,0,0,0,0,0,0,0,"0",0,"0",0,"0",0,"0",0,"0",0,"0",0,"0",0,"0",0,"0",0,548,173266,"1",17714,17898,18049,0,9999,0,1,15642,20,400,1,0,0,0,1,0,0,0,0,0,4,0,1,0,0,0,0,0,1,0,0,0,0
"413","3/14/2003",1976,"M","B","Jury trial guilty","10/22/2003","12/16/2003",2,"pwid",0,"crack","pcp",20,0,0,1,1,0,0,1,1,0,0,1,"7/7/2007",1,"7/07/2007",1,"7/07/2007",1,"7/07/2007",1,"9/26/2008",1,"9/26/2008",1,"9/26/2008",1,"9/26/2008",0,"0",0,849,18953,"2",17714,17898,18049,20,754,0,0,15778,27,729,1,0,0,0,1,0,0,0,0,0,4,1,0,0,1,0,1,0,1,0,1,0,0
"414","6/13/2002",1948,"M","B","Jury trial guilty","3/6/2003","5/19/2003",1,"pwid",0,"crack","0",6,0,0,1,1,1,1,1,0,1,0,0,"0",0,"0",0,"0",0,"0",0,"0",0,"0",0,"0",0,"0",0,"0",0,47,NA,"1",17714,17898,18049,6,9999,0,0,15504,54,2916,1,0,0,0,1,0,0,0,0,0,4,1,0,0,1,0,0,0,1,0,1,0,0
"415","6/5/2002",1982,"M","B","DWP","11/13/2002","",1,"pwid",0,"cocaine","0",0,0,0,0,0,0,0,0,0,0,0,1,"1/16/2006",0,"0",0,"0",0,"0",0,"0",0,"0",0,"0",0,"0",0,"0",0,11,95040,"1",17714,17898,18049,0,1160,0,0,15496,20,400,1,0,0,0,1,0,0,0,0,0,4,0,0,1,0,0,0,0,1,0,0,0,0
"416","3/7/2003",1965,"M","B","Plea","5/19/2003","5/19/2003",2,"dist",0,"cocaine","marijuana",6,6,24,1,1,1,1,1,1,1,0,1,"10/12/2004",0,"0",0,"0",0,"0",0,"0",0,"0",0,"0",0,"0",0,"0",0,1114,42388,"3",17714,17898,18049,0,512,0,0,15771,38,1444,1,0,0,0,1,0,0,0,0,0,4,0,1,1,0,0,0,0,0,1,1,1,144
"417","9/19/2002",1954,"M","B","Plea","1/10/2003","3/13/2003",1,"dist",0,"heroin","0",48,48,36,1,1,1,1,1,1,1,1,1,"8/16/2003",0,"0",1,"8/16/2003",0,"0",1,"1/21/2004",0,"0",1,"1/21/2004",0,"0",1,"1/22/2004",0,438,152925,"1",17714,17898,18049,0,218,0,0,15602,48,2304,1,0,0,0,1,0,0,0,0,0,4,0,0,0,0,1,0,0,0,1,1,1,1728
"418","5/5/2003",1965,"M","W","Jury trial guilty","8/11/2003","8/11/2003",1,"pwid",0,"heroin","0",0,0,12,0,0,0,0,0,0,0,0,0,"0",0,"0",0,"0",0,"0",0,"0",0,"0",0,"0",0,"0",0,"0",0,1275,71216,"2",17714,17898,18049,0,9999,0,1,15830,38,1444,1,0,0,0,1,0,0,0,0,0,4,0,0,0,0,1,0,0,1,0,1,1,0
"419","1/13/2003",1983,"M","B","Plea","2/24/2003","4/24/2003",1,"pwid",0,"crack","0",12,0,0,1,1,0,0,0,0,0,0,1,"3/18/2003",1,"3/18/2003",1,"3/18/2003",1,"3/18/2003",1,"6/30/2003",1,"6/30/2003",1,"6/30/2003",1,"6/30/2003",0,"0",0,844,18056,"3",17714,17898,18049,12,0,0,0,15718,20,400,1,0,0,0,1,0,0,0,0,0,4,1,0,0,1,0,0,0,1,0,1,0,0
"420","11/22/2002",1980,"M","B","Plea","1/13/2003","4/29/2003",1,"pwid",0,"crack","0",0,0,24,1,1,0,0,0,0,0,0,1,"6/27/2003",0,"0",0,"0",0,"0",0,"0",0,"0",0,"0",0,"0",1,"9/09/2003",0,643,48948,"1",17714,17898,18049,0,165,0,0,15666,22,484,1,0,0,0,1,0,0,0,0,0,4,0,0,0,1,0,0,0,1,0,1,1,0
"421","11/15/2002",1970,"M","B","Dismissed","7/16/2003","",2,"pwid",1,"crack","heroin",0,0,0,1,1,1,1,1,1,1,1,1,"12/13/2003",1,"12/13/2003",1,"12/24/2003",1,"12/24/2003",1,"3/17/2004",1,"3/17/2004",1,"3/17/2004",1,"3/17/2004",0,"0",1,611,177525,"1",17714,17898,18049,0,150,0,0,15659,32,1024,1,0,0,0,1,0,0,0,0,0,4,0,0,0,1,1,0,0,1,0,0,0,0
"422","2/3/2003",1959,"M","B","Plea","3/18/2003","1/7/2005",1,"dist",0,"heroin","0",10,0,0,1,1,1,1,1,1,1,1,1,"10/30/2004",1,"10/30/2004",1,"10/30/2004",1,"10/30/2004",0,"0",0,"0",0,"0",0,"0",0,"0",0,1214,63505,"3",17714,17898,18049,10,292,0,0,15739,44,1936,1,0,0,0,1,0,0,0,0,0,4,1,0,0,0,1,0,0,0,1,1,0,0
"423","12/23/2002",1982,"M","B","Plea","4/2/2003","7/8/2003",1,"pwid",0,"marijuana","0",12,11,24,1,0,1,0,1,0,1,0,0,"0",0,"0",0,"0",0,"0",0,"0",0,"0",0,"0",0,"0",0,"0",0,773,200416,"1",17714,17898,18049,1,9999,0,0,15697,20,400,1,0,0,0,1,0,0,0,0,0,4,1,1,0,0,0,0,0,1,0,1,1,264
"424","10/26/2002",1956,"M","B","Plea","2/6/2003","6/6/2003",1,"dist",0,"heroin","0",9,0,0,1,1,1,1,1,1,1,1,1,"3/3/2004",1,"3/03/2004",1,"3/03/2004",1,"3/03/2004",1,"3/10/2005",1,"3/10/2005",1,"3/10/2005",1,"3/10/2005",0,"0",0,542,171857,"1",17714,17898,18049,9,121,0,0,15639,46,2116,1,0,0,0,1,0,0,0,0,0,4,1,0,0,0,1,0,0,0,1,1,0,0
"425","10/19/2002",1970,"M","B","Plea","2/21/2003","5/1/2003",1,"dist",1,"cocaine","0",12,0,0,1,1,1,1,1,1,1,1,1,"3/17/2004",1,"3/17/2004",0,"0",0,"0",1,"3/01/2005",1,"3/01/2005",0,"0",0,"0",0,"0",1,517,168347,"1",17714,17898,18049,12,30,0,0,15632,32,1024,1,0,0,0,1,0,0,0,0,0,4,1,0,1,0,0,0,0,0,1,1,0,0
"426","8/28/2002",1976,"M","B","Plea","10/16/2002","12/4/2002",2,"dist, pwid",0,"cocaine","0",18,6,0,1,1,1,1,1,1,1,1,1,"8/27/2004",1,"8/27/2004",1,"8/27/2004",1,"8/27/2004",0,"0",0,"0",0,"0",0,"0",0,"0",0,366,141229,"1",17714,17898,18049,12,321,0,0,15580,26,676,1,0,0,0,1,0,0,0,0,0,4,1,0,1,0,0,0,0,1,1,1,0,0
"427","1/9/2003",1978,"M","B","Plea","6/23/2003","9/5/2003",1,"dist",0,"heroin","0",12,0,0,1,1,1,1,1,1,1,1,0,"0",0,"0",0,"0",0,"0",0,"0",0,"0",0,"0",0,"0",0,"0",0,818,16092,"1",17714,17898,18049,12,9999,0,0,15714,25,625,1,0,0,0,1,0,0,0,0,0,4,1,0,0,0,1,0,0,0,1,1,0,0
"428","7/1/2002",1956,"M","B","Plea","3/18/2003","5/21/2003",1,"dist",0,"heroin","0",12,8.16699981689453,24,1,1,1,1,1,1,0,0,0,"3/6/2008",0,"0",0,"0",0,"0",0,"0",0,"0",0,"0",0,"0",1,"10/10/2003",1,116,108669,"1",17714,17898,18049,3.83300018310547,1700.009765625,0,0,15522,46,2116,1,0,0,0,1,0,0,0,0,0,4,1,0,0,0,1,0,0,0,1,1,1,196.007995605469
"429","11/15/2002",1982,"M","B","Grand jury dismissal","7/16/2003","",2,"pwid",0,"crack","heroin",0,0,0,0,0,0,0,0,0,0,0,1,"10/10/2003",1,"10/10/2003",1,"10/10/2003",1,"10/10/2003",0,"0",0,"0",0,"0",0,"0",0,"0",1,611,177525,"1",17714,17898,18049,0,86,0,0,15659,20,400,1,0,0,0,1,0,0,0,0,0,4,0,0,0,1,1,0,0,1,0,0,0,0
"430","12/18/2002",1974,"M","B","Dismissed","5/22/2003","",1,"dist",0,"cocaine","0",0,0,0,1,1,1,1,1,1,1,1,1,"6/20/2004",1,"9/07/2005",0,"0",0,"0",0,"0",0,"0",0,"0",0,"0",0,"0",0,736,198351,"1",17714,17898,18049,0,395,0,0,15692,28,784,1,0,0,0,1,0,0,0,0,0,4,0,0,1,0,0,0,0,0,1,0,0,0
"431","7/11/2002",1967,"F","B","Plea","9/9/2002","11/6/2002",1,"dist",0,"other","0",36,18,24,1,1,1,1,1,1,1,1,0,"1/15/2007",0,"0",1,"1/15/2007",0,"0",0,"0",0,"0",0,"0",0,"0",1,"6/10/2005",0,159,114815,"1",17714,17898,18049,18,1049,1,0,15532,35,1225,1,0,0,0,1,0,0,0,0,0,4,1,0,0,0,0,0,1,0,1,1,1,432
"432","10/23/2002",1955,"M","B","Plea","1/31/2003","7/8/2003",1,"dist",0,"heroin","0",8,0,0,1,1,1,1,1,1,1,1,0,"0",0,"0",0,"0",0,"0",0,"0",0,"0",0,"0",0,"0",0,"0",1,525,170337,"1",17714,17898,18049,8,9999,0,0,15636,47,2209,1,0,0,0,1,0,0,0,0,0,4,1,0,0,0,1,0,0,0,1,1,0,0
"433","1/23/2003",1983,"M","B","Plea","6/2/2003","4/23/2004",1,"dist",0,"pcp","0",24,0,0,1,1,1,1,0,0,0,0,1,"8/2/2003",1,"8/02/2003",1,"8/02/2003",1,"8/02/2003",1,"4/09/2004",1,"4/09/2004",1,"4/09/2004",1,"4/09/2004",0,"0",0,881,22674,"3",17714,17898,18049,24,0,0,0,15728,20,400,1,0,0,0,1,0,0,0,0,0,4,1,0,0,0,0,1,0,0,1,1,0,0
"434","7/15/2002",1965,"M","B","Plea","9/10/2002","10/29/2002",1,"dist",1,"heroin","0",18,0,0,1,1,1,1,1,1,1,1,0,"0",0,"0",0,"0",0,"0",0,"0",0,"0",0,"0",0,"0",0,"0",0,187,116321,"1",17714,17898,18049,18,9999,0,0,15536,37,1369,1,0,0,0,1,0,0,0,0,0,4,1,0,0,0,1,0,0,0,1,1,0,0
"435","12/4/2002",1961,"M","W","Plea","6/26/2003","10/20/2003",1,"dist",0,"heroin","0",12,0,0,1,1,1,1,1,1,1,1,0,"0",0,"0",0,"0",0,"0",0,"0",0,"0",0,"0",0,"0",0,"0",0,695,191564,"1",17714,17898,18049,12,9999,0,1,15678,41,1681,1,0,0,0,1,0,0,0,0,0,4,1,0,0,0,1,0,0,0,1,1,0,0
"436","12/2/2002",1951,"F","B","Plea","5/28/2003","8/13/2003",1,"dist",0,"other","0",12,12,24,1,1,1,1,1,0,1,0,0,"0",0,"0",0,"0",0,"0",0,"0",0,"0",0,"0",0,"0",1,"3/02/2004",1,688,189992,"1",17714,17898,18049,0,9999,1,0,15676,51,2601,1,0,0,0,1,0,0,0,0,0,4,0,0,0,0,0,0,1,0,1,1,1,288
"437","2/6/2003",1971,"W","B","Plea","8/13/2003","10/15/2003",1,"dist",0,"heroin","0",6,0,0,1,1,0,0,1,0,0,0,1,"1/12/2005",1,"1/05/2008",1,"1/05/2008",1,"1/05/2008",1,"3/18/2005",1,"4/14/2008",1,"4/14/2008",1,"4/14/2008",0,"0",0,984,29766,"2",17714,17898,18049,6,338,0,0,15742,32,1024,1,0,0,0,1,0,0,0,0,0,4,1,0,0,0,1,0,0,0,1,1,0,0
"438","5/1/2003",1981,"M","B","Jury trial guilty","10/28/2003","1/7/2004",1,"pwid",0,"cocaine","0",1,0,0,0,0,0,0,0,0,0,0,1,"9/21/2007",1,"9/21/2007",1,"9/21/2007",1,"9/21/2007",1,"1/16/2008",1,"1/16/2008",1,"1/16/2008",1,"1/16/2008",0,"0",0,3265,69807,"2",17714,17898,18049,1,1394,0,0,15826,22,484,1,0,0,0,1,0,0,0,0,0,4,1,0,1,0,0,0,0,1,0,1,0,0
"439","1/30/2003",1960,"W","B","Plea","6/25/2003","9/10/2003",1,"dist",0,"cocaine","0",12,12,24,1,1,1,1,1,1,1,1,0,"0",0,"0",0,"0",0,"0",0,"0",0,"0",0,"0",0,"0",0,"0",0,924,25753,"2",17714,17898,18049,0,9999,0,0,15735,43,1849,1,0,0,0,1,0,0,0,0,0,4,0,0,1,0,0,0,0,0,1,1,1,288
"440","11/15/2002",1977,"M","B","Plea","3/5/2003","5/1/2003",2,"dist, pwid",0,"cocaine","0",18,0,0,1,1,1,1,1,1,1,1,0,"0",0,"0",0,"0",0,"0",0,"0",0,"0",0,"0",0,"0",0,"0",0,615,182791,"1",17714,17898,18049,18,9999,0,0,15659,25,625,1,0,0,0,1,0,0,0,0,0,4,1,0,1,0,0,0,0,1,1,1,0,0
"441","7/1/2002",1962,"M","B","Plea","3/18/2003","5/21/2003",1,"dist",1,"heroin","0",8,0,0,1,1,1,1,0,0,0,0,0,"0",0,"0",0,"0",0,"0",0,"0",0,"0",0,"0",0,"0",0,"0",1,116,108669,"1",17714,17898,18049,8,9999,0,0,15522,40,1600,1,0,0,0,1,0,0,0,0,0,4,1,0,0,0,1,0,0,0,1,1,0,0
"442","8/24/2002",1973,"M","B","Plea","2/12/2003","6/9/2003",1,"dist",0,"marijuana","0",12,0,0,1,1,1,1,1,1,1,1,0,"0",0,"0",0,"0",0,"0",0,"0",0,"0",0,"0",0,"0",0,"0",0,352,39566,"1",17714,17898,18049,12,9999,0,0,15576,29,841,1,0,0,0,1,0,0,0,0,0,4,1,1,0,0,0,0,0,0,1,1,0,0
"443","2/26/2003",1981,"M","B","Plea","10/22/2003","1/16/2004",1,"dist",0,"cocaine","0",24,24,24,1,1,1,1,0,0,0,0,0,"0",0,"0",0,"0",0,"0",0,"0",0,"0",0,"0",0,"0",1,"6/10/2004",0,1069,38151,"2",17714,17898,18049,0,9999,0,0,15762,22,484,1,0,0,0,1,0,0,0,0,0,4,0,0,1,0,0,0,0,0,1,1,1,576
"444","9/11/2002",1959,"M","B","Dismissed","12/3/2003","",1,"dist",0,"cocaine","0",0,0,0,1,1,0,0,1,1,0,0,1,"2/6/2004",0,"0",1,"2/06/2004",0,"0",1,"8/23/2004",0,"0",0,"0",0,"0",0,"0",0,401,148423,"1",17714,17898,18049,0,65,0,0,15594,43,1849,1,0,0,0,1,0,0,0,0,0,4,0,0,1,0,0,0,0,0,1,0,0,0
"445","7/25/2002",1970,"M","B","Plea","10/3/2002","11/21/2002",1,"pwid",0,"cocaine","0",24,0,0,1,1,0,0,1,1,0,0,0,"0",0,"0",0,"0",0,"0",0,"0",0,"0",0,"0",0,"0",0,"0",0,251,122920,"1",17714,17898,18049,24,9999,0,0,15546,32,1024,1,0,0,0,1,0,0,0,0,0,4,1,0,1,0,0,0,0,1,0,1,0,0
"446","7/18/2002",1976,"F","B","Grand jury dismissal","12/10/2003","",1,"pwid",0,"crack","0",0,0,0,0,0,0,0,0,0,0,0,0,"0",0,"0",0,"0",0,"0",0,"0",0,"0",0,"0",0,"0",0,"0",0,206,35176,"1",17714,17898,18049,0,9999,1,0,15539,26,676,1,0,0,0,1,0,0,0,0,0,4,0,0,0,1,0,0,0,1,0,0,0,0
"447","11/15/2002",1971,"F","B","Grand jury dismissal","7/16/2003","",2,"pwid",0,"crack","heroin",0,0,0,1,1,0,0,1,0,0,0,1,"4/27/2005",1,"4/27/2005",1,"4/27/2005",1,"4/27/2005",1,"6/28/2006",1,"6/28/2006",1,"6/28/2006",1,"6/28/2006",0,"0",1,2611,177525,"1",17714,17898,18049,0,651,1,0,15659,31,961,1,0,0,0,1,0,0,0,0,0,4,0,0,0,1,1,0,0,1,0,0,0,0
"448","6/6/2002",1978,"M","B","Plea","6/9/2003","9/3/2003",2,"pwid",0,"cocaine","marijuana",18,18,24,0,0,0,0,0,0,0,0,1,"8/30/2006",0,"0",0,"0",0,"0",0,"0",0,"0",0,"0",0,"0",0,"0",0,26,95469,"1",17714,17898,18049,0,1178,0,0,15497,24,576,1,0,0,0,1,0,0,0,0,0,4,0,1,1,0,0,0,0,1,0,1,1,432
"449","9/18/2002",1974,"M","B","Plea","6/18/2003","8/18/2003",2,"dist, pwid",0,"pcp","0",8,0,0,0,0,0,0,0,0,0,0,0,"0",0,"0",0,"0",0,"0",0,"0",0,"0",0,"0",0,"0",0,"0",0,430,148286,"1",17714,17898,18049,8,9999,0,0,15601,28,784,1,0,0,0,1,0,0,0,0,0,4,1,0,0,0,0,1,0,1,1,1,0,0
"450","5/7/2003",1980,"M","B","Plea","9/2/2003","10/30/2003",2,"pwid",0,"marijuana","cocaine",12,12,24,0,0,0,0,0,0,0,0,0,"0",0,"0",0,"0",0,"0",0,"0",0,"0",0,"0",0,"0",1,"6/18/2004",0,1282,72995,"2",17714,17898,18049,0,9999,0,0,15832,23,529,1,0,0,0,1,0,0,0,0,0,4,0,1,1,0,0,0,0,1,0,1,1,288
"451","8/2/2002",1952,"F","B","Plea","9/18/2002","2/6/2003",1,"dist",0,"heroin","0",0,0,24,1,1,1,1,1,1,1,1,1,"8/27/2004",0,"0",0,"0",0,"0",0,"0",0,"0",0,"0",0,"0",1,"2/04/2004",1,283,127173,"1",17714,17898,18049,0,709,1,0,15554,50,2500,1,0,0,0,1,0,0,0,0,0,4,0,0,0,0,1,0,0,0,1,1,1,0
"452","7/12/2002",1969,"M","B","Plea","2/21/2003","2/21/2003",1,"dist",0,"marijuana","0",18,0,0,1,1,1,1,1,1,1,1,1,"7/23/2005",0,"0",1,"7/23/2005",0,"0",1,"3/02/2006",0,"0",1,"3/02/2006",0,"0",0,"0",0,169,115400,"1",17714,17898,18049,18,343,0,0,15533,33,1089,1,0,0,0,1,0,0,0,0,0,4,1,1,0,0,0,0,0,0,1,1,0,0
"453","2/1/2003",1975,"M","B","Plea","4/22/2003","6/16/2003",1,"dist",0,"cocaine","0",12,12,24,1,1,1,1,0,0,0,0,1,"3/06/2006",1,"3/06/2006",1,"3/06/2006",1,"3/06/2006",1,"4/10/2006",1,"4/10/2006",1,"4/10/2006",1,"4/10/2006",0,"0",1,4957,27216,"3",17714,17898,18049,0,1049,0,0,15737,28,784,1,0,0,0,1,0,0,0,0,0,4,0,0,1,0,0,0,0,0,1,1,1,288
"454","3/4/2003",1968,"M","B","Plea","9/10/2003","11/17/2003",2,"dist, pwid",0,"cocaine","0",18,0,0,1,1,1,1,1,1,1,1,0,"0",0,"0",0,"0",0,"0",0,"0",0,"0",0,"0",0,"0",0,"0",0,3093,40892,"2",17714,17898,18049,18,9999,0,0,15768,35,1225,1,0,0,0,1,0,0,0,0,0,4,1,0,1,0,0,0,0,1,1,1,0,0
"455","6/19/2002",1971,"M","B","Plea","10/23/2002","12/11/2002",1,"dist",0,"heroin","0",0,0,24,1,1,1,0,1,1,0,0,0,"0",0,"0",0,"0",0,"0",0,"0",0,"0",0,"0",0,"0",0,"0",1,68,102690,"1",17714,17898,18049,0,9999,0,0,15510,31,961,1,0,0,0,1,0,0,0,0,0,4,0,0,0,0,1,0,0,0,1,1,1,0
"456","10/15/2002",1958,"M","B","Plea","4/15/2003","6/10/2003",1,"dist",0,"cocaine","0",4,0,0,1,1,1,1,1,1,1,1,0,"0",0,"0",0,"0",0,"0",0,"0",0,"0",0,"0",0,"0",0,"0",0,499,166270,"1",17714,17898,18049,4,9999,0,0,15628,44,1936,1,0,0,0,1,0,0,0,0,0,4,1,0,1,0,0,0,0,0,1,1,0,0
"457","1/27/2003",1980,"M","B","Dismissed","2/25/2003","",2,"dist",0,"cocaine","0",0,0,0,1,1,1,1,1,1,1,1,0,"0",0,"0",0,"0",0,"0",0,"0",0,"0",0,"0",0,"0",0,"0",0,910,24410,"3",17714,17898,18049,0,9999,0,0,15732,23,529,1,0,0,0,1,0,0,0,0,0,4,0,0,1,0,0,0,0,0,1,0,0,0
"458","6/20/2002",1971,"M","B","Plea","10/29/2002","12/17/2002",1,"pwid",0,"marijuana","0",6,0,0,1,1,1,1,1,1,1,1,0,"0",0,"0",0,"0",0,"0",0,"0",0,"0",0,"0",0,"0",0,"0",0,74,103154,"1",17714,17898,18049,6,9999,0,0,15511,31,961,1,0,0,0,1,0,0,0,0,0,4,1,1,0,0,0,0,0,1,0,1,0,0
"459","3/7/2003",1980,"M","B","Jury trial guilty","6/20/2003","8/28/2003",1,"dist",0,"cocaine","0",18,15,24,0,0,0,0,0,0,0,0,1,"10/24/2003",0,"0",1,"5/23/2007",0,"0",1,"6/11/2007",0,"0",1,"6/11/2007",0,"0",0,"0",1,1112,42367,"3",17714,17898,18049,3,36,0,0,15771,23,529,1,0,0,0,1,0,0,0,0,0,4,1,0,1,0,0,0,0,0,1,1,1,360
"460","7/6/2002",1982,"M","B","Plea","9/23/2002","6/5/2003",2,"dist, pwid",0,"cocaine","0",0,0,24,1,1,1,0,1,0,1,0,1,"9/4/2003",1,"9/04/2003",1,"5/02/2005",1,"5/02/2005",1,"8/23/2005",1,"8/23/2005",1,"8/23/2005",1,"8/23/2005",1,"5/05/2005",1,134,112065,"1",17714,17898,18049,0,346,0,0,15527,20,400,1,0,0,0,1,0,0,0,0,0,4,0,0,1,0,0,0,0,1,1,1,1,0
"461","4/24/2003",1983,"M","B","Plea","7/16/2003","9/22/2003",1,"dist",0,"heroin","0",15,0,0,1,1,1,1,1,1,0,0,1,"6/15/2005",0,"0",1,"6/15/2005",0,"0",1,"8/25/2005",0,"0",1,"8/25/2005",0,"0",0,"0",0,3245,66147,"2",17714,17898,18049,15,250,0,0,15819,20,400,1,0,0,0,1,0,0,0,0,0,4,1,0,0,0,1,0,0,0,1,1,0,0
"462","12/3/2002",1950,"M","B","Plea","5/28/2003","5/28/2003",2,"dist, pwid",1,"heroin","0",12,12,24,1,1,1,1,1,1,1,1,0,"0",0,"0",0,"0",0,"0",0,"0",0,"0",0,"0",0,"0",0,"0",0,690,188719,"1",17714,17898,18049,0,9999,0,0,15677,52,2704,1,0,0,0,1,0,0,0,0,0,4,0,0,0,0,1,0,0,1,1,1,1,288
"463","8/8/2002",1965,"M","B","Plea","9/27/2002","11/18/2002",1,"dist",0,"heroin","0",36,0,0,1,1,1,1,1,1,1,1,0,"0",0,"0",0,"0",0,"0",0,"0",0,"0",0,"0",0,"0",0,"0",0,308,130362,"1",17714,17898,18049,36,9999,0,0,15560,37,1369,1,0,0,0,1,0,0,0,0,0,4,1,0,0,0,1,0,0,0,1,1,0,0
"464","10/11/2002",1976,"F","B","DWP","2/13/2003","",1,"pwid",0,"crack","0",0,0,0,0,0,0,0,0,0,0,0,0,"0",0,"0",0,"0",0,"0",0,"0",0,"0",0,"0",0,"0",0,"0",0,483,164363,"1",17714,17898,18049,0,9999,1,0,15624,26,676,1,0,0,0,1,0,0,0,0,0,4,0,0,0,1,0,0,0,1,0,0,0,0
"465","2/26/2003",1979,"M","B","Plea","6/6/2003","8/14/2003",2,"dist, pwid",0,"marijuana","0",12,0,0,1,1,1,0,1,1,1,0,0,"0",0,"0",0,"0",0,"0",0,"0",0,"0",0,"0",0,"0",0,"0",0,1068,38145,"2",17714,17898,18049,12,9999,0,0,15762,24,576,1,0,0,0,1,0,0,0,0,0,4,1,1,0,0,0,0,0,1,1,1,0,0
"466","7/6/2002",1968,"F","B","Plea","9/12/2002","11/8/2002",1,"dist",0,"cocaine","marijuana",0,0,24,1,1,1,0,1,1,1,0,1,"3/28/2006",0,"0",0,"0",0,"0",1,"12/19/2006",0,"0",0,"0",0,"0",0,"0",1,134,112065,"1",17714,17898,18049,0,1293,1,0,15527,34,1156,1,0,0,0,1,0,0,0,0,0,4,0,1,1,0,0,0,0,0,1,1,1,0
"467","6/19/2002",1942,"M","B","Dismissed","10/23/2002","",1,"dist",0,"heroin","0",0,0,0,1,1,1,1,1,1,1,1,1,"12/15/2004",1,"12/15/2004",1,"2/01/2005",1,"2/17/2006",1,"1/10/2008",0,"0",0,"0",0,"0",0,"0",1,68,102690,"1",17714,17898,18049,0,784,0,0,15510,60,3600,1,0,0,0,1,0,0,0,0,0,4,0,0,0,0,1,0,0,0,1,0,0,0
"468","12/6/2002",1980,"M","B","Dismissed","4/30/2003","",1,"pwid",1,"marijuana","0",0,0,0,1,1,1,1,1,1,1,1,0,"0",0,"0",0,"0",0,"0",0,"0",0,"0",0,"0",0,"0",0,"0",0,710,192587,"1",17714,17898,18049,0,9999,0,0,15680,22,484,1,0,0,0,1,0,0,0,0,0,4,0,1,0,0,0,0,0,1,0,0,0,0
"469","7/24/2002",1960,"M","B","Grand jury dismissal","10/7/2002","",1,"dist",0,"cocaine","0",0,0,0,1,1,1,1,1,1,1,1,1,"8/21/2004",1,"3/10/2006",1,"8/24/2005",1,"3/10/2006",1,"11/10/2005",0,"0",1,"11/10/2005",0,"0",0,"0",0,240,29081,"1",17714,17898,18049,0,684,0,0,15545,42,1764,1,0,0,0,1,0,0,0,0,0,4,0,0,1,0,0,0,0,0,1,0,0,0
"470","7/22/2002",1982,"M","B","DWP","1/13/2003","",1,"pwid",0,"crack","0",0,0,0,1,0,0,0,0,0,0,0,0,"0",0,"0",0,"0",0,"0",0,"0",0,"0",0,"0",0,"0",0,"0",0,230,121035,"1",17714,17898,18049,0,9999,0,0,15543,20,400,1,0,0,0,1,0,0,0,0,0,4,0,0,0,1,0,0,0,1,0,0,0,0
"471","12/5/2002",1981,"M","B","Plea","7/9/2003","9/11/2003",1,"dist",0,"crack","0",6,6,12,1,1,1,1,1,1,1,1,1,"7/9/2004",1,"12/11/2004",1,"7/09/2004",0,"0",1,"6/19/2007",0,"0",0,"0",0,"0",0,"0",0,705,191963,"1",17714,17898,18049,0,366,0,0,15679,21,441,1,0,0,0,1,0,0,0,0,0,4,0,0,0,1,0,0,0,0,1,1,1,72
"472","12/2/2002",1963,"F","B","Plea","2/6/2003","4/2/2003",1,"dist",1,"other","0",18,18,24,1,1,1,0,1,1,1,0,0,"0",0,"0",0,"0",0,"0",0,"0",0,"0",0,"0",0,"0",1,"2/23/2005",1,688,189992,"1",17714,17898,18049,0,9999,1,0,15676,39,1521,1,0,0,0,1,0,0,0,0,0,4,0,0,0,0,0,0,1,0,1,1,1,432
"473","9/11/2002",1961,"M","B","Plea","11/25/2002","2/12/2003",1,"dist",0,"cocaine","0",36,0,0,1,1,1,1,1,1,1,1,1,"5/20/2006",1,"5/20/2006",1,"5/20/2006",1,"5/20/2006",1,"8/08/2006",1,"8/08/2006",1,"8/08/2006",1,"8/08/2006",0,"0",0,2406,148423,"1",17714,17898,18049,36,192,0,0,15594,41,1681,1,0,0,0,1,0,0,0,0,0,4,1,0,1,0,0,0,0,0,1,1,0,0
"474","8/14/2002",1967,"F","B","Plea","10/15/2002","12/10/2002",2,"dist, pwid",0,"cocaine","0",0,0,18,0,0,0,0,0,0,0,0,0,"0",0,"0",0,"0",0,"0",0,"0",0,"0",0,"0",0,"0",0,"0",0,321,133489,"1",17714,17898,18049,0,9999,1,0,15566,35,1225,1,0,0,0,1,0,0,0,0,0,4,0,0,1,0,0,0,0,1,1,1,1,0
"475","10/31/2002",1972,"M","B","Jury trial guilty","12/9/2003","2/24/2004",1,"dist",0,"heroin","0",36,0,0,1,1,1,1,1,1,0,0,0,"0",0,"0",0,"0",0,"0",0,"0",0,"0",0,"0",0,"0",0,"0",0,561,174458,"1",17714,17898,18049,36,9999,0,0,15644,30,900,1,0,0,0,1,0,0,0,0,0,4,1,0,0,0,1,0,0,0,1,1,0,0
"476","2/12/2003",1983,"M","B","Plea","4/29/2003","6/23/2003",1,"dist",0,"cocaine","0",18,18,24,0,0,0,0,0,0,0,0,1,"1/6/2005",1,"11/09/2005",1,"1/06/2005",0,"0",1,"7/27/2005",0,"0",1,"7/27/2005",0,"0",1,"7/29/2005",0,1002,32482,"2",17714,17898,18049,0,618,0,0,15748,20,400,1,0,0,0,1,0,0,0,0,0,4,0,0,1,0,0,0,0,0,1,1,1,432
"477","7/25/2002",1958,"M","B","Dismissed","1/13/2004","",1,"dist",0,"heroin","0",0,0,0,1,1,1,1,0,0,0,0,0,"0",0,"0",0,"0",0,"0",0,"0",0,"0",0,"0",0,"0",0,"0",1,252,122772,"1",17714,17898,18049,0,9999,0,0,15546,44,1936,1,0,0,0,0,1,0,0,0,0,5,0,0,0,0,1,0,0,0,1,0,0,0
"478","10/14/2002",1981,"M","B","Plea","8/12/2003","10/14/2003",1,"pwid",0,"cocaine","0",0,0,36,1,0,1,0,0,0,0,0,1,"3/9/2005",1,"3/09/2005",1,"3/09/2005",1,"3/09/2005",0,"0",0,"0",0,"0",0,"0",0,"0",0,492,165308,"1",17714,17898,18049,0,575,0,0,15627,21,441,1,0,0,0,0,1,0,0,0,0,5,0,0,1,0,0,0,0,1,0,1,1,0
"479","1/6/2003",1962,"M","B","Dismissed","11/5/2003","",1,"pwid",0,"cocaine","heroin",0,0,0,1,1,1,1,1,1,1,1,1,"7/30/2004",1,"7/30/2004",1,"7/30/2004",1,"7/30/2004",1,"1/19/2005",1,"1/19/2005",1,"1/19/2005",1,"1/19/2005",0,"0",0,2807,14598,"1",17714,17898,18049,0,268,0,0,15711,41,1681,1,0,0,0,0,1,0,0,0,0,5,0,0,1,0,1,0,0,1,0,0,0,0
"480","4/9/2003",1956,"M","B","Plea","9/17/2003","12/1/2003",1,"dist",0,"heroin","0",72,72,36,1,1,1,1,1,1,1,1,1,"8/11/2004",1,"8/11/2004",1,"8/11/2004",1,"8/11/2004",1,"1/06/2005",1,"1/06/2005",1,"1/06/2005",1,"1/06/2005",1,"8/17/2004",0,1204,58518,"3",17714,17898,18049,0,329,0,0,15804,47,2209,1,0,0,0,0,1,0,0,0,0,5,0,0,0,0,1,0,0,0,1,1,1,2592
"481","7/25/2002",1960,"M","B","Dismissed","11/18/2002","",1,"dist",0,"heroin","0",0,0,0,1,1,1,1,1,1,1,1,0,"0",0,"0",0,"0",0,"0",0,"0",0,"0",0,"0",0,"0",0,"0",1,252,122772,"1",17714,17898,18049,0,9999,0,0,15546,42,1764,1,0,0,0,0,1,0,0,0,0,5,0,0,0,0,1,0,0,0,1,0,0,0
"482","7/15/2002",1978,"M","B","Dismissed","5/23/2003","",1,"pwid",0,"other","0",0,0,0,0,0,0,0,0,0,0,0,1,"10/28/2004",0,"0",0,"0",0,"0",0,"0",0,"0",0,"0",0,"0",0,"0",0,183,116666,"1",17714,17898,18049,0,524,0,0,15536,24,576,1,0,0,0,0,1,0,0,0,0,5,0,0,0,0,0,0,1,1,0,0,0,0
"483","9/9/2002",1950,"M","B","Plea","2/4/2003","7/23/2003",1,"dist",0,"other","0",6,0,0,1,1,1,1,1,1,1,1,0,"0",0,"0",0,"0",0,"0",0,"0",0,"0",0,"0",0,"0",0,"0",0,392,146790,"1",17714,17898,18049,6,9999,0,0,15592,52,2704,1,0,0,0,0,1,0,0,0,0,5,1,0,0,0,0,0,1,0,1,1,0,0
"484","11/25/2002",1974,"M","B","Plea","1/16/2003","4/11/2003",1,"dist",0,"pcp","marijuana",72,72,36,1,1,1,1,1,1,1,1,1,"6/26/2004",1,"6/26/2004",1,"6/26/2004",1,"6/26/2004",1,"2/01/2005",1,"2/01/2005",1,"2/01/2005",1,"2/01/2005",1,"4/06/2005",0,661,NA,"1",17714,17898,18049,0,527,0,0,15669,28,784,1,0,0,0,0,1,0,0,0,0,5,0,1,0,0,0,1,0,0,1,1,1,2592
"485","9/19/2002",1976,"M","B","Plea","11/4/2003","1/12/2004",1,"dist",0,"crack","0",30,30,24,0,0,0,0,0,0,0,0,0,"0",0,"0",0,"0",0,"0",0,"0",0,"0",0,"0",0,"0",0,"0",0,443,153059,"1",17714,17898,18049,0,9999,0,0,15602,26,676,1,0,0,0,0,1,0,0,0,0,5,0,0,0,1,0,0,0,0,1,1,1,720
"486","7/19/2002",1980,"M","B","Plea","7/30/2003","10/7/2003",1,"dist",0,"cocaine","0",40,28,24,1,1,1,0,1,0,0,0,1,"3/28/2006",0,"0",0,"0",0,"0",1,"9/14/2006",0,"0",0,"0",0,"0",1,"12/22/2004",0,214,119268,"1",17714,17898,18049,12,612,0,0,15540,22,484,1,0,0,0,0,1,0,0,0,0,5,1,0,1,0,0,0,0,0,1,1,1,672
"487","7/10/2002",1963,"M","B","Jury trial not guilty","3/23/2004","",1,"pwid",0,"marijuana","0",0,0,0,1,1,1,1,1,1,1,1,1,"8/19/2004",0,"0",0,"0",0,"0",0,"0",0,"0",0,"0",0,"0",0,"0",0,151,114123,"1",17714,17898,18049,0,149,0,0,15531,39,1521,1,0,0,0,0,1,0,0,0,0,5,0,1,0,0,0,0,0,1,0,0,0,0
"488","11/20/2002",1951,"M","B","Plea","5/1/2003","7/1/2003",1,"dist",0,"cocaine","0",24,0,0,1,1,1,1,1,1,1,1,0,"0",0,"0",0,"0",0,"0",0,"0",0,"0",0,"0",0,"0",0,"0",1,636,184746,"1",17714,17898,18049,24,9999,0,0,15664,51,2601,1,0,0,0,0,1,0,0,0,0,5,1,0,1,0,0,0,0,0,1,1,0,0
"489","12/6/2002",1980,"M","B","Dismissed","1/9/2003","",1,"pwid",0,"cocaine","marijuana",0,0,0,0,0,0,0,0,0,0,0,1,"5/22/2003",1,"5/22/2003",1,"5/22/2003",1,"5/22/2003",0,"0",0,"0",0,"0",0,"0",0,"0",0,711,192427,"1",17714,17898,18049,0,133,0,0,15680,22,484,1,0,0,0,0,1,0,0,0,0,5,0,1,1,0,0,0,0,1,0,0,0,0
"490","8/3/2002",1972,"M","B","Plea","12/2/2002","12/2/2002",1,"dist",0,"marijuana","0",5,3,24,1,1,0,0,0,0,0,0,1,"7/31/2003",1,"9/28/2005",1,"7/31/2003",0,"0",1,"8/28/2003",0,"0",1,"8/28/2003",0,"0",1,"3/18/2003",1,293,127739,"1",17714,17898,18049,2,181,0,0,15555,30,900,1,0,0,0,0,1,0,0,0,0,5,1,1,0,0,0,0,0,0,1,1,1,72
"491","4/21/2003",1982,"F","B","Plea","6/6/2003","10/30/2003",2,"pwid",0,"crack","marijuana",30,30,48,1,1,1,0,1,0,1,0,1,"10/2/2003",0,"0",0,"0",0,"0",0,"0",0,"0",0,"0",0,"0",0,"0",0,1224,64466,"3",17714,17898,18049,0,118,1,0,15816,21,441,1,0,0,0,0,1,0,0,0,0,5,0,1,0,1,0,0,0,1,0,1,1,1440
"492","7/2/2002",1976,"M","B","Grand jury dismissal","9/18/2002","",2,"pwid",0,"cocaine","heroin",0,0,0,1,0,1,0,0,0,0,0,1,"2/15/2005",1,"2/15/2005",0,"0",0,"0",0,"0",0,"0",0,"0",0,"0",0,"0",0,123,109924,"1",17714,17898,18049,0,881,0,0,15523,26,676,1,0,0,0,0,1,0,0,0,0,5,0,0,1,0,1,0,0,1,0,0,0,0
"493","10/19/2002",1976,"M","B","Plea","12/11/2002","2/27/2003",1,"dist",0,"marijuana","0",12,0,0,1,1,1,1,1,1,1,1,0,"0",0,"0",0,"0",0,"0",0,"0",0,"0",0,"0",0,"0",0,"0",0,511,168357,"1",17714,17898,18049,12,9999,0,0,15632,26,676,1,0,0,0,0,1,0,0,0,0,5,1,1,0,0,0,0,0,0,1,1,0,0
"494","12/4/2002",1973,"M","B","Grand jury dismissal","3/24/2004","",1,"pwid",0,"cocaine","0",0,0,0,1,1,1,1,1,1,1,1,0,"0",0,"0",0,"0",0,"0",0,"0",0,"0",0,"0",0,"0",0,"0",0,694,191649,"1",17714,17898,18049,0,9999,0,0,15678,29,841,1,0,0,0,0,1,0,0,0,0,5,0,0,1,0,0,0,0,1,0,0,0,0
"495","12/5/2002",1976,"M","B","Plea","10/15/2003","5/21/2004",2,"dist, pwid",0,"marijuana","0",36,36,36,1,1,1,0,1,0,1,0,1,"9/6/2004",1,"9/06/2004",1,"9/06/2004",1,"9/06/2004",0,"0",0,"0",0,"0",0,"0",1,"11/03/2004",0,706,2192103,"1",17714,17898,18049,0,327,0,0,15679,26,676,1,0,0,0,0,1,0,0,0,0,5,0,1,0,0,0,0,0,1,1,1,1,1296
"496","12/20/2002",1981,"M","B","Plea","3/25/2003","6/10/2003",3,"dist, pwid",0,"heroin","cocaine",0,0,36,1,1,0,0,0,0,0,0,0,"6/6/2007",0,"0",0,"0",0,"0",0,"0",0,"0",0,"0",0,"0",1,"9/22/2004",0,763,199492,"1",17714,17898,18049,0,1534,0,0,15694,21,441,1,0,0,0,0,1,0,0,0,0,5,0,0,1,0,1,0,0,1,1,1,1,0
"497","11/28/2002",1982,"M","B","Dismissed","4/24/2003","",1,"dist",1,"crack","0",0,0,0,1,1,1,1,0,0,0,0,0,"0",0,"0",0,"0",0,"0",0,"0",0,"0",0,"0",0,"0",0,"0",0,676,188874,"1",17714,17898,18049,0,9999,0,0,15672,20,400,1,0,0,0,0,1,0,0,0,0,5,0,0,0,1,0,0,0,0,1,0,0,0
"498","10/24/2002",1948,"M","B","Plea","1/30/2003","11/21/2003",2,"dist, pwid",0,"heroin","0",40,40,36,1,1,1,1,1,1,1,1,0,"0",0,"0",0,"0",0,"0",0,"0",0,"0",0,"0",0,"0",0,"0",1,529,170924,"1",17714,17898,18049,0,9999,0,0,15637,54,2916,1,0,0,0,0,1,0,0,0,0,5,0,0,0,0,1,0,0,1,1,1,1,1440
"499","10/14/2002",1963,"M","B","Dismissed","1/30/2003","",1,"dist",0,"cocaine","0",0,0,0,1,1,1,1,1,1,1,1,0,"0",0,"0",0,"0",0,"0",0,"0",0,"0",0,"0",0,"0",0,"0",1,497,165275,"1",17714,17898,18049,0,9999,0,0,15627,39,1521,1,0,0,0,0,1,0,0,0,0,5,0,0,1,0,0,0,0,0,1,0,0,0
"500","3/22/2003",1966,"W","B","Dismissed","3/26/2003","0",1,"dist",0,"cocaine","0",0,0,0,1,1,1,0,1,0,1,0,1,"8/28/2003",1,"8/28/2003",1,"8/28/2003",1,"8/28/2003",1,"12/16/2004",1,"12/16/2004",1,"12/16/2004",1,"12/16/2004",0,"0",0,826,16093,"2",17714,17898,18049,0,155,0,0,15786,37,1369,1,0,0,0,0,1,0,0,0,0,5,0,0,1,0,0,0,0,0,1,0,0,0
"501","10/26/2002",1952,"M","B","Plea","3/19/2003","5/6/2003",1,"pwid",1,"heroin","0",24,0,0,1,1,1,1,1,1,1,1,0,"0",0,"0",0,"0",0,"0",0,"0",0,"0",0,"0",0,"0",0,"0",0,543,171768,"1",17714,17898,18049,24,9999,0,0,15639,50,2500,1,0,0,0,0,1,0,0,0,0,5,1,0,0,0,1,0,0,1,0,1,0,0
"502","10/1/2002",1979,"M","B","Plea","6/10/2003","7/21/2003",1,"pwid",0,"cocaine","marijuana",30,30,36,0,0,0,0,0,0,0,0,1,"4/12/2004",0,"0",0,"0",0,"0",0,"0",0,"0",0,"0",0,"0",1,"3/05/2004",0,461,158889,"1",17714,17898,18049,0,307,0,0,15614,23,529,1,0,0,0,0,1,0,0,0,0,5,0,1,1,0,0,0,0,1,0,1,1,1080
"503","4/21/2003",1941,"M","B","Plea","8/19/2003","10/29/2003",1,"dist",0,"heroin","0",60,60,24,1,0,1,0,1,0,1,0,0,"9/29/2007",0,"0",1,"9/29/2007",0,"0",0,"0",0,"0",0,"0",0,"0",0,"0",0,1222,63933,"3",17714,17898,18049,0,1502,0,0,15816,62,3844,1,0,0,0,0,1,0,0,0,0,5,0,0,0,0,1,0,0,0,1,1,1,1440
"504","6/14/2002",1960,"F","B","Plea","2/26/2003","5/16/2003",1,"pwid",0,"cocaine","0",60,60,36,1,1,1,0,1,1,0,0,0,"0",0,"0",0,"0",0,"0",0,"0",0,"0",0,"0",0,"0",1,"3/08/2005",0,51,99851,"1",17714,17898,18049,0,9999,1,0,15505,42,1764,1,0,0,0,0,1,0,0,0,0,5,0,0,1,0,0,0,0,1,0,1,1,2160
"505","6/10/2002",1959,"M","B","Plea","10/28/2002","4/7/2003",1,"pwid",0,"crack","0",60,60,24,1,1,1,1,1,1,1,1,0,"0",0,"0",0,"0",0,"0",0,"0",0,"0",0,"0",0,"0",0,"0",0,41,97271,"1",17714,17898,18049,0,9999,0,0,15501,43,1849,1,0,0,0,0,1,0,0,0,0,5,0,0,0,1,0,0,0,1,0,1,1,1440
"506","6/22/2002",1959,"M","B","Dismissed","12/2/2002","",1,"dist",0,"heroin","0",0,0,0,1,1,1,1,1,1,0,0,1,"2/15/2003",0,"0",0,"0",0,"0",1,"9/14/2006",0,"0",0,"0",0,"0",0,"0",1,90,104526,"1",17714,17898,18049,0,75,0,0,15513,43,1849,1,0,0,0,0,1,0,0,0,0,5,0,0,0,0,1,0,0,0,1,0,0,0
"507","7/26/2002",1961,"M","B","Plea","9/6/2002","11/1/2002",1,"dist",0,"crack","0",36,0,0,1,1,1,0,1,0,1,0,1,"4/22/2005",0,"0",0,"0",0,"0",0,"0",0,"0",0,"0",0,"0",0,"0",0,260,123302,"1",17714,17898,18049,36,0,0,0,15547,41,1681,1,0,0,0,0,1,0,0,0,0,5,1,0,0,1,0,0,0,0,1,1,0,0
"508","10/30/2002",1981,"M","B","Plea","2/20/2003","6/23/2003",2,"pwid",0,"crack","marijuana",0,0,36,0,0,0,0,0,0,0,0,1,"8/6/2003",1,"8/06/2003",1,"8/06/2003",1,"8/06/2003",1,"12/03/2003",1,"12/03/2003",1,"12/03/2003",1,"12/03/2003",1,"7/26/2004",0,551,46653,"1",17714,17898,18049,0,167,0,0,15643,21,441,1,0,0,0,0,1,0,0,0,0,5,0,1,0,1,0,0,0,1,0,1,1,0
"509","11/26/2002",1963,"M","B","Dismissed","2/10/2003","",3,"pwid",0,"crack","pcp",0,0,0,1,1,1,1,1,1,1,1,0,"0",0,"0",0,"0",0,"0",0,"0",0,"0",0,"0",0,"0",0,"0",0,662,NA,"1",17714,17898,18049,0,9999,0,0,15670,39,1521,1,0,0,0,0,1,0,0,0,0,5,0,0,0,1,0,1,0,1,0,0,0,0
"510","11/22/2002",1971,"M","B","Plea","6/23/2003","9/15/2003",3,"pwid",0,"cocaine","heroin",20,0,0,1,1,1,1,1,1,1,1,0,"0",0,"0",0,"0",0,"0",0,"0",0,"0",0,"0",0,"0",0,"0",0,647,185753,"1",17714,17898,18049,20,9999,0,0,15666,31,961,1,0,0,0,0,1,0,0,0,0,5,1,0,1,0,1,0,0,1,0,1,0,0
"511","4/28/2003",1950,"M","B","Plea","8/12/2003","10/17/2003",2,"pwid",1,"crack","0",24,0,0,1,1,1,1,1,1,1,1,1,"12/27/2006",0,"0",1,"12/27/2006",0,"0",0,"0",0,"0",0,"0",0,"0",0,"0",0,1206,60996,"2",17714,17898,18049,24,513,0,0,15823,53,2809,1,0,0,0,0,1,0,0,0,0,5,1,0,0,1,0,0,0,1,0,1,0,0
"512","2/10/2003",1972,"M","B","Jury trial guilty","2/3/2004","4/14/2004",1,"pwid",0,"marijuana","0",30,0,0,1,1,1,1,1,1,1,1,0,"0",0,"0",0,"0",0,"0",0,"0",0,"0",0,"0",0,"0",0,"0",0,992,31012,"2",17714,17898,18049,30,9999,0,0,15746,31,961,1,0,0,0,0,1,0,0,0,0,5,1,1,0,0,0,0,0,1,0,1,0,0
"513","12/23/2002",1964,"M","B","Plea","4/14/2003","4/14/2003",1,"pwid",1,"cocaine","0",4.82999992370605,0,0,1,1,1,1,1,1,1,1,0,"6/30/2007",0,"0",0,"0",0,"0",0,"0",0,"0",0,"0",0,"0",0,"0",0,775,NA,"1",17714,17898,18049,4.82999992370605,1393.099609375,0,0,15697,38,1444,1,0,0,0,0,1,0,0,0,0,5,1,0,1,0,0,0,0,1,0,1,0,0
"514","1/6/2003",1959,"M","B","Plea","3/14/2003","5/21/2003",1,"pwid",0,"heroin","0",20,0,0,0,0,0,0,0,0,0,0,0,"0",0,"0",0,"0",0,"0",0,"0",0,"0",0,"0",0,"0",0,"0",0,797,14635,"1",17714,17898,18049,20,9999,0,0,15711,44,1936,1,0,0,0,0,1,0,0,0,0,5,1,0,0,0,1,0,0,1,0,1,0,0
"515","9/9/2002",1953,"M","B","Jury trial guilty","7/11/2003","10/20/2003",2,"dist, pwid",0,"other","0",12,0,0,1,1,1,1,1,1,1,1,1,"7/5/2006",0,"0",1,"7/05/2006",0,"0",0,"0",0,"0",0,"0",0,"0",0,"0",0,394,25790,"1",17714,17898,18049,12,730,0,0,15592,49,2401,1,0,0,0,0,1,0,0,0,0,5,1,0,0,0,0,0,1,1,1,1,0,0
"516","4/17/2003",1959,"M","B","Plea","6/23/2003","9/10/2003",1,"dist",0,"heroin","0",72,72,36,1,1,1,1,1,1,1,1,0,"9/25/2007",0,"0",0,"0",0,"0",0,"0",0,"0",0,"0",0,"0",0,"0",0,1210,62562,"3",17714,17898,18049,0,1555,0,0,15812,44,1936,1,0,0,0,0,1,0,0,0,0,5,0,0,0,0,1,0,0,0,1,1,1,2592
"517","3/3/2003",1971,"M","B","Dismissed","8/29/2003","",2,"pwid",1,"cocaine","0",0,0,0,1,1,1,1,1,1,1,1,0,"0",0,"0",0,"0",0,"0",0,"0",0,"0",0,"0",0,"0",0,"0",0,1097,41332,"3",17714,17898,18049,0,9999,0,0,15767,32,1024,1,0,0,0,0,1,0,0,0,0,5,0,0,1,0,0,0,0,1,0,0,0,0
"518","10/18/2002",1980,"M","B","Plea","12/11/2002","5/16/2003",1,"dist",1,"marijuana","0",30,30,36,1,0,1,0,1,0,0,0,1,"10/17/2005",1,"10/17/2005",0,"0",0,"0",0,"0",0,"0",0,"0",0,"0",1,"12/07/2005",0,508,156808,"1",17714,17898,18049,0,1041,0,0,15631,22,484,1,0,0,0,0,1,0,0,0,0,5,0,1,0,0,0,0,0,0,1,1,1,1080
"519","12/11/2002",1982,"M","B","Plea","8/29/2003","12/16/2003",1,"pwid",1,"crack","0",30,15,36,0,0,0,0,0,0,0,0,1,"5/12/2005",1,"5/12/2005",1,"5/12/2005",1,"5/12/2005",1,"7/26/2005",1,"7/26/2005",1,"7/26/2005",1,"7/26/2005",1,"6/21/2005",0,717,194797,"1",17714,17898,18049,15,172,0,0,15685,20,400,1,0,0,0,0,1,0,0,0,0,5,1,0,0,1,0,0,0,1,0,1,1,540
"520","6/22/2002",1955,"F","B","Dismissed","12/3/2002","",1,"dist",0,"heroin","0",0,0,0,1,1,1,1,1,1,1,1,1,"8/31/2005",0,"0",1,"8/31/2005",0,"0",1,"10/11/2005",0,"0",1,"10/11/2005",0,"0",0,"0",1,90,104526,"1",17714,17898,18049,0,1002,1,0,15513,47,2209,1,0,0,0,0,1,0,0,0,0,5,0,0,0,0,1,0,0,0,1,0,0,0
"521","11/26/2002",1975,"F","B","Jury trial not guilty","6/12/2003","",3,"pwid",0,"crack","pcp",0,0,0,1,1,0,0,0,0,0,0,1,"12/27/2003",1,"1/13/2004",1,"12/27/2003",1,"1/13/2004",0,"0",0,"0",0,"0",0,"0",0,"0",1,666,NA,"1",17714,17898,18049,0,198,1,0,15670,27,729,1,0,0,0,0,1,0,0,0,0,5,0,0,0,1,0,1,0,1,0,0,0,0
"522","5/7/2003",1977,"M","B","Plea","9/24/2003","10/21/2003",2,"dist",0,"crack","0",15,0,0,1,1,1,1,1,1,1,0,0,"0",0,"0",0,"0",0,"0",0,"0",0,"0",0,"0",0,"0",0,"0",0,1280,72767,"2",17714,17898,18049,15,9999,0,0,15832,26,676,1,0,0,0,0,1,0,0,0,0,5,1,0,0,1,0,0,0,0,1,1,0,0
"523","3/5/2003",1981,"M","B","Plea","6/5/2003","8/4/2003",1,"dist",0,"cocaine","0",20,20,24,1,0,1,0,0,0,0,0,1,"1/10/2006",0,"0",0,"0",0,"0",0,"0",0,"0",0,"0",0,"0",0,"0",0,1098,41375,"3",17714,17898,18049,0,950,0,0,15769,22,484,1,0,0,0,0,1,0,0,0,0,5,0,0,1,0,0,0,0,0,1,1,1,480
"524","10/24/2002",1945,"M","B","Plea","1/30/2003","4/18/2003",1,"dist",0,"heroin","0",40,40,24,1,0,1,0,1,0,1,0,0,"0",0,"0",0,"0",0,"0",0,"0",0,"0",0,"0",0,"0",0,"0",1,529,170924,"1",17714,17898,18049,0,9999,0,0,15637,57,3249,1,0,0,0,0,1,0,0,0,0,5,0,0,0,0,1,0,0,0,1,1,1,960
"525","6/4/2002",1963,"M","B","Dismissed","7/11/2002","",1,"pwid",0,"heroin","0",0,0,0,1,1,1,1,1,1,1,1,1,"1/28/2005",1,"1/28/2005",1,"1/28/2005",1,"1/28/2005",0,"0",0,"0",0,"0",0,"0",0,"0",0,9,94288,"1",17714,17898,18049,0,932,0,0,15495,39,1521,1,0,0,0,0,1,0,0,0,0,5,0,0,0,0,1,0,0,1,0,0,0,0
"526","3/17/2003",1950,"M","B","Plea","9/9/2003","11/20/2003",1,"pwid",0,"heroin","0",12,0,0,1,1,1,1,1,1,1,1,0,"0",0,"0",0,"0",0,"0",0,"0",0,"0",0,"0",0,"0",0,"0",0,1145,46743,"3",17714,17898,18049,12,9999,0,0,15781,53,2809,1,0,0,0,0,1,0,0,0,0,5,1,0,0,0,1,0,0,1,0,1,0,0
"527","10/11/2002",1976,"M","B","Dismissed","2/5/2004","",1,"dist",0,"cocaine","0",0,0,0,1,1,1,1,1,1,0,0,1,"2/7/2004",1,"2/07/2004",0,"0",0,"0",0,"0",0,"0",0,"0",0,"0",0,"0",0,480,164479,"1",17714,17898,18049,0,2,0,0,15624,26,676,1,0,0,0,0,1,0,0,0,0,5,0,0,1,0,0,0,0,0,1,0,0,0
"528","8/21/2002",1954,"F","B","Dismissed","1/14/2003","",1,"pwid",0,"other","0",0,0,0,1,1,1,1,1,1,1,0,0,"0",0,"0",0,"0",0,"0",0,"0",0,"0",0,"0",0,"0",0,"0",0,341,137297,"1",17714,17898,18049,0,9999,1,0,15573,48,2304,1,0,0,0,0,1,0,0,0,0,5,0,0,0,0,0,0,1,1,0,0,0,0
"529","10/30/2002",1983,"M","B","Plea","1/30/2003","7/10/2003",2,"dist, pwid",0,"cocaine","0",0,0,36,1,0,1,0,0,0,0,0,1,"11/20/2003",1,"2/04/2004",0,"0",0,"0",1,"9/07/2006",1,"9/07/2006",0,"0",0,"0",1,"5/01/2006",0,555,173921,"1",17714,17898,18049,0,294,0,0,15643,19,361,1,0,0,0,0,1,0,0,0,0,5,0,0,1,0,0,0,0,1,1,1,1,0
"530","10/18/2002",1951,"M","B","Jury trial not guilty","9/15/2003","",1,"pwid",0,"heroin","0",0,0,0,1,1,1,1,1,1,1,1,1,"7/3/2006",0,"0",1,"7/03/2006",0,"0",1,"9/29/2006",0,"0",1,"9/29/2006",0,"0",0,"0",1,509,167909,"1",17714,17898,18049,0,1022,0,0,15631,51,2601,1,0,0,0,0,1,0,0,0,0,5,0,0,0,0,1,0,0,1,0,0,0,0
"531","7/8/2002",1976,"M","B","Dismissed","10/9/2002","",1,"pwid",0,"heroin","0",0,0,0,1,0,1,0,0,0,0,0,1,"3/6/2003",0,"0",1,"3/06/2003",0,"0",0,"0",0,"0",0,"0",0,"0",0,"0",0,146,113705,"1",17714,17898,18049,0,148,0,0,15529,26,676,1,0,0,0,0,1,0,0,0,0,5,0,0,0,0,1,0,0,1,0,0,0,0
"532","10/14/2002",1980,"M","W","Plea","1/8/2003","2/19/2003",1,"dist",0,"cocaine","0",30,10,36,1,1,1,1,1,1,1,1,0,"0",0,"0",0,"0",0,"0",0,"0",0,"0",0,"0",0,"0",0,"0",1,497,165275,"1",17714,17898,18049,20,9999,0,1,15627,22,484,1,0,0,0,0,1,0,0,0,0,5,1,0,1,0,0,0,0,0,1,1,1,360
"533","1/31/2003",1981,"M","B","Plea","4/7/2003","6/13/2003",1,"dist",0,"cocaine","0",30,30,24,1,0,1,0,1,0,1,0,0,"0",0,"0",0,"0",0,"0",0,"0",0,"0",0,"0",0,"0",0,"0",0,945,26596,"3",17714,17898,18049,0,9999,0,0,15736,22,484,1,0,0,0,0,1,0,0,0,0,5,0,0,1,0,0,0,0,0,1,1,1,720
"534","4/2/2003",1984,"M","B","Jury trial guilty","10/22/2003","12/22/2003",1,"dist, pwid",0,"heroin","0",30,18,36,0,0,0,0,0,0,0,0,1,"7/17/2004",1,"1/11/2005",1,"1/03/2008",0,"0",1,"6/12/2008",0,"0",1,"6/12/2008",0,"0",1,"4/15/2005",0,3182,55163,"2",17714,17898,18049,12,0,0,0,15797,19,361,1,0,0,0,0,1,0,0,0,0,5,1,0,0,0,1,0,0,1,1,1,1,648
"535","1/13/2003",1950,"M","B","Plea","3/26/2003","6/5/2003",1,"dist",0,"crack","0",24,0,0,1,1,1,1,1,0,1,0,1,"3/13/2006",1,"3/13/2006",1,"3/13/2006",1,"3/13/2006",1,"6/02/2006",1,"6/02/2006",1,"6/02/2006",1,"6/02/2006",0,"0",0,843,17693,"3",17714,17898,18049,24,363,0,0,15718,53,2809,1,0,0,0,0,1,0,0,0,0,5,1,0,0,1,0,0,0,0,1,1,0,0
"536","9/18/2002",1974,"M","B","Plea","6/24/2003","9/26/2003",1,"pwid",1,"crack","0",5,5,24,1,1,1,1,1,1,1,1,0,"0",0,"0",0,"0",0,"0",0,"0",0,"0",0,"0",0,"0",0,"0",0,433,152417,"1",17714,17898,18049,0,9999,0,0,15601,28,784,1,0,0,0,0,1,0,0,0,0,5,0,0,0,1,0,0,0,1,0,1,1,120
"537","7/25/2002",1966,"M","B","Plea","11/20/2003","11/20/2003",1,"pwid",0,"heroin","0",3,0,0,1,1,1,0,1,1,1,0,1,"3/20/2004",0,"0",0,"0",0,"0",1,"6/24/2004",0,"0",0,"0",0,"0",0,"0",0,244,122661,"1",17714,17898,18049,3,31,0,0,15546,36,1296,1,0,0,0,0,1,0,0,0,0,5,1,0,0,0,1,0,0,1,0,1,0,0
"538","7/19/2002",1979,"M","B","Plea","9/24/2002","11/15/2002",1,"dist",0,"heroin","0",60,48,36,1,1,1,1,1,1,1,1,1,"9/27/2004",1,"9/27/2004",0,"0",0,"0",0,"0",0,"0",0,"0",0,"0",1,"10/05/2004",0,218,119345,"1",17714,17898,18049,12,374,0,0,15540,23,529,1,0,0,0,0,1,0,0,0,0,5,1,0,0,0,1,0,0,0,1,1,1,1728
"539","3/20/2003",1979,"M","B","Plea","7/31/2003","10/8/2003",2,"pwid",1,"crack","0",15,0,0,1,1,1,1,1,1,1,1,1,"9/23/2004",1,"9/23/2004",0,"0",0,"0",1,"1/15/2005",1,"1/15/2005",0,"0",0,"0",0,"0",0,1157,48754,"2",17714,17898,18049,15,0,0,0,15784,24,576,1,0,0,0,0,1,0,0,0,0,5,1,0,0,1,0,0,0,1,0,1,0,0
"540","7/25/2002",1953,"M","B","Dismissed","1/20/2004","",1,"dist",0,"heroin","0",0,0,0,1,1,1,1,1,1,1,1,0,"0",0,"0",0,"0",0,"0",0,"0",0,"0",0,"0",0,"0",0,"0",1,252,122772,"1",17714,17898,18049,0,9999,0,0,15546,49,2401,1,0,0,0,0,1,0,0,0,0,5,0,0,0,0,1,0,0,0,1,0,0,0
"541","8/8/2002",1980,"M","B","Jury trial guilty","11/4/2002","1/24/2003",1,"pwid",0,"crack","0",40,0,0,1,1,1,1,1,1,1,1,1,"10/7/2003",0,"0",0,"0",0,"0",0,"0",0,"0",0,"0",0,"0",0,"0",0,306,130310,"1",17714,17898,18049,40,0,0,0,15560,22,484,1,0,0,0,0,1,0,0,0,0,5,1,0,0,1,0,0,0,1,0,1,0,0
"542","3/1/2003",1953,"M","B","Plea","5/6/2003","9/3/2003",2,"pwid",1,"heroin","0",72,72,48,1,1,0,0,1,1,0,0,0,"9/12/2008",1,"9/12/2008",1,"9/12/2008",1,"9/12/2008",0,"0",0,"0",0,"0",0,"0",0,"0",0,1081,39411,"3",17714,17898,18049,0,1956,0,0,15765,50,2500,1,0,0,0,0,1,0,0,0,0,5,0,0,0,0,1,0,0,1,0,1,1,3456
"543","4/19/2003",1953,"M","B","Plea","7/30/2003","6/14/2004",2,"dist",0,"heroin","cocaine",60,60,36,1,1,1,1,1,1,1,1,1,"12/16/2006",1,"12/16/2006",1,"12/16/2006",1,"12/16/2006",1,"2/20/2007",1,"2/20/2007",1,"2/20/2007",1,"2/20/2007",0,"0",0,1213,63417,"3",17714,17898,18049,0,1235,0,0,15814,50,2500,1,0,0,0,0,1,0,0,0,0,5,0,0,1,0,1,0,0,0,1,1,1,2160
"544","9/7/2002",1981,"M","B","Plea","11/26/2002","3/14/2003",1,"pwid",0,"crack","marijuana",0,0,12,0,0,0,0,0,0,0,0,0,"1/8/2007",0,"0",0,"0",0,"0",0,"0",0,"0",0,"0",0,"0",1,"8/29/2003",0,391,41158,"1",17714,17898,18049,0,1504,0,0,15590,21,441,1,0,0,0,0,1,0,0,0,0,5,0,1,0,1,0,0,0,1,0,1,1,0
"545","8/8/2002",1967,"M","B","Plea","1/31/2003","1/31/2003",1,"pwid",0,"marijuana","0",0,0,0,0,0,0,0,0,0,0,0,0,"0",0,"0",0,"0",0,"0",0,"0",0,"0",0,"0",0,"0",0,"0",0,302,130232,"1",17714,17898,18049,0,9999,0,0,15560,35,1225,1,0,0,0,0,1,0,0,0,0,5,0,1,0,0,0,0,0,1,0,1,0,0
"546","6/5/2002",1962,"M","B","Plea","10/22/2002","8/19/2003",1,"dist",0,"cocaine","0",40,40,36,1,1,1,0,1,1,1,0,0,"0",0,"0",0,"0",0,"0",0,"0",0,"0",0,"0",0,"0",0,"0",0,10,100130,"1",17714,17898,18049,0,9999,0,0,15496,40,1600,1,0,0,0,0,1,0,0,0,0,5,0,0,1,0,0,0,0,0,1,1,1,1440
"547","8/14/2002",1968,"M","B","Plea","12/19/2002","5/21/2003",1,"pwid",0,"crack","0",24,0,0,1,1,1,1,1,1,1,1,0,"0",0,"0",0,"0",0,"0",0,"0",0,"0",0,"0",0,"0",0,"0",0,322,38522,"1",17714,17898,18049,24,9999,0,0,15566,34,1156,1,0,0,0,0,1,0,0,0,0,5,1,0,0,1,0,0,0,1,0,1,0,0
"548","2/27/2003",1982,"M","B","Plea","5/14/2003","7/15/2003",1,"dist",0,"marijuana","0",12,0,0,1,0,1,0,1,0,1,0,1,"7/10/2003",1,"7/10/2003",1,"6/08/2006",1,"6/08/2006",1,"9/12/2003",1,"9/12/2003",0,"0",0,"0",0,"0",0,1077,38631,"3",17714,17898,18049,12,0,0,0,15763,21,441,1,0,0,0,0,1,0,0,0,0,5,1,1,0,0,0,0,0,0,1,1,0,0
"549","9/20/2002",1954,"M","B","Plea","12/17/2002","2/28/2003",3,"dist, pwid",0,"heroin","crack",30,30,36,1,1,1,1,1,1,1,1,1,"4/28/2003",0,"0",0,"0",0,"0",0,"0",0,"0",0,"0",0,"0",0,"0",0,446,153600,"1",17714,17898,18049,0,132,0,0,15603,48,2304,1,0,0,0,0,1,0,0,0,0,5,0,0,0,1,1,0,0,1,1,1,1,1080
"550","11/21/2002",1981,"M","B","Plea","6/24/2003","9/16/2003",1,"pwid",0,"cocaine","0",15,0,0,1,1,0,0,0,0,0,0,0,"0",0,"0",0,"0",0,"0",0,"0",0,"0",0,"0",0,"0",0,"0",0,640,185474,"1",17714,17898,18049,15,9999,0,0,15665,21,441,1,0,0,0,0,1,0,0,0,0,5,1,0,1,0,0,0,0,1,0,1,0,0
"551","7/24/2002",1972,"M","B","Jury trial guilty","6/18/2003","9/3/2003",1,"dist",0,"marijuana","0",15,0,0,1,1,1,0,1,1,0,0,1,"8/30/2004",1,"8/30/2004",1,"8/30/2004",1,"8/30/2004",0,"0",0,"0",0,"0",0,"0",0,"0",0,237,122190,"1",17714,17898,18049,15,0,0,0,15545,30,900,1,0,0,0,0,1,0,0,0,0,5,1,1,0,0,0,0,0,0,1,1,0,0
"552","6/22/2002",1959,"F","B","Plea","11/20/2002","4/1/2003",1,"dist",0,"heroin","0",2,2,36,1,1,1,1,0,0,0,0,1,"5/6/2005",1,"5/06/2005",1,"5/06/2005",1,"5/06/2005",1,"10/24/2006",1,"10/24/2006",1,"10/24/2006",1,"10/24/2006",1,"3/10/2005",0,82,104421,"1",17714,17898,18049,0,898,1,0,15513,43,1849,1,0,0,0,0,1,0,0,0,0,5,0,0,0,0,1,0,0,0,1,1,1,72
"553","7/18/2002",1970,"M","B","Plea","11/4/2002","1/17/2003",1,"dist",0,"pcp","0",72,72,24,1,1,1,1,1,0,1,0,1,"10/28/2003",1,"10/28/2003",1,"10/28/2003",1,"10/28/2003",0,"0",0,"0",0,"0",0,"0",0,"0",0,2203,118906,"1",17714,17898,18049,0,358,0,0,15539,32,1024,1,0,0,0,0,1,0,0,0,0,5,0,0,0,0,0,1,0,0,1,1,1,1728
"554","3/5/2003",1983,"M","B","DWP","7/8/2003","",2,"pwid",1,"crack","0",0,0,0,1,1,1,1,1,1,1,1,1,"5/16/2006",1,"5/16/2006",1,"5/16/2006",1,"5/16/2006",1,"1/09/2007",1,"1/09/2007",1,"1/09/2007",1,"1/09/2007",0,"0",0,845,18158,"3",17714,17898,18049,0,1043,0,0,15769,20,400,1,0,0,0,0,1,0,0,0,0,5,0,0,0,1,0,0,0,1,0,0,0,0
"555","9/20/2002",1982,"M","B","Jury trial not guilty","5/27/2003","",1,"pwid",0,"heroin","0",0,0,0,1,1,1,0,1,0,1,0,1,"11/25/2003",1,"11/25/2003",1,"11/25/2003",1,"11/25/2003",1,"1/12/2004",1,"1/12/2004",1,"1/12/2004",1,"1/12/2004",0,"0",0,447,153274,"1",17714,17898,18049,0,182,0,0,15603,20,400,1,0,0,0,0,1,0,0,0,0,5,0,0,0,0,1,0,0,1,0,0,0,0
"556","12/13/2002",1959,"F","B","Plea","7/1/2003","9/16/2003",1,"dist",0,"cocaine","0",30,30,24,0,0,0,0,0,0,0,0,1,"12/6/2004",0,"0",1,"12/06/2004",0,"0",0,"0",0,"0",0,"0",0,"0",1,"12/21/2004",1,723,195840,"1",17714,17898,18049,0,524,1,0,15687,43,1849,1,0,0,0,0,1,0,0,0,0,5,0,0,1,0,0,0,0,0,1,1,1,720
"557","2/3/2003",1979,"M","B","Jury trial guilty","4/29/2003","9/11/2003",1,"dist",0,"crack","0",40,40,40,1,1,1,0,1,1,1,0,1,"1/3/2007",1,"1/03/2007",0,"0",0,"0",0,"0",0,"0",0,"0",0,"0",0,"0",0,963,27532,"3",17714,17898,18049,0,1345,0,0,15739,24,576,1,0,0,0,0,1,0,0,0,0,5,0,0,0,1,0,0,0,0,1,1,1,1600
"558","9/14/2002",1963,"F","B","Plea","11/25/2002","6/25/2003",1,"pwid",1,"cocaine","marijuana",40,40,24,1,1,1,1,1,1,1,1,0,"0",0,"0",0,"0",0,"0",0,"0",0,"0",0,"0",0,"0",0,"0",0,420,150128,"1",17714,17898,18049,0,9999,1,0,15597,39,1521,1,0,0,0,0,1,0,0,0,0,5,0,1,1,0,0,0,0,1,0,1,1,960
"559","6/25/2002",1959,"M","B","Dismissed","1/10/2003","",1,"pwid",0,"heroin","0",0,0,0,1,1,1,1,1,1,1,1,0,"0",0,"0",0,"0",0,"0",0,"0",0,"0",0,"0",0,"0",0,"0",0,98,106268,"1",17714,17898,18049,0,9999,0,0,15516,43,1849,1,0,0,0,0,1,0,0,0,0,5,0,0,0,0,1,0,0,1,0,0,0,0
"560","1/3/2003",1983,"M","B","Plea","3/17/2003","6/12/2003",2,"pwid",0,"pcp","marijuana",12,0,0,1,1,1,0,0,0,0,0,1,"2/26/2004",1,"2/26/2004",1,"2/26/2004",1,"2/26/2004",0,"0",0,"0",0,"0",0,"0",0,"0",0,787,13195,"1",17714,17898,18049,12,0,0,0,15708,20,400,1,0,0,0,0,1,0,0,0,0,5,1,1,0,0,0,1,0,1,0,1,0,0
"561","12/31/2002",1967,"M","B","Plea","3/31/2004","4/5/2004",1,"pwid",1,"heroin","0",5,0,0,1,1,1,1,1,1,1,1,1,"7/11/2005",0,"0",1,"7/11/2005",0,"0",1,"8/18/2006",0,"0",1,"8/18/2006",0,"0",0,"0",0,781,204596,"1",17714,17898,18049,5,317,0,0,15705,35,1225,1,0,0,0,0,1,0,0,0,0,5,1,0,0,0,1,0,0,1,0,1,0,0
"562","2/5/2003",1958,"M","B","Jury trial not guilty","11/21/2003","",1,"dist",0,"cocaine","0",0,0,0,1,1,1,1,1,1,1,1,0,"0",0,"0",0,"0",0,"0",0,"0",0,"0",0,"0",0,"0",0,"0",0,970,29173,"3",17714,17898,18049,0,9999,0,0,15741,45,2025,1,0,0,0,0,1,0,0,0,0,5,0,0,1,0,0,0,0,0,1,0,0,0
"563","1/18/2003",1978,"M","B","Plea","4/2/2003","7/24/2003",1,"dist",0,"marijuana","0",30,0,0,1,1,1,1,1,1,1,1,1,"11/22/2006",0,"0",0,"0",0,"0",1,"1/08/2007",0,"0",0,"0",0,"0",0,"0",0,866,20524,"2",17714,17898,18049,30,430,0,0,15723,25,625,1,0,0,0,0,1,0,0,0,0,5,1,1,0,0,0,0,0,0,1,1,0,0
"564","2/5/2003",1962,"F","B","Jury trial guilty","11/21/2003","2/17/2004",1,"dist",0,"cocaine","0",30,30,36,1,0,0,0,0,0,0,0,0,"0",0,"0",0,"0",0,"0",0,"0",0,"0",0,"0",0,"0",0,"0",1,971,29174,"3",17714,17898,18049,0,9999,1,0,15741,41,1681,1,0,0,0,0,1,0,0,0,0,5,0,0,1,0,0,0,0,0,1,1,1,1080
"565","1/25/2003",1968,"M","B","Plea","7/8/2003","7/14/2003",1,"pwid",0,"heroin","0",1,0,0,1,1,1,1,1,1,1,1,0,"0",0,"0",0,"0",0,"0",0,"0",0,"0",0,"0",0,"0",0,"0",0,894,23629,"3",17714,17898,18049,1,9999,0,0,15730,35,1225,1,0,0,0,0,1,0,0,0,0,5,1,0,0,0,1,0,0,1,0,1,0,0
"566","6/14/2002",1969,"M","B","Dismissed","11/8/2002","",1,"pwid",0,"pcp","0",0,0,0,1,1,1,1,0,0,0,0,0,"0",0,"0",0,"0",0,"0",0,"0",0,"0",0,"0",0,"0",0,"0",0,54,NA,"1",17714,17898,18049,0,9999,0,0,15505,33,1089,1,0,0,0,0,1,0,0,0,0,5,0,0,0,0,0,1,0,1,0,0,0,0
"567","12/18/2002",1981,"M","B","Plea","4/4/2003","6/9/2003",1,"pwid",1,"marijuana","0",36,36,36,1,1,1,1,1,1,1,1,1,"10/24/2005",1,"10/24/2005",1,"8/03/2006",1,"8/03/2006",0,"0",0,"0",0,"0",0,"0",1,"3/28/2005",0,746,198424,"1",17714,17898,18049,0,934,0,0,15692,21,441,1,0,0,0,0,1,0,0,0,0,5,0,1,0,0,0,0,0,1,0,1,1,1296
"568","4/3/2003",1981,"M","B","Plea","5/18/2003","7/31/2003",1,"dist",0,"cocaine","0",0,0,24,1,0,1,0,1,0,1,0,1,"1/14/2006",0,"0",1,"1/14/2006",0,"0",1,"2/23/2006",0,"0",1,"2/23/2006",0,"0",0,"0",0,1186,55716,"3",17714,17898,18049,0,972,0,0,15798,22,484,1,0,0,0,0,1,0,0,0,0,5,0,0,1,0,0,0,0,0,1,1,1,0
"569","2/6/2003",1973,"M","B","Dismissed","10/21/2003","0",1,"dist",0,"cocaine","0",0,0,0,1,1,1,1,1,1,1,1,0,"0",0,"0",0,"0",0,"0",0,"0",0,"0",0,"0",0,"0",0,"0",0,981,29735,"2",17714,17898,18049,0,9999,0,0,15742,30,900,1,0,0,0,0,1,0,0,0,0,5,0,0,1,0,0,0,0,0,1,0,0,0
"570","12/5/2002",1982,"M","B","Plea","1/29/2003","1/29/2003",2,"dist, pwid",0,"crack","0",0,0,12,0,0,0,0,0,0,0,0,1,"5/3/2005",0,"0",0,"0",0,"0",0,"0",0,"0",0,"0",0,"0",0,"0",0,701,192090,"1",17714,17898,18049,0,825,0,0,15679,20,400,1,0,0,0,0,1,0,0,0,0,5,0,0,0,1,0,0,0,1,1,1,1,0
"571","8/12/2002",1984,"M","B","Plea","4/8/2003","1/30/2004",2,"pwid",0,"cocaine","marijuana",0,0,36,0,0,0,0,0,0,0,0,1,"4/21/2005",1,"4/21/2005",1,"4/21/2005",1,"4/21/2005",1,"1/12/2006",1,"1/12/2006",0,"0",0,"0",0,"0",0,317,132529,"1",17714,17898,18049,0,744,0,0,15564,18,324,1,0,0,0,0,1,0,0,0,0,5,0,1,1,0,0,0,0,1,0,1,1,0
"572","10/12/2002",1948,"M","B","Plea","12/3/2002","3/11/2003",1,"pwid",0,"heroin","0",60,60,36,1,1,1,1,1,1,1,1,1,"11/20/2004",0,"0",1,"11/20/2004",0,"0",0,"0",0,"0",0,"0",0,"0",1,"1/14/2005",0,490,164902,"1",17714,17898,18049,0,718,0,0,15625,54,2916,1,0,0,0,0,1,0,0,0,0,5,0,0,0,0,1,0,0,1,0,1,1,2160
"573","2/5/2003",1971,"M","B","Jury trial guilty","11/21/2003","1/29/2004",1,"dist",0,"cocaine","0",30,30,24,1,1,0,0,0,0,0,0,0,"0",0,"0",0,"0",0,"0",0,"0",0,"0",0,"0",0,"0",0,"0",1,971,29174,"3",17714,17898,18049,0,9999,0,0,15741,32,1024,1,0,0,0,0,1,0,0,0,0,5,0,0,1,0,0,0,0,0,1,1,1,720
"574","1/30/2003",1973,"M","B","Plea","5/7/2003","5/7/2003",2,"pwid",0,"marijuana","cocaine",29,0,0,1,1,1,1,1,1,1,1,0,"10/8/2008",0,"0",1,"10/08/2008",0,"0",0,"0",0,"0",0,"0",0,"0",0,"0",0,927,26015,"2",17714,17898,18049,29,1111,0,0,15735,30,900,1,0,0,0,0,1,0,0,0,0,5,1,1,1,0,0,0,0,1,0,1,0,0
"575","11/20/2002",1960,"M","B","Plea","2/5/2003","4/9/2003",1,"dist",0,"cocaine","0",18,0,0,1,1,1,1,1,1,1,1,1,"12/26/2005",0,"0",0,"0",0,"0",0,"0",0,"0",0,"0",0,"0",0,"0",1,636,184746,"1",17714,17898,18049,18,515,0,0,15664,42,1764,1,0,0,0,0,1,0,0,0,0,5,1,0,1,0,0,0,0,0,1,1,0,0
"576","11/8/2002",1949,"M","B","Plea","3/3/2003","7/30/2003",1,"pwid",0,"heroin","0",40,40,24,1,1,1,1,1,1,1,1,0,"0",0,"0",0,"0",0,"0",0,"0",0,"0",0,"0",0,"0",0,"0",0,589,47505,"1",17714,17898,18049,0,9999,0,0,15652,53,2809,1,0,0,0,0,1,0,0,0,0,5,0,0,0,0,1,0,0,1,0,1,1,960
"577","12/13/2002",1962,"F","B","Plea","10/28/2003","2/6/2004",1,"dist",0,"cocaine","0",20,20,36,1,0,0,0,0,0,0,0,1,"3/31/2004",0,"0",0,"0",0,"0",1,"8/03/2004",0,"0",0,"0",0,"0",1,"9/09/2004",1,723,195840,"1",17714,17898,18049,0,155,1,0,15687,40,1600,1,0,0,0,0,1,0,0,0,0,5,0,0,1,0,0,0,0,0,1,1,1,720
"578","11/29/2002",1968,"M","B","Dismissed","5/6/2003","",1,"pwid",0,"cocaine","0",0,0,0,1,1,1,1,1,1,1,1,1,"2/26/2004",0,"0",1,"2/26/2004",0,"0",0,"0",0,"0",0,"0",0,"0",0,"0",0,679,189075,"1",17714,17898,18049,0,296,0,0,15673,34,1156,1,0,0,0,0,1,0,0,0,0,5,0,0,1,0,0,0,0,1,0,0,0,0
"579","10/24/2002",1976,"M","B","Plea","1/9/2003","7/22/2003",1,"dist",0,"marijuana","0",20,20,24,1,1,1,1,1,1,1,1,1,"4/23/2004",1,"10/09/2004",1,"4/23/2004",1,"10/09/2004",1,"1/27/2005",1,"1/27/2005",1,"1/27/2005",1,"1/27/2005",1,"4/01/2005",0,2531,170969,"1",17714,17898,18049,0,470,0,0,15637,26,676,1,0,0,0,0,1,0,0,0,0,5,0,1,0,0,0,0,0,0,1,1,1,480
"580","12/18/2002",1968,"M","B","Plea","2/26/2003","7/22/2003",1,"dist",0,"marijuana","0",24,0,0,1,1,1,1,1,1,1,1,0,"0",0,"0",0,"0",0,"0",0,"0",0,"0",0,"0",0,"0",0,"0",0,743,198416,"1",17714,17898,18049,24,9999,0,0,15692,34,1156,1,0,0,0,0,1,0,0,0,0,5,1,1,0,0,0,0,0,0,1,1,0,0
"581","7/27/2002",1970,"M","B","Plea","10/4/2002","9/5/2003",1,"pwid",0,"cocaine","0",3,0,0,1,1,1,1,1,1,1,1,1,"8/13/2005",0,"0",0,"0",0,"0",0,"0",0,"0",0,"0",0,"0",0,"0",0,266,123872,"1",17714,17898,18049,3,954,0,0,15548,32,1024,1,0,0,0,0,1,0,0,0,0,5,1,0,1,0,0,0,0,1,0,1,0,0
"582","9/9/2002",1982,"M","B","Plea","2/3/2003","4/21/2003",1,"pwid",0,"crack","0",0,0,36,1,1,1,1,1,1,1,1,1,"9/6/2003",1,"11/05/2003",1,"9/06/2003",1,"11/05/2003",0,"0",0,"0",0,"0",0,"0",1,"1/19/2005",0,398,147579,"1",17714,17898,18049,0,215,0,0,15592,20,400,1,0,0,0,0,1,0,0,0,0,5,0,0,0,1,0,0,0,1,0,1,1,0
"583","12/19/2002",1977,"M","B","DWP","7/8/2003","",1,"dist",0,"marijuana","0",0,0,0,1,1,1,1,1,1,1,1,0,"0",0,"0",0,"0",0,"0",0,"0",0,"0",0,"0",0,"0",0,"0",0,754,168946,"1",17714,17898,18049,0,9999,0,0,15693,25,625,1,0,0,0,0,1,0,0,0,0,5,0,1,0,0,0,0,0,0,1,0,0,0
"584","8/3/2002",1970,"M","B","Plea","12/2/2002","5/12/2003",1,"dist",0,"marijuana","0",20,0,0,1,1,1,1,1,1,1,1,1,"8/17/2005",0,"0",1,"8/17/2005",0,"0",1,"12/08/2005",0,"0",1,"12/08/2005",0,"0",0,"0",1,293,127739,"1",17714,17898,18049,20,389,0,0,15555,32,1024,1,0,0,0,0,1,0,0,0,0,5,1,1,0,0,0,0,0,0,1,1,0,0
"585","9/18/2002",1964,"M","B","Plea","4/15/2003","6/18/2003",1,"dist",1,"cocaine","crack",27,27,48,1,1,1,1,1,1,1,1,0,"0",0,"0",0,"0",0,"0",0,"0",0,"0",0,"0",0,"0",1,"11/08/2004",0,432,152352,"1",17714,17898,18049,0,9999,0,0,15601,38,1444,1,0,0,0,0,1,0,0,0,0,5,0,0,1,1,0,0,0,0,1,1,1,1296
"586","8/15/2002",1967,"M","B","Plea","6/30/2003","9/11/2003",1,"pwid",0,"heroin","0",12,0,0,1,1,1,0,1,1,1,0,1,"6/1/2005",1,"6/01/2005",0,"0",0,"0",0,"0",0,"0",0,"0",0,"0",0,"0",0,329,133882,"1",17714,17898,18049,12,342,0,0,15567,35,1225,1,0,0,0,0,1,0,0,0,0,5,1,0,0,0,1,0,0,1,0,1,0,0
"587","12/4/2002",1975,"M","B","Jury trial not guilty","5/1/2003","",1,"dist",0,"crack","0",0,0,0,1,1,1,1,1,1,1,1,1,"5/27/2003",0,"0",0,"0",0,"0",1,"3/09/2005",0,"0",0,"0",0,"0",0,"0",0,700,191576,"1",17714,17898,18049,0,26,0,0,15678,27,729,1,0,0,0,0,1,0,0,0,0,5,0,0,0,1,0,0,0,0,1,0,0,0
"588","8/26/2002",1967,"M","B","Plea","2/25/2003","11/13/2003",1,"pwid",0,"pcp","0",5,5,24,0,0,0,0,0,0,0,0,1,"4/29/2003",0,"0",0,"0",0,"0",0,"0",0,"0",0,"0",0,"0",0,"0",0,355,139698,"1",17714,17898,18049,0,63,0,0,15578,35,1225,1,0,0,0,0,1,0,0,0,0,5,0,0,0,0,0,1,0,1,0,1,1,120
"589","6/22/2002",1965,"F","B","Dismissed","11/27/2002","",1,"dist",0,"heroin","0",0,0,0,1,1,1,1,1,0,1,0,1,"1/18/2003",1,"1/18/2003",0,"0",0,"0",0,"0",0,"0",0,"0",0,"0",0,"0",1,90,104526,"1",17714,17898,18049,0,52,1,0,15513,37,1369,1,0,0,0,0,1,0,0,0,0,5,0,0,0,0,1,0,0,0,1,0,0,0
"590","9/9/2002",1968,"M","B","Plea","1/29/2003","4/2/2003",2,"dist, pwid",0,"cocaine","marijuana",30,0,0,1,1,1,1,1,1,1,1,0,"0",0,"0",0,"0",0,"0",0,"0",0,"0",0,"0",0,"0",0,"0",0,397,146853,"1",17714,17898,18049,30,9999,0,0,15592,34,1156,1,0,0,0,0,1,0,0,0,0,5,1,1,1,0,0,0,0,1,1,1,0,0
"591","6/19/2002",1983,"M","B","Plea","9/23/2002","6/16/2003",2,"dist, pwid",0,"cocaine","0",40,40,36,0,0,0,0,0,0,0,0,1,"3/13/2004",0,"0",1,"3/13/2004",0,"0",1,"4/09/2004",0,"0",1,"4/09/2004",0,"0",1,"7/08/2004",0,70,102659,"1",17714,17898,18049,0,537,0,0,15510,19,361,1,0,0,0,0,1,0,0,0,0,5,0,0,1,0,0,0,0,1,1,1,1,1440
"592","8/28/2002",1980,"M","B","Jury trial guilty","4/16/2003","5/21/2003",1,"pwid",0,"marijuana","0",30,0,0,1,1,1,1,1,1,1,1,0,"0",0,"0",0,"0",0,"0",0,"0",0,"0",0,"0",0,"0",0,"0",0,365,141249,"1",17714,17898,18049,30,9999,0,0,15580,22,484,1,0,0,0,0,1,0,0,0,0,5,1,1,0,0,0,0,0,1,0,1,0,0
"593","7/1/2002",1984,"M","B","Plea","8/12/2002","1/24/2003",1,"dist",0,"cocaine","0",18,18,24,0,0,0,0,0,0,0,0,1,"6/11/2004",0,"0",0,"0",0,"0",0,"0",0,"0",0,"0",0,"0",0,"0",0,117,108675,"1",17714,17898,18049,0,669,0,0,15522,18,324,1,0,0,0,0,0,1,0,0,0,6,0,0,1,0,0,0,0,0,1,1,1,432
"594","11/25/2002",1978,"M","B","Plea","10/16/2003","12/22/2003",1,"pwid",1,"cocaine","marijuana",36,36,24,1,1,1,1,0,0,0,0,1,"6/2/2004",0,"0",0,"0",0,"0",0,"0",0,"0",0,"0",0,"0",1,"3/17/2006",0,658,187320,"1",17714,17898,18049,0,230,0,0,15669,24,576,1,0,0,0,0,0,1,0,0,0,6,0,1,1,0,0,0,0,1,0,1,1,864
"595","2/4/2003",1976,"M","B","Plea","9/24/2004","1/27/2005",2,"pwid",0,"marijuana","crack",24,14,36,1,1,1,1,1,1,1,1,1,"9/20/2006",1,"6/30/2007",1,"9/20/2006",1,"6/30/2007",1,"9/25/2007",1,"9/25/2007",1,"9/25/2007",1,"9/25/2007",1,"8/16/2007",0,968,28768,"2",17714,17898,18049,10,426,0,0,15740,27,729,1,0,0,0,0,0,1,0,0,0,6,1,1,0,1,0,0,0,1,0,1,1,504
"596","3/12/2003",1947,"M","B","Plea","8/28/2003","11/7/2003",3,"pwid",0,"marijuana","crack",48,45,30,1,0,1,0,1,0,1,0,1,"8/26/2006",1,"8/26/2006",1,"8/26/2006",1,"8/26/2006",1,"7/23/2007",1,"7/23/2007",1,"7/23/2007",1,"7/23/2007",0,"0",1,1132,44765,"2",17714,17898,18049,3,1004,0,0,15776,56,3136,1,0,0,0,0,0,1,0,0,0,6,1,1,0,1,0,0,0,1,0,1,1,1350
"597","1/30/2003",1967,"M","B","Plea","6/17/2003","8/13/2003",1,"pwid",0,"crack","0",36,32,24,1,1,1,1,1,1,1,1,1,"8/17/2004",0,"0",0,"0",0,"0",0,"0",0,"0",0,"0",0,"0",1,"1/26/2006",0,940,26320,"2",17714,17898,18049,4,307,0,0,15735,36,1296,1,0,0,0,0,0,1,0,0,0,6,1,0,0,1,0,0,0,1,0,1,1,768
"598","2/21/2003",1983,"M","B","Plea","7/20/2004","9/30/2004",2,"dist, pwid",0,"heroin","0",18,18,24,0,0,0,0,0,0,0,0,0,"0",0,"0",0,"0",0,"0",0,"0",0,"0",0,"0",0,"0",1,"6/01/2006",0,1035,35769,"3",17714,17898,18049,0,9999,0,0,15757,20,400,1,0,0,0,0,0,1,0,0,0,6,0,0,0,0,1,0,0,1,1,1,1,432
"599","10/3/2002",1977,"M","B","Plea","10/12/2004","12/7/2004",1,"pwid",0,"crack","0",14,7,36,1,1,1,1,1,1,1,1,1,"3/23/2005",0,"0",1,"3/23/2005",0,"0",0,"0",0,"0",0,"0",0,"0",0,"0",0,2467,159924,"1",17714,17898,18049,7,0,0,0,15616,25,625,1,0,0,0,0,0,1,0,0,0,6,1,0,0,1,0,0,0,1,0,1,1,252
"600","6/6/2002",1983,"M","B","Plea","6/23/2003","9/4/2003",1,"dist",0,"cocaine","0",24.3330001831055,24,24,0,0,0,0,0,0,0,0,1,"2/16/2004",1,"2/16/2004",1,"2/16/2004",1,"2/16/2004",1,"5/13/2004",1,"5/13/2004",1,"5/13/2004",1,"5/13/2004",1,"4/16/2004",0,22,95657,"1",17714,17898,18049,0.333000183105469,228.009765625,0,0,15497,19,361,1,0,0,0,0,0,1,0,0,0,6,1,0,1,0,0,0,0,0,1,1,1,576
"601","1/3/2003",1979,"M","B","Bench trial guilty","5/21/2003","7/24/2003",1,"pwid",1,"marijuana","0",30,22,24,1,1,1,0,1,0,1,0,1,"9/27/2003",1,"9/27/2003",1,"9/27/2003",1,"9/27/2003",1,"6/08/2007",1,"6/08/2007",1,"6/08/2007",1,"6/08/2007",1,"11/18/2003",0,788,13365,"1",17714,17898,18049,8,0,0,0,15708,24,576,1,0,0,0,0,0,1,0,0,0,6,1,1,0,0,0,0,0,1,0,1,1,528
"602","2/12/2003",1950,"M","B","Plea","4/4/2003","6/4/2003",1,"dist",0,"heroin","0",24,18,36,1,1,1,1,1,1,1,1,1,"4/25/2005",1,"4/25/2005",1,"4/25/2005",1,"4/25/2005",1,"6/23/2005",1,"6/23/2005",1,"6/23/2005",1,"6/23/2005",1,"8/03/2005",1,999,32466,"2",17714,17898,18049,6,572,0,0,15748,53,2809,1,0,0,0,0,0,1,0,0,0,6,1,0,0,0,1,0,0,0,1,1,1,648
"603","11/22/2002",1969,"M","B","Plea","2/6/2003","4/7/2003",1,"pwid",1,"crack","0",36,36,30,1,1,1,1,1,0,1,0,1,"5/22/2003",0,"0",0,"0",0,"0",0,"0",0,"0",0,"0",0,"0",1,"2/17/2005",0,646,185849,"1",17714,17898,18049,0,105,0,0,15666,33,1089,1,0,0,0,0,0,1,0,0,0,6,0,0,0,1,0,0,0,1,0,1,1,1080
"604","2/1/2003",1964,"M","B","Plea","3/21/2003","5/22/2003",1,"dist",0,"heroin","0",16,0,0,1,1,1,1,1,1,1,1,0,"0",0,"0",0,"0",0,"0",0,"0",0,"0",0,"0",0,"0",0,"0",0,952,27112,"3",17714,17898,18049,16,9999,0,0,15737,39,1521,1,0,0,0,0,0,1,0,0,0,6,1,0,0,0,1,0,0,0,1,1,0,0
"605","7/25/2002",1963,"M","B","Dismissed","2/10/2003","",1,"pwid",0,"heroin","0",0,0,0,1,1,1,1,1,1,1,1,1,"8/4/2005",0,"0",0,"0",0,"0",1,"11/08/2005",0,"0",0,"0",0,"0",0,"0",0,243,122663,"1",17714,17898,18049,0,906,0,0,15546,39,1521,1,0,0,0,0,0,1,0,0,0,6,0,0,0,0,1,0,0,1,0,0,0,0
"606","9/6/2002",1983,"M","B","Jury trial guilty","6/17/2004","8/31/2004",1,"dist",0,"cocaine","0",24,14,24,1,1,0,0,0,0,0,0,1,"12/13/2005",1,"12/13/2005",0,"0",0,"0",0,"0",0,"0",0,"0",0,"0",1,"5/26/2005",0,2386,145863,"1",17714,17898,18049,10,244,0,0,15589,19,361,1,0,0,0,0,0,1,0,0,0,6,1,0,1,0,0,0,0,0,1,1,1,336
"607","8/24/2002",1979,"M","B","Dismissed","2/20/2003","",1,"pwid",0,"heroin","0",0,0,0,1,1,1,1,1,1,1,1,0,"0",0,"0",0,"0",0,"0",0,"0",0,"0",0,"0",0,"0",0,"0",0,353,139057,"1",17714,17898,18049,0,9999,0,0,15576,23,529,1,0,0,0,0,0,1,0,0,0,6,0,0,0,0,1,0,0,1,0,0,0,0
"608","9/21/2002",1980,"M","B","Dismissed","2/6/2003","",1,"dist",0,"heroin","0",0,0,0,1,1,1,0,1,0,0,0,0,"0",0,"0",0,"0",0,"0",0,"0",0,"0",0,"0",0,"0",0,"0",0,450,154046,"1",17714,17898,18049,0,9999,0,0,15604,22,484,1,0,0,0,0,0,1,0,0,0,6,0,0,0,0,1,0,0,0,1,0,0,0
"609","7/12/2002",1982,"M","B","Dismissed","10/14/2003","",1,"pwid",0,"cocaine","0",0,0,0,1,1,1,1,1,1,0,0,1,"1/30/2004",1,"1/30/2004",1,"1/30/2004",1,"1/30/2004",1,"11/23/2004",1,"11/23/2004",1,"11/23/2004",1,"11/23/2004",0,"0",0,167,111216,"1",17714,17898,18049,0,108,0,0,15533,20,400,1,0,0,0,0,0,1,0,0,0,6,0,0,1,0,0,0,0,1,0,0,0,0
"610","9/13/2002",1950,"M","B","Plea","8/7/2003","10/14/2003",3,"dist, pwid",0,"heroin","crack",30,0,0,1,1,0,0,0,0,0,0,0,"0",0,"0",0,"0",0,"0",0,"0",0,"0",0,"0",0,"0",0,"0",1,417,149612,"1",17714,17898,18049,30,9999,0,0,15596,52,2704,1,0,0,0,0,0,1,0,0,0,6,1,0,0,1,1,0,0,1,1,1,0,0
"611","10/15/2002",1973,"F","B","Plea","1/10/2003","1/10/2003",1,"pwid",0,"cocaine","0",0,0,12,0,0,0,0,0,0,0,0,0,"0",0,"0",0,"0",0,"0",0,"0",0,"0",0,"0",0,"0",0,"0",1,501,166315,"1",17714,17898,18049,0,9999,1,0,15628,29,841,1,0,0,0,0,0,1,0,0,0,6,0,0,1,0,0,0,0,1,0,1,1,0
"612","2/15/2003",1969,"M","W","Jury trial guilty","7/28/2003","10/6/2003",1,"dist",0,"cocaine","0",45,0,0,1,1,0,0,1,1,0,0,0,"0",0,"0",0,"0",0,"0",0,"0",0,"0",0,"0",0,"0",0,"0",1,1023,33938,"3",17714,17898,18049,45,9999,0,1,15751,34,1156,1,0,0,0,0,0,1,0,0,0,6,1,0,1,0,0,0,0,0,1,1,0,0
"613","7/12/2002",1971,"M","B","Plea","9/9/2002","11/13/2002",1,"dist",0,"cocaine","0",24,24,0,1,1,1,0,0,0,0,0,0,"0",0,"0",0,"0",0,"0",0,"0",0,"0",0,"0",0,"0",0,"0",0,173,115424,"1",17714,17898,18049,0,9999,0,0,15533,31,961,1,0,0,0,0,0,1,0,0,0,6,0,0,1,0,0,0,0,0,1,1,0,0
"614","7/18/2002",1965,"M","B","Plea","12/11/2002","5/7/2003",3,"dist, pwid",0,"cocaine","heroin",16.6669998168945,14.6669998168945,30,1,1,1,1,1,1,1,1,0,"0",0,"0",0,"0",0,"0",0,"0",0,"0",0,"0",0,"0",0,"0",0,201,118678,"1",17714,17898,18049,2,9999,0,0,15539,37,1369,1,0,0,0,0,0,1,0,0,0,6,1,0,1,0,1,0,0,1,1,1,1,440.010009765625
"615","6/6/2002",1960,"M","B","Plea","1/16/2003","3/17/2003",1,"dist",0,"heroin","0",60,52,30,1,0,1,0,1,0,1,0,1,"11/08/2004",1,"11/08/2004",1,"11/08/2004",1,"11/08/2004",1,"2/15/2005",1,"2/15/2005",1,"2/15/2005",1,"2/15/2005",1,"6/27/2005",0,2019,95662,"1",17714,17898,18049,8,422,0,0,15497,42,1764,1,0,0,0,0,0,1,0,0,0,6,1,0,0,0,1,0,0,0,1,1,1,1560
"616","10/9/2002",1981,"M","B","Dismissed","4/16/2004","",1,"pwid",0,"crack","0",0,0,0,1,1,1,1,0,0,0,0,0,"0",0,"0",0,"0",0,"0",0,"0",0,"0",0,"0",0,"0",0,"0",0,478,163119,"1",17714,17898,18049,0,9999,0,0,15622,21,441,1,0,0,0,0,0,1,0,0,0,6,0,0,0,1,0,0,0,1,0,0,0,0
"617","4/25/2003",1979,"M","B","Dismissed","3/8/2004","",1,"dist",0,"cocaine","0",0,0,0,1,1,1,1,1,1,1,1,1,"2/25/2005",1,"2/25/2005",0,"0",0,"0",1,"5/25/2005",1,"5/25/2006",0,"0",0,"0",0,"0",0,1250,66658,"3",17714,17898,18049,0,354,0,0,15820,24,576,1,0,0,0,0,0,1,0,0,0,6,0,0,1,0,0,0,0,0,1,0,0,0
"618","7/25/2002",1959,"F","B","Plea","7/24/2003","9/16/2003",1,"dist",0,"cocaine","0",36,34,24,1,1,1,1,1,1,1,1,1,"8/27/2004",1,"8/27/2004",1,"8/27/2004",1,"8/27/2004",1,"11/16/2004",1,"11/16/2004",1,"11/16/2004",1,"11/16/2004",1,"12/14/2004",1,254,122751,"1",17714,17898,18049,2,340,1,0,15546,43,1849,1,0,0,0,0,0,1,0,0,0,6,1,0,1,0,0,0,0,0,1,1,1,816
"619","1/25/2003",1968,"M","B","Plea","5/20/2003","11/17/2004",1,"dist",0,"cocaine","0",36,32,18,1,0,1,0,1,0,1,0,0,"0",0,"0",0,"0",0,"0",0,"0",0,"0",0,"0",0,"0",0,"0",0,891,23606,"3",17714,17898,18049,4,9999,0,0,15730,35,1225,1,0,0,0,0,0,1,0,0,0,6,1,0,1,0,0,0,0,0,1,1,1,576
"620","2/20/2003",1978,"M","B","Plea","5/28/2003","8/20/2003",1,"dist",0,"cocaine","0",18,0,0,1,1,1,0,1,1,1,0,0,"12/18/2007",0,"0",0,"0",0,"0",0,"0",0,"0",0,"0",0,"0",0,"0",0,1031,35366,"2",17714,17898,18049,18,1125,0,0,15756,25,625,1,0,0,0,0,0,1,0,0,0,6,1,0,1,0,0,0,0,0,1,1,0,0
"621","2/22/2003",1984,"M","B","Plea","9/16/2003","11/26/2003",1,"pwid",0,"pcp","0",24,15,24,1,0,1,0,0,0,0,0,1,"11/11/2005",1,"11/11/2005",1,"11/11/2005",1,"11/11/2005",0,"0",0,"0",0,"0",0,"0",0,"0",0,3045,36297,"2",17714,17898,18049,9,517,0,0,15758,19,361,1,0,0,0,0,0,1,0,0,0,6,1,0,0,0,0,1,0,1,0,1,1,360
"622","9/21/2002",1984,"M","B","Dismissed","2/6/2003","",1,"dist",0,"heroin","0",0,0,0,0,0,0,0,0,0,0,0,1,"4/15/2004",1,"4/15/2004",1,"4/15/2004",1,"4/15/2004",1,"5/25/2004",1,"5/25/2004",1,"5/25/2004",1,"5/25/2004",0,"0",0,451,154054,"1",17714,17898,18049,0,434,0,0,15604,18,324,1,0,0,0,0,0,1,0,0,0,6,0,0,0,0,1,0,0,0,1,0,0,0
"623","7/11/2002",1951,"M","B","Plea","2/21/2003","6/23/2003",1,"dist",0,"heroin","0",24,24,24,1,1,1,1,1,1,1,1,1,"5/4/2004",1,"5/04/2004",1,"5/04/2004",1,"5/04/2004",1,"9/23/2004",1,"9/23/2004",1,"9/23/2004",1,"9/23/2004",1,"4/05/2005",0,157,114851,"1",17714,17898,18049,0,438,0,0,15532,51,2601,1,0,0,0,0,0,1,0,0,0,6,0,0,0,0,1,0,0,0,1,1,1,576
"624","11/18/2002",1979,"M","B","Dismissed","4/22/2003","",2,"pwid",0,"cocaine","heroin",0,0,0,1,1,1,0,1,1,1,0,1,"8/18/2005",0,"0",1,"8/18/2005",0,"0",1,"10/26/2005",0,"0",1,"10/26/2005",0,"0",0,"0",0,625,183769,"1",17714,17898,18049,0,849,0,0,15662,23,529,1,0,0,0,0,0,1,0,0,0,6,0,0,1,0,1,0,0,1,0,0,0,0
"625","2/15/2003",1969,"M","W","Jury trial guilty","7/28/2003","10/6/2003",1,"dist",0,"cocaine","0",45,0,0,1,1,0,0,1,1,0,0,0,"0",0,"0",0,"0",0,"0",0,"0",0,"0",0,"0",0,"0",0,"0",1,1023,33938,"3",17714,17898,18049,45,9999,0,1,15751,34,1156,1,0,0,0,0,0,1,0,0,0,6,1,0,1,0,0,0,0,0,1,1,0,0
"626","1/14/2003",1977,"M","B","Plea","2/17/2004","7/22/2004",1,"pwid",0,"cocaine","0",12,0,0,1,1,1,1,1,0,1,0,1,"4/6/2004",1,"4/06/2004",0,"0",0,"0",1,"11/08/2005",1,"11/08/2005",0,"0",0,"0",0,"0",0,847,18445,"2",17714,17898,18049,12,0,0,0,15719,26,676,1,0,0,0,0,0,1,0,0,0,6,1,0,1,0,0,0,0,1,0,1,0,0
"627","2/12/2003",1959,"M","B","Plea","4/23/2003","6/23/2003",2,"dist",1,"heroin","0",36,36,0,1,1,1,1,1,1,1,1,1,"4/19/2005",1,"4/19/2005",1,"4/19/2005",1,"4/19/2005",1,"9/15/2005",1,"9/15/2005",1,"9/15/2005",1,"9/15/2005",0,"0",1,999,32466,"2",17714,17898,18049,0,727,0,0,15748,44,1936,1,0,0,0,0,0,1,0,0,0,6,0,0,0,0,1,0,0,0,1,1,0,0
"628","10/24/2002",1978,"M","B","Dismissed","6/18/2003","",1,"dist",0,"cocaine","0",0,0,0,1,1,0,0,1,1,0,0,0,"0",0,"0",0,"0",0,"0",0,"0",0,"0",0,"0",0,"0",0,"0",0,533,170927,"1",17714,17898,18049,0,9999,0,0,15637,24,576,1,0,0,0,0,0,1,0,0,0,6,0,0,1,0,0,0,0,0,1,0,0,0
"629","8/15/2002",1968,"M","B","Dismissed","11/1/2002","",1,"dist",0,"crack","0",0,0,0,0,0,0,0,0,0,0,0,1,"1/8/2003",1,"1/08/2003",1,"1/08/2003",1,"1/08/2003",1,"12/18/2007",0,"0",0,"0",0,"0",0,"0",0,328,134114,"1",17714,17898,18049,0,68,0,0,15567,34,1156,1,0,0,0,0,0,1,0,0,0,6,0,0,0,1,0,0,0,0,1,0,0,0
"630","1/6/2003",1939,"M","B","Plea","3/10/2003","5/15/2003",2,"pwid",0,"cocaine","heroin",24.3299999237061,24,12,1,1,1,1,1,1,1,1,1,"7/3/2003",1,"7/03/2003",1,"7/03/2003",1,"7/03/2003",1,"11/25/2003",1,"11/25/2003",1,"11/25/2003",1,"11/25/2003",1,"12/15/2003",0,805,13076,"1",17714,17898,18049,0.329999923706055,105.099609375,0,0,15711,64,4096,1,0,0,0,0,0,1,0,0,0,6,1,0,1,0,1,0,0,1,0,1,1,288
"631","2/8/2003",1950,"M","B","Plea","4/23/2003","7/8/2003",1,"dist",0,"cocaine","0",48,42,24,1,0,0,0,1,0,0,0,0,"0",0,"0",0,"0",0,"0",0,"0",0,"0",0,"0",0,"0",0,"0",0,990,30713,"2",17714,17898,18049,6,9999,0,0,15744,53,2809,1,0,0,0,0,0,1,0,0,0,6,1,0,1,0,0,0,0,0,1,1,1,1008
"632","7/31/2002",1965,"M","B","Plea","10/2/2002","3/16/2005",1,"dist",0,"heroin","0",20,0,0,0,0,0,0,0,0,0,0,0,"0",0,"0",0,"0",0,"0",0,"0",0,"0",0,"0",0,"0",0,"0",0,272,126073,"1",17714,17898,18049,20,9999,0,0,15552,37,1369,1,0,0,0,0,0,1,0,0,0,6,1,0,0,0,1,0,0,0,1,1,0,0
"633","7/6/2002",1965,"M","B","Dismissed","6/12/2003","",1,"pwid",1,"crack","0",0,0,0,0,0,0,0,0,0,0,0,0,"0",0,"0",0,"0",0,"0",0,"0",0,"0",0,"0",0,"0",0,"0",1,133,33732,"1",17714,17898,18049,0,9999,0,0,15527,37,1369,1,0,0,0,0,0,1,0,0,0,6,0,0,0,1,0,0,0,1,0,0,0,0
"634","12/19/2002",1980,"M","B","Dismissed","3/31/2003","",2,"dist, pwid",0,"marijuana","0",0,0,0,1,0,1,0,1,0,1,0,1,"2/12/2004",1,"2/12/2004",1,"2/12/2004",1,"2/12/2004",1,"4/08/2004",1,"4/08/2004",1,"4/08/2004",1,"4/08/2004",0,"0",0,751,198943,"1",17714,17898,18049,0,318,0,0,15693,22,484,1,0,0,0,0,0,1,0,0,0,6,0,1,0,0,0,0,0,1,1,0,0,0
"635","4/28/2003",1979,"M","B","Plea","8/7/2003","11/3/2003",2,"pwid",0,"cocaine","marijuana",24,24,24,0,0,0,0,0,0,0,0,0,"0",0,"0",0,"0",0,"0",0,"0",0,"0",0,"0",0,"0",0,"0",0,1257,67495,"2",17714,17898,18049,0,9999,0,0,15823,24,576,1,0,0,0,0,0,1,0,0,0,6,0,1,1,0,0,0,0,1,0,1,1,576
"636","6/1/2002",1946,"M","B","Plea","10/3/2002","4/4/2003",1,"dist",0,"heroin","0",24,18,24,1,1,1,1,1,1,1,1,0,"0",0,"0",0,"0",0,"0",0,"0",0,"0",0,"0",0,"0",0,"0",0,3,92800,"1",17714,17898,18049,6,9999,0,0,15492,56,3136,1,0,0,0,0,0,1,0,0,0,6,1,0,0,0,1,0,0,0,1,1,1,432
"637","9/17/2002",1948,"M","B","Plea","1/22/2003","5/2/2003",1,"dist",0,"heroin","0",12,12,24,1,0,1,0,1,0,1,0,1,"6/14/2003",1,"6/14/2003",1,"6/14/2003",1,"6/14/2003",1,"10/03/2003",1,"10/03/2003",1,"10/03/2003",1,"10/03/2003",1,"10/10/2003",0,428,150616,"1",17714,17898,18049,0,143,0,0,15600,54,2916,1,0,0,0,0,0,1,0,0,0,6,0,0,0,0,1,0,0,0,1,1,1,288
"638","3/3/2003",1981,"M","B","Plea","7/30/2003","11/26/2003",2,"pwid",0,"crack","heroin",40,27,16,0,0,0,0,0,0,0,0,1,"10/17/2003",1,"10/17/2003",1,"10/17/2003",1,"10/17/2003",0,"0",0,"0",0,"0",0,"0",0,"0",0,1085,39826,"3",17714,17898,18049,13,0,0,0,15767,22,484,1,0,0,0,0,0,1,0,0,0,6,1,0,0,1,1,0,0,1,0,1,1,432
"639","2/3/2003",1967,"M","B","Plea","8/20/2003","8/28/2003",1,"dist",0,"crack","0",18,0,0,1,1,1,1,1,1,1,1,0,"0",0,"0",0,"0",0,"0",0,"0",0,"0",0,"0",0,"0",0,"0",0,961,27496,"3",17714,17898,18049,18,9999,0,0,15739,36,1296,1,0,0,0,0,0,1,0,0,0,6,1,0,0,1,0,0,0,0,1,1,0,0
"640","4/23/2003",1976,"M","B","Plea","6/25/2003","9/9/2003",1,"pwid",0,"cocaine","0",36,36,24,1,1,1,1,0,0,0,0,1,"5/19/2004",0,"0",0,"0",0,"0",0,"0",0,"0",0,"0",0,"0",0,"0",0,1233,65655,"3",17714,17898,18049,0,329,0,0,15818,27,729,1,0,0,0,0,0,1,0,0,0,6,0,0,1,0,0,0,0,1,0,1,1,864
"641","1/29/2003",1968,"M","B","Plea","6/19/2003","9/15/2003",1,"dist",0,"cocaine","0",24,0,0,1,1,1,1,1,1,1,1,0,"0",0,"0",0,"0",0,"0",0,"0",0,"0",0,"0",0,"0",0,"0",0,2918,25536,"3",17714,17898,18049,24,9999,0,0,15734,35,1225,1,0,0,0,0,0,1,0,0,0,6,1,0,1,0,0,0,0,0,1,1,0,0
"642","11/27/2002",1984,"M","B","Plea","3/10/2003","5/15/2003",1,"dist",0,"crack","0",36,35,24,0,0,0,0,0,0,0,0,1,"11/18/2003",1,"11/18/2003",0,"0",0,"0",1,"4/05/2004",1,"4/05/2004",0,"0",0,"0",1,"4/23/2004",0,670,188439,"1",17714,17898,18049,1,223,0,0,15671,18,324,1,0,0,0,0,0,1,0,0,0,6,1,0,0,1,0,0,0,0,1,1,1,840
"643","9/13/2002",1959,"F","B","Plea","5/19/2003","5/23/2003",1,"dist",0,"heroin","0",36,36,18,1,1,1,1,1,1,1,0,0,"0",0,"0",0,"0",0,"0",0,"0",0,"0",0,"0",0,"0",0,"0",1,417,149612,"1",17714,17898,18049,0,9999,1,0,15596,43,1849,1,0,0,0,0,0,1,0,0,0,6,0,0,0,0,1,0,0,0,1,1,1,648
"644","12/11/2002",1972,"M","B","Plea","5/6/2003","7/2/2003",1,"pwid",0,"cocaine","0",24,0,0,1,1,1,1,1,1,1,1,0,"0",0,"0",0,"0",0,"0",0,"0",0,"0",0,"0",0,"0",0,"0",0,715,194943,"1",17714,17898,18049,24,9999,0,0,15685,30,900,1,0,0,0,0,0,1,0,0,0,6,1,0,1,0,0,0,0,1,0,1,0,0
"645","3/12/2003",1961,"W","B","Plea","8/28/2003","8/28/2003",2,"pwid",0,"crack","heroin",0.300000011920929,0,0,1,1,1,1,1,1,1,1,1,"1/16/2004",0,"0",1,"1/05/2008",0,"0",1,"4/14/2004",0,"0",0,"0",0,"0",0,"0",1,1132,44765,"2",17714,17898,18049,0.300000011920929,132,0,0,15776,42,1764,1,0,0,0,0,0,1,0,0,0,6,1,0,0,1,1,0,0,1,0,1,0,0
"646","5/7/2003",1963,"M","B","Plea","11/5/2003","2/2/2004",1,"pwid",0,"cocaine","0",36,36,24,1,1,0,0,1,1,0,0,0,"11/8/2008",0,"0",1,"11/08/2008",0,"0",0,"0",0,"0",0,"0",0,"0",0,"0",0,1281,72849,"2",17714,17898,18049,0,1830,0,0,15832,40,1600,1,0,0,0,0,0,1,0,0,0,6,0,0,1,0,0,0,0,1,0,1,1,864
"647","12/18/2002",1978,"M","B","Plea","3/17/2003","5/13/2003",2,"dist, pwid",0,"marijuana","0",24.3299999237061,24,24,1,1,1,1,1,1,1,1,1,"3/2/2004",1,"12/05/2006",1,"3/02/2004",1,"12/05/2006",1,"5/18/2004",1,"12/05/2006",1,"5/18/2004",1,"12/05/2006",1,"4/16/2004",0,744,198438,"1",17714,17898,18049,0.329999923706055,341.099609375,0,0,15692,24,576,1,0,0,0,0,0,1,0,0,0,6,1,1,0,0,0,0,0,1,1,1,1,576
"648","8/8/2002",1957,"M","B","Plea","10/2/2002","1/31/2003",1,"dist",0,"heroin","0",60,53,36,1,1,1,1,1,1,1,1,1,"5/27/2003",1,"8/08/2003",1,"5/27/2003",0,"0",1,"10/06/2003",1,"4/04/2006",1,"10/06/2003",0,"0",1,"10/08/2003",0,307,55442,"1",17714,17898,18049,7,27,0,0,15560,45,2025,1,0,0,0,0,0,1,0,0,0,6,1,0,0,0,1,0,0,0,1,1,1,1908
"649","2/27/2003",1977,"M","B","Dismissed","3/10/2003","",1,"dist",0,"marijuana","0",0,0,0,1,1,1,0,1,0,0,0,1,"4/3/2003",0,"0",1,"3/08/2004",0,"0",1,"4/23/2004",0,"0",1,"4/23/2004",0,"0",0,"0",0,1071,38573,"3",17714,17898,18049,0,24,0,0,15763,26,676,1,0,0,0,0,0,1,0,0,0,6,0,1,0,0,0,0,0,0,1,0,0,0
"650","7/20/2002",1969,"F","B","Plea","9/12/2002","4/10/2003",1,"pwid",0,"marijuana","0",3.33299994468689,3.33299994468689,24,0,0,0,0,0,0,0,0,0,"0",0,"0",0,"0",0,"0",0,"0",0,"0",0,"0",0,"0",0,"0",1,220,119619,"1",17714,17898,18049,0,9999,1,0,15541,33,1089,1,0,0,0,0,0,1,0,0,0,6,0,1,0,0,0,0,0,1,0,1,1,79.9919967651367
"651","7/6/2002",1978,"M","B","Dismissed","5/15/2003","",1,"pwid",0,"crack","0",0,0,0,1,0,0,0,1,0,0,0,0,"0",0,"0",0,"0",0,"0",0,"0",0,"0",0,"0",0,"0",0,"0",1,133,33732,"1",17714,17898,18049,0,9999,0,0,15527,24,576,1,0,0,0,0,0,1,0,0,0,6,0,0,0,1,0,0,0,1,0,0,0,0
"652","3/6/2003",1981,"M","B","Plea","5/19/2003","7/7/2003",2,"dist",1,"cocaine","0",18,17.5,24,0,0,0,0,0,0,0,0,0,"0",0,"0",0,"0",0,"0",0,"0",0,"0",0,"0",0,"0",0,"0",0,1107,41668,"2",17714,17898,18049,0.5,9999,0,0,15770,22,484,1,0,0,0,0,0,1,0,0,0,6,1,0,1,0,0,0,0,0,1,1,1,420
"653","6/7/2002",1966,"F","B","Dismissed","5/21/2003","",1,"dist",0,"crack","0",0,0,0,1,0,0,0,0,0,0,0,1,"10/30/2003",1,"12/23/2004",0,"0",0,"0",1,"1/07/2004",1,"2/10/2005",0,"0",0,"0",0,"0",0,29,96214,"1",17714,17898,18049,0,162,1,0,15498,36,1296,1,0,0,0,0,0,1,0,0,0,6,0,0,0,1,0,0,0,0,1,0,0,0
"654","7/25/2002",1982,"M","B","Plea","10/28/2002","1/10/2003",1,"dist",0,"cocaine","0",36,30,24,1,1,0,0,1,0,0,0,1,"6/2/2003",1,"6/02/2003",0,"0",0,"0",0,"0",0,"0",0,"0",0,"0",1,"8/28/2003",1,254,122751,"1",17714,17898,18049,6,37,0,0,15546,20,400,1,0,0,0,0,0,1,0,0,0,6,1,0,1,0,0,0,0,0,1,1,1,720
"655","12/5/2002",1980,"M","B","Plea","10/10/2003","12/9/2003",1,"dist",0,"marijuana","0",30,20,24,1,1,1,1,1,1,1,1,1,"5/13/2004",0,"0",1,"5/13/2004",0,"0",1,"1/13/2005",0,"0",1,"1/13/2005",0,"0",1,"2/11/2005",0,702,192101,"1",17714,17898,18049,10,0,0,0,15679,22,484,1,0,0,0,0,0,1,0,0,0,6,1,1,0,0,0,0,0,0,1,1,1,480
"656","6/19/2002",1978,"M","B","Plea","9/12/2002","11/13/2002",2,"dist, pwid",0,"marijuana","0",24,24,30,1,1,1,1,1,1,1,1,1,"5/25/2005",1,"5/25/2005",1,"5/25/2005",1,"5/25/2005",1,"10/17/2005",1,"10/17/2005",1,"10/17/2005",1,"10/17/2005",1,"10/26/2005",0,66,102701,"1",17714,17898,18049,0,986,0,0,15510,24,576,1,0,0,0,0,0,1,0,0,0,6,0,1,0,0,0,0,0,1,1,1,1,720
"657","9/9/2002",1958,"M","B","Plea","1/22/2003","1/28/2003",2,"pwid",0,"cocaine","crack",5,3.33299994468689,18,1,1,1,1,1,1,1,1,1,"10/22/2004",1,"10/22/2004",1,"10/22/2004",1,"10/22/2004",1,"3/16/2006",1,"3/16/2006",1,"3/16/2006",1,"3/16/2006",1,"10/09/2003",0,393,147092,"1",17714,17898,18049,1.66700005531311,588.990234375,0,0,15592,44,1936,1,0,0,0,0,0,1,0,0,0,6,1,0,1,1,0,0,0,1,0,1,1,59.9939994812012
"658","7/24/2002",1960,"F","B","Dismissed","2/3/2003","",1,"dist",0,"cocaine","0",0,0,0,1,0,1,0,1,0,1,0,1,"7/29/2003",1,"7/29/2003",1,"7/29/2003",1,"7/29/2003",1,"7/20/2004",1,"7/20/2004",0,"0",0,"0",0,"0",0,238,122183,"1",17714,17898,18049,0,176,1,0,15545,42,1764,1,0,0,0,0,0,1,0,0,0,6,0,0,1,0,0,0,0,0,1,0,0,0
"659","1/22/2003",1961,"W","B","Plea","10/7/2003","10/7/2003",2,"dist",1,"heroin","0",24,12,12,1,1,1,1,1,1,1,1,0,"0",0,"0",0,"0",0,"0",0,"0",0,"0",0,"0",0,"0",0,"0",0,875,21588,"2",17714,17898,18049,12,9999,0,0,15727,42,1764,1,0,0,0,0,0,1,0,0,0,6,1,0,0,0,1,0,0,0,1,1,1,144
"660","8/23/2002",1977,"M","B","Plea","10/3/2002","10/17/2002",1,"pwid",0,"crack","0",60,60,18,1,1,0,0,0,0,0,0,1,"1/3/2004",1,"1/03/2004",0,"0",0,"0",1,"9/07/2004",1,"9/07/2004",0,"0",0,"0",1,"1/08/2004",0,351,138617,"1",17714,17898,18049,0,457,0,0,15575,25,625,1,0,0,0,0,0,1,0,0,0,6,0,0,0,1,0,0,0,1,0,1,1,1080
"661","11/2/2002",1975,"M","B","Plea","7/7/2003","7/7/2003",2,"pwid",1,"cocaine","marijuana",48,34,24,1,1,1,1,1,1,1,1,1,"6/7/2007",0,"0",1,"6/07/2007",0,"0",0,"0",0,"0",0,"0",0,"0",0,"0",0,573,2228677,"1",17714,17898,18049,14,1011,0,0,15646,27,729,1,0,0,0,0,0,1,0,0,0,6,1,1,1,0,0,0,0,1,0,1,1,816
"662","12/18/2002",1963,"M","B","Plea","11/17/2003","1/20/2004",2,"dist, pwid",0,"heroin","0",36,32,24,1,1,1,1,1,1,1,1,1,"9/2/2004",0,"0",1,"9/02/2004",0,"0",1,"2/15/2005",0,"0",0,"0",0,"0",0,"0",0,741,198321,"1",17714,17898,18049,4,170,0,0,15692,39,1521,1,0,0,0,0,0,1,0,0,0,6,1,0,0,0,1,0,0,1,1,1,1,768
"663","1/8/2003",1977,"M","B","Plea","11/6/2003","1/8/2004",1,"dist",0,"cocaine","0",36,36,24,1,1,1,1,1,1,1,1,0,"0",0,"0",0,"0",0,"0",0,"0",0,"0",0,"0",0,"0",0,"0",0,811,15616,"1",17714,17898,18049,0,9999,0,0,15713,26,676,1,0,0,0,0,0,1,0,0,0,6,0,0,1,0,0,0,0,0,1,1,1,864
"664","11/30/2002",1982,"M","B","Bench trial guilty","1/22/2004","1/22/2004",1,"pwid",0,"cocaine","marijuana",6,6,36,1,1,1,1,0,0,0,0,0,"10/31/2008",0,"0",0,"0",0,"0",0,"0",0,"0",0,"0",0,"0",0,"0",0,682,189529,"1",17714,17898,18049,0,1744,0,0,15674,20,400,1,0,0,0,0,0,1,0,0,0,6,0,1,1,0,0,0,0,1,0,1,1,216
"665","7/10/2002",1974,"M","B","Plea","9/30/2002","12/18/2002",1,"pwid",1,"crack","0",30,26,36,1,1,1,1,1,1,1,1,1,"7/4/2003",1,"7/04/2003",0,"0",0,"0",0,"0",0,"0",0,"0",0,"0",1,"10/07/2003",0,150,113875,"1",17714,17898,18049,4,157,0,0,15531,28,784,1,0,0,0,0,0,1,0,0,0,6,1,0,0,1,0,0,0,1,0,1,1,936
"666","12/20/2002",1954,"M","B","Dismissed","11/4/2003","",1,"pwid",0,"crack","0",0,0,0,1,1,1,1,1,1,1,1,0,"0",0,"0",0,"0",0,"0",0,"0",0,"0",0,"0",0,"0",0,"0",0,765,199416,"1",17714,17898,18049,0,9999,0,0,15694,48,2304,1,0,0,0,0,0,1,0,0,0,6,0,0,0,1,0,0,0,1,0,0,0,0
"667","2/14/2003",1949,"M","B","Plea","3/16/2004","5/14/2004",2,"pwid",0,"heroin","0",18,18,24,0,0,0,0,0,0,0,0,0,"0",0,"0",0,"0",0,"0",0,"0",0,"0",0,"0",0,"0",0,"0",0,1010,33333,"2",17714,17898,18049,0,9999,0,0,15750,54,2916,1,0,0,0,0,0,1,0,0,0,6,0,0,0,0,1,0,0,1,0,1,1,432
"668","8/1/2002",1979,"M","B","Plea","6/2/2003","6/17/2003",1,"pwid",0,"crack","0",16,0,0,1,1,1,1,1,1,1,1,1,"10/29/2005",1,"10/29/2005",1,"10/29/2005",1,"10/29/2005",0,"0",0,"0",0,"0",0,"0",0,"0",0,279,126814,"1",17714,17898,18049,16,400,0,0,15553,23,529,1,0,0,0,0,0,1,0,0,0,6,1,0,0,1,0,0,0,1,0,1,0,0
"669","5/3/2003",1968,"M","B","Dismissed","2/20/2004","0",1,"pwid",0,"cocaine","0",0,0,0,1,1,1,1,1,1,1,1,0,"0",0,"0",0,"0",0,"0",0,"0",0,"0",0,"0",0,"0",0,"0",0,1273,70836,"2",17714,17898,18049,0,9999,0,0,15828,35,1225,1,0,0,0,0,0,1,0,0,0,6,0,0,1,0,0,0,0,1,0,0,0,0
"670","8/22/2002",1978,"M","B","Plea","2/10/2003","4/10/2003",1,"dist",0,"cocaine","0",36,36,24,1,1,0,0,1,0,0,0,1,"11/14/2005",1,"11/14/2005",0,"0",0,"0",0,"0",0,"0",0,"0",0,"0",0,"0",0,345,138038,"1",17714,17898,18049,0,1008,0,0,15574,24,576,1,0,0,0,0,0,1,0,0,0,6,0,0,1,0,0,0,0,0,1,1,1,864
"671","11/14/2002",1974,"M","B","Plea","2/20/2003","9/16/2003",1,"dist",0,"heroin","0",36,36,24,1,1,0,0,1,1,0,0,1,"6/17/2005",0,"0",0,"0",0,"0",1,"4/18/2006",0,"0",0,"0",0,"0",0,"0",1,608,181776,"1",17714,17898,18049,0,848,0,0,15658,28,784,1,0,0,0,0,0,1,0,0,0,6,0,0,0,0,1,0,0,0,1,1,1,864
"672","10/11/2002",1960,"F","B","Dismissed","1/30/2003","",1,"pwid",0,"cocaine","0",0,0,0,0,0,0,0,0,0,0,0,0,"0",0,"0",0,"0",0,"0",0,"0",0,"0",0,"0",0,"0",0,"0",0,481,164479,"1",17714,17898,18049,0,9999,1,0,15624,42,1764,1,0,0,0,0,0,1,0,0,0,6,0,0,1,0,0,0,0,1,0,0,0,0
"673","7/15/2002",1956,"F","B","Plea","8/29/2002","10/31/2002",1,"dist",0,"other","0",6,6,0,0,0,0,0,0,0,0,0,0,"0",0,"0",0,"0",0,"0",0,"0",0,"0",0,"0",0,"0",0,"0",0,181,116293,"1",17714,17898,18049,0,9999,1,0,15536,46,2116,1,0,0,0,0,0,1,0,0,0,6,0,0,0,0,0,0,1,0,1,1,0,0
"674","7/20/2002",1972,"M","B","Plea","9/12/2002","4/10/2003",1,"pwid",0,"marijuana","0",3.33299994468689,3.33299994468689,24,1,0,0,0,0,0,0,0,1,"3/4/2006",1,"3/04/2006",1,"3/04/2006",1,"3/04/2006",0,"0",0,"0",0,"0",0,"0",0,"0",1,220,119619,"1",17714,17898,18049,0,1269,0,0,15541,30,900,1,0,0,0,0,0,1,0,0,0,6,0,1,0,0,0,0,0,1,0,1,1,79.9919967651367
"675","1/10/2003",1983,"M","B","Dismissed","2/11/2004","0",2,"pwid",1,"cocaine","0",0,0,0,1,0,0,0,0,0,0,0,1,"1/13/2005",1,"1/13/2005",0,"0",0,"0",1,"6/16/2005",1,"6/16/2005",0,"0",0,"0",0,"0",0,833,16684,"2",17714,17898,18049,0,337,0,0,15715,20,400,1,0,0,0,0,0,1,0,0,0,6,0,0,1,0,0,0,0,1,0,0,0,0
"676","9/14/2002",1978,"M","B","Jury trial guilty","6/10/2003","10/9/2003",1,"dist",0,"other","0",24,24,24,0,0,0,0,0,0,0,0,0,"0",0,"0",0,"0",0,"0",0,"0",0,"0",0,"0",0,"0",0,"0",0,423,150452,"1",17714,17898,18049,0,9999,0,0,15597,24,576,1,0,0,0,0,0,1,0,0,0,6,0,0,0,0,0,0,1,0,1,1,1,576
"677","11/14/2002",1961,"M","B","Plea","2/20/2003","5/6/2003",1,"dist",0,"heroin","0",24,18,24,1,1,1,0,1,1,1,0,0,"0",0,"0",0,"0",0,"0",0,"0",0,"0",0,"0",0,"0",0,"0",1,608,181776,"1",17714,17898,18049,6,9999,0,0,15658,41,1681,1,0,0,0,0,0,1,0,0,0,6,1,0,0,0,1,0,0,0,1,1,1,432
"678","10/15/2002",1983,"M","B","Plea","1/10/2003","3/11/2003",1,"dist",0,"cocaine","0",24,24,24,1,1,1,1,1,1,1,1,1,"11/21/2003",0,"0",0,"0",0,"0",0,"0",0,"0",0,"0",0,"0",1,"9/08/2004",1,501,166315,"1",17714,17898,18049,0,315,0,0,15628,19,361,1,0,0,0,0,0,1,0,0,0,6,0,0,1,0,0,0,0,0,1,1,1,576
"679","4/26/2003",1981,"M","B","Plea","10/28/2003","11/21/2003",1,"dist",0,"cocaine","0",24,0,0,1,1,1,1,1,1,1,1,0,"0",0,"0",0,"0",0,"0",0,"0",0,"0",0,"0",0,"0",0,"0",0,1255,67197,"2",17714,17898,18049,24,9999,0,0,15821,22,484,1,0,0,0,0,0,1,0,0,0,6,1,0,1,0,0,0,0,0,1,1,0,0
"680","11/25/2002",1980,"M","B","Plea","1/31/2003","4/1/2003",1,"pwid",0,"heroin","0",36,31,30,1,0,1,0,1,0,1,0,1,"6/4/2003",1,"6/04/2003",1,"6/04/2003",1,"6/04/2003",1,"6/08/2004",0,"0",0,"0",0,"0",1,"6/15/2004",0,656,187013,"1",17714,17898,18049,5,0,0,0,15669,22,484,1,0,0,0,0,0,1,0,0,0,6,1,0,0,0,1,0,0,1,0,1,1,930
"681","11/6/2002",1973,"M","B","DWP","12/10/2003","",1,"dist",0,"crack","0",0,0,0,1,1,0,0,0,0,0,0,0,"0",0,"0",0,"0",0,"0",0,"0",0,"0",0,"0",0,"0",0,"0",0,578,177517,"1",17714,17898,18049,0,9999,0,0,15650,29,841,1,0,0,0,0,0,1,0,0,0,6,0,0,0,1,0,0,0,0,1,0,0,0
"682","11/6/2002",1974,"M","B","Plea","12/8/2003","7/23/2004",2,"dist, pwid",0,"crack","marijuana",36,36,24,1,1,1,1,1,1,1,1,1,"12/22/2004",0,"0",1,"12/22/2004",0,"0",1,"2/15/2006",0,"0",0,"0",0,"0",1,"1/10/2005",0,577,177517,"1",17714,17898,18049,0,380,0,0,15650,28,784,1,0,0,0,0,0,1,0,0,0,6,0,1,0,1,0,0,0,1,1,1,1,864
"683","12/31/2002",1964,"M","B","Plea","1/31/2003","4/28/2003",1,"dist",0,"marijuana","0",24,19,24,1,1,1,1,1,1,1,1,1,"11/17/2005",1,"8/07/2006",1,"8/07/2006",1,"8/07/2006",1,"11/21/2006",1,"11/21/2006",1,"11/21/2006",1,"11/21/2006",0,"0",0,784,204585,"1",17714,17898,18049,5,871,0,0,15705,38,1444,1,0,0,0,0,0,1,0,0,0,6,1,1,0,0,0,0,0,0,1,1,1,456
"684","1/18/2003",1982,"M","B","Plea","4/10/2003","7/8/2003",1,"dist",0,"marijuana","0",14,14,24,1,1,1,1,1,1,1,1,1,"7/14/2005",1,"7/14/2005",1,"2/28/2007",1,"3/13/2009",1,"11/18/2005",1,"11/18/2005",1,"3/14/2008",1,"5/04/2009",0,"0",0,3294,175975,"2",17714,17898,18049,0,826,0,0,15723,21,441,1,0,0,0,0,0,1,0,0,0,6,0,1,0,0,0,0,0,0,1,1,1,336
"685","6/1/2002",1955,"M","B","Plea","10/31/2002","1/7/2003",2,"dist, pwid",0,"cocaine","0",36,32,24,1,1,1,1,1,1,1,1,1,"10/31/2006",1,"10/31/2006",1,"10/31/2006",1,"10/31/2006",1,"1/05/2007",1,"1/05/2007",1,"1/05/2007",1,"1/05/2007",0,"0",0,2004,35327,"1",17714,17898,18049,4,1341,0,0,15492,47,2209,1,0,0,0,0,0,1,0,0,0,6,1,0,1,0,0,0,0,1,1,1,1,768
"686","1/20/2003",1981,"M","B","Plea","3/26/2003","5/19/2003",1,"dist",0,"pcp","0",18,0,0,1,1,1,1,1,1,1,0,1,"9/21/2004",1,"9/21/2004",1,"9/21/2004",1,"9/21/2004",1,"2/03/2005",1,"2/03/2005",1,"2/03/2005",1,"2/03/2005",0,"0",0,869,20799,"2",17714,17898,18049,18,5,0,0,15725,22,484,1,0,0,0,0,0,0,1,0,0,7,1,0,0,0,0,1,0,0,1,1,0,0
"687","11/27/2002",1973,"M","B","Dismissed","11/3/2003","",1,"dist",0,"crack","0",0,0,0,0,0,0,0,0,0,0,0,0,"0",0,"0",0,"0",0,"0",0,"0",0,"0",0,"0",0,"0",0,"0",0,671,188440,"1",17714,17898,18049,0,9999,0,0,15671,29,841,1,0,0,0,0,0,0,1,0,0,7,0,0,0,1,0,0,0,0,1,0,0,0
"688","7/23/2002",1980,"M","B","Plea","2/25/2003","4/24/2003",1,"dist",1,"cocaine","0",18,0,0,1,1,1,1,1,1,1,1,1,"3/1/2006",1,"3/01/2006",0,"0",0,"0",0,"0",0,"0",0,"0",0,"0",0,"0",0,231,121406,"1",17714,17898,18049,18,560,0,0,15544,22,484,1,0,0,0,0,0,0,1,0,0,7,1,0,1,0,0,0,0,0,1,1,0,0
"689","11/7/2002",1978,"M","B","Dismissed","2/24/2003","",1,"pwid",0,"cocaine","0",0,0,0,0,0,0,0,0,0,0,0,1,"7/7/2003",0,"0",0,"0",0,"0",0,"0",0,"0",0,"0",0,"0",0,"0",1,585,178087,"1",17714,17898,18049,0,133,0,0,15651,24,576,1,0,0,0,0,0,0,1,0,0,7,0,0,1,0,0,0,0,1,0,0,0,0
"690","11/14/2002",1975,"F","B","Plea","4/18/2003","4/18/2003",1,"dist",0,"cocaine","0",18,18,36,1,0,1,0,1,0,1,0,0,"0",0,"0",0,"0",0,"0",0,"0",0,"0",0,"0",0,"0",0,"0",0,605,181546,"1",17714,17898,18049,0,9999,1,0,15658,27,729,1,0,0,0,0,0,0,1,0,0,7,0,0,1,0,0,0,0,0,1,1,1,648
"691","5/8/2003",1971,"M","B","Plea","12/15/2003","4/9/2004",1,"pwid",0,"crack","0",12,12,18,1,0,1,0,0,0,0,0,0,"0",0,"0",0,"0",0,"0",0,"0",0,"0",0,"0",0,"0",0,"0",0,1284,73409,"2",17714,17898,18049,0,9999,0,0,15833,32,1024,1,0,0,0,0,0,0,1,0,0,7,0,0,0,1,0,0,0,1,0,1,1,216
"692","2/27/2003",1976,"M","B","Plea","9/10/2003","11/21/2003",1,"dist",0,"other","0",12,0,0,1,1,1,0,1,1,0,0,0,"0",0,"0",0,"0",0,"0",0,"0",0,"0",0,"0",0,"0",0,"0",0,1074,38624,"3",17714,17898,18049,12,9999,0,0,15763,27,729,1,0,0,0,0,0,0,1,0,0,7,1,0,0,0,0,0,1,0,1,1,0,0
"693","5/7/2003",1952,"M","B","Plea","4/9/2004","6/15/2004",2,"dist, pwid",0,"cocaine","0",18,0,0,1,1,1,1,1,1,1,1,0,"9/17/2008",0,"0",1,"9/17/2008",0,"0",0,"0",0,"0",0,"0",0,"0",0,"0",0,1289,79972,"2",17714,17898,18049,18,1082,0,0,15832,51,2601,1,0,0,0,0,0,0,1,0,0,7,1,0,1,0,0,0,0,1,1,1,0,0
"694","9/6/2002",1978,"M","B","Jury trial not guilty","2/11/2003","",2,"dist, pwid",0,"marijuana","cocaine",0,0,0,1,1,1,0,0,0,0,0,1,"8/19/2003",0,"0",0,"0",0,"0",0,"0",0,"0",0,"0",0,"0",0,"0",0,388,145923,"1",17714,17898,18049,0,189,0,0,15589,24,576,1,0,0,0,0,0,0,1,0,0,7,0,1,1,0,0,0,0,1,1,0,0,0
"695","2/12/2003",1984,"M","B","Plea","6/24/2003","10/9/2003",2,"dist, pwid",0,"crack","marijuana",16,16,24,0,0,0,0,0,0,0,0,1,"11/26/2004",1,"8/25/2006",0,"0",0,"0",1,"11/07/2007",1,"11/07/2007",0,"0",0,"0",1,"2/04/2005",0,1007,32521,"2",17714,17898,18049,0,521,0,0,15748,19,361,1,0,0,0,0,0,0,1,0,0,7,0,1,0,1,0,0,0,1,1,1,1,384
"696","9/19/2002",1967,"M","B","Plea","11/19/2003","11/19/2004",1,"pwid",1,"heroin","0",30,0,0,1,1,1,0,1,1,0,0,0,"0",0,"0",0,"0",0,"0",0,"0",0,"0",0,"0",0,"0",0,"0",0,439,152645,"1",17714,17898,18049,30,9999,0,0,15602,35,1225,1,0,0,0,0,0,0,1,0,0,7,1,0,0,0,1,0,0,1,0,1,0,0
"697","1/30/2003",1981,"M","B","Dismissed","10/9/2003","0",2,"dist",0,"cocaine","marijuana",0,0,0,1,1,0,0,0,0,0,0,0,"0",0,"0",0,"0",0,"0",0,"0",0,"0",0,"0",0,"0",0,"0",1,2936,26110,"2",17714,17898,18049,0,9999,0,0,15735,22,484,1,0,0,0,0,0,0,1,0,0,7,0,1,1,0,0,0,0,0,1,0,0,0
"698","2/15/2003",1968,"M","B","Plea","9/4/2003","11/17/2003",2,"dist, pwid",0,"heroin","0",9,0,0,1,1,1,1,1,1,1,1,0,"0",0,"0",0,"0",0,"0",0,"0",0,"0",0,"0",0,"0",0,"0",0,1019,33878,"3",17714,17898,18049,9,9999,0,0,15751,35,1225,1,0,0,0,0,0,0,1,0,0,7,1,0,0,0,1,0,0,1,1,1,0,0
"699","1/24/2003",1978,"M","B","Plea","1/15/2004","1/15/2004",1,"dist",0,"cocaine","0",6,6,18,1,0,1,0,0,0,0,0,0,"0",0,"0",0,"0",0,"0",0,"0",0,"0",0,"0",0,"0",1,"9/07/2005",0,886,23205,"2",17714,17898,18049,0,9999,0,0,15729,25,625,1,0,0,0,0,0,0,1,0,0,7,0,0,1,0,0,0,0,0,1,1,1,108
"700","11/9/2002",1963,"M","B","Dismissed","5/21/2003","",1,"dist",0,"cocaine","0",0,0,0,1,1,1,1,1,1,0,0,1,"9/21/2004",0,"0",1,"9/21/2004",0,"0",1,"12/15/2004",0,"0",1,"12/15/2004",0,"0",0,"0",1,599,179388,"1",17714,17898,18049,0,489,0,0,15653,39,1521,1,0,0,0,0,0,0,1,0,0,7,0,0,1,0,0,0,0,0,1,0,0,0
"701","7/18/2002",1981,"M","B","Jury trial guilty","5/14/2003","9/9/2003",1,"dist",0,"pcp","0",0,0,36,0,0,0,0,0,0,0,0,1,"3/19/2005",1,"3/19/2005",1,"3/19/2005",1,"3/19/2005",0,"0",0,"0",0,"0",0,"0",1,"4/22/2005",0,210,118726,"1",17714,17898,18049,0,675,0,0,15539,21,441,1,0,0,0,0,0,0,1,0,0,7,0,0,0,0,0,1,0,0,1,1,1,0
"702","7/18/2002",1976,"M","B","Plea","1/30/2003","3/31/2003",1,"dist",1,"marijuana","0",18,0,0,1,1,1,1,1,1,1,1,1,"5/6/2004",0,"0",0,"0",0,"0",0,"0",0,"0",0,"0",0,"0",0,"0",0,208,35148,"1",17714,17898,18049,18,0,0,0,15539,26,676,1,0,0,0,0,0,0,1,0,0,7,1,1,0,0,0,0,0,0,1,1,0,0
"703","5/9/2003",1983,"M","B","Dismissed","6/6/2003","0",1,"dist",0,"crack","0",0,0,0,1,0,1,0,0,0,0,0,0,"0",0,"0",0,"0",0,"0",0,"0",0,"0",0,"0",0,"0",0,"0",0,1287,73879,"2",17714,17898,18049,0,9999,0,0,15834,20,400,1,0,0,0,0,0,0,1,0,0,7,0,0,0,1,0,0,0,0,1,0,0,0
"704","2/24/2003",1982,"M","B","Plea","6/12/2003","6/16/2003",2,"pwid",0,"crack","heroin",0,0,36,0,0,0,0,0,0,0,0,1,"2/11/2004",0,"0",0,"0",0,"0",0,"0",0,"0",0,"0",0,"0",0,"0",0,1054,37110,"2",17714,17898,18049,0,244,0,0,15760,21,441,1,0,0,0,0,0,0,1,0,0,7,0,0,0,1,1,0,0,1,0,1,1,0
"705","8/19/2002",1978,"M","B","Dismissed","9/6/2002","",1,"pwid",0,"crack","0",0,0,0,0,0,0,0,0,0,0,0,0,"0",0,"0",0,"0",0,"0",0,"0",0,"0",0,"0",0,"0",0,"0",0,337,NA,"1",17714,17898,18049,0,9999,0,0,15571,24,576,1,0,0,0,0,0,0,1,0,0,7,0,0,0,1,0,0,0,1,0,0,0,0
"706","8/13/2002",1978,"M","B","Dismissed","5/6/2003","9/16/2003",1,"pwid",1,"crack","0",0,0,0,1,1,1,0,1,1,0,0,1,"7/11/2003",0,"0",0,"0",0,"0",0,"0",0,"0",0,"0",0,"0",0,"0",0,319,133020,"1",17714,17898,18049,0,66,0,0,15565,24,576,1,0,0,0,0,0,0,1,0,0,7,0,0,0,1,0,0,0,1,0,0,0,0
"707","11/22/2002",1982,"M","B","Plea","2/27/2003","7/11/2003",1,"pwid",0,"crack","0",6,0,0,0,0,0,0,0,0,0,0,1,"2/16/2005",0,"0",1,"2/16/2005",0,"0",1,"7/20/2005",0,"0",1,"7/20/2005",0,"0",0,"0",0,645,48926,"1",17714,17898,18049,6,540,0,0,15666,20,400,1,0,0,0,0,0,0,1,0,0,7,1,0,0,1,0,0,0,1,0,1,0,0
"708","12/20/2002",1971,"M","B","Plea","7/9/2003","9/16/2003",1,"pwid",0,"marijuana","0",18,0,0,1,1,1,1,1,1,1,1,1,"5/30/2005",1,"3/08/2007",1,"3/08/2007",1,"3/08/2007",0,"0",0,"0",0,"0",0,"0",0,"0",0,758,199640,"1",17714,17898,18049,18,151,0,0,15694,31,961,1,0,0,0,0,0,0,1,0,0,7,1,1,0,0,0,0,0,1,0,1,0,0
"709","12/19/2002",1984,"M","B","Plea","3/14/2003","5/28/2003",1,"pwid",1,"crack","0",12,0,0,1,1,1,0,1,0,1,0,1,"7/9/2004",1,"7/08/2005",1,"7/09/2004",0,"0",1,"9/10/2004",1,"8/19/2005",1,"9/10/2004",0,"0",0,"0",0,755,51438,"1",17714,17898,18049,12,123,0,0,15693,18,324,1,0,0,0,0,0,0,1,0,0,7,1,0,0,1,0,0,0,1,0,1,0,0
"710","5/2/2003",1963,"M","B","Dismissed","12/12/2003","0",2,"pwid",0,"marijuana","cocaine",0,0,0,1,1,1,1,1,1,1,1,0,"0",0,"0",0,"0",0,"0",0,"0",0,"0",0,"0",0,"0",0,"0",0,3266,70178,"2",17714,17898,18049,0,9999,0,0,15827,40,1600,1,0,0,0,0,0,0,1,0,0,7,0,1,1,0,0,0,0,1,0,0,0,0
"711","1/24/2003",1949,"M","B","Plea","4/18/2003","6/16/2003",1,"dist",0,"heroin","0",24,0,0,1,1,1,1,1,1,1,1,0,"0",0,"0",0,"0",0,"0",0,"0",0,"0",0,"0",0,"0",0,"0",0,883,23156,"2",17714,17898,18049,24,9999,0,0,15729,54,2916,1,0,0,0,0,0,0,1,0,0,7,1,0,0,0,1,0,0,0,1,1,0,0
"712","4/30/2003",1984,"M","B","Dismissed","5/21/2003","0",1,"pwid",0,"cocaine","0",0,0,0,0,0,0,0,0,0,0,0,1,"9/25/2004",1,"10/12/2007",1,"9/25/2004",1,"10/12/2007",1,"6/23/2008",1,"6/23/2008",1,"6/23/2008",1,"6/23/2008",0,"0",0,1261,69058,"2",17714,17898,18049,0,493,0,0,15825,19,361,1,0,0,0,0,0,0,1,0,0,7,0,0,1,0,0,0,0,1,0,0,0,0
"713","1/6/2003",1959,"M","B","Jury trial not guilty","4/17/2003","",1,"pwid",0,"cocaine","0",0,0,0,1,1,1,1,1,1,1,1,0,"0",0,"0",0,"0",0,"0",0,"0",0,"0",0,"0",0,"0",0,"0",1,799,14329,"1",17714,17898,18049,0,9999,0,0,15711,44,1936,1,0,0,0,0,0,0,1,0,0,7,0,0,1,0,0,0,0,1,0,0,0,0
"714","6/6/2002",1981,"M","B","Jury trial guilty","4/18/2003","6/19/2003",1,"pwid",1,"crack","0",3,0,0,0,0,0,0,0,0,0,0,1,"11/8/2003",0,"0",1,"11/08/2003",0,"0",1,"1/20/2004",0,"0",1,"1/20/2004",0,"0",0,"0",0,20,95732,"1",17714,17898,18049,3,114,0,0,15497,21,441,1,0,0,0,0,0,0,1,0,0,7,1,0,0,1,0,0,0,1,0,1,0,0
"715","2/24/2003",1978,"M","B","Plea","7/11/2003","12/8/2003",1,"pwid",0,"cocaine","0",12,0,0,0,0,0,0,0,0,0,0,1,"6/9/2007",0,"0",1,"6/09/2007",0,"0",1,"9/05/2007",0,"0",1,"9/05/2007",0,"0",0,"0",0,1053,36745,"2",17714,17898,18049,12,1069,0,0,15760,25,625,1,0,0,0,0,0,0,1,0,0,7,1,0,1,0,0,0,0,1,0,1,0,0
"716","10/17/2002",1965,"M","B","Dismissed","11/20/2002","",1,"pwid",0,"cocaine","0",0,0,0,1,1,1,1,1,1,1,1,0,"0",0,"0",0,"0",0,"0",0,"0",0,"0",0,"0",0,"0",0,"0",0,505,167329,"1",17714,17898,18049,0,9999,0,0,15630,37,1369,1,0,0,0,0,0,0,1,0,0,7,0,0,1,0,0,0,0,1,0,0,0,0
"717","7/31/2002",1976,"M","B","Plea","5/15/2003","12/2/2003",1,"dist",0,"cocaine","0",18,18,24,1,1,1,1,1,0,1,0,1,"2/15/2006",1,"2/15/2006",1,"2/15/2006",1,"2/15/2006",1,"4/05/2006",1,"4/05/2006",1,"4/05/2006",1,"4/05/2006",0,"0",0,270,126044,"1",17714,17898,18049,0,1007,0,0,15552,26,676,1,0,0,0,0,0,0,1,0,0,7,0,0,1,0,0,0,0,0,1,1,1,432
"718","6/27/2002",1968,"M","B","Plea","9/2/2002","10/30/2002",1,"pwid",1,"crack","0",12,0,0,1,1,1,1,1,1,1,1,1,"12/7/2004",1,"12/07/2004",1,"12/07/2004",1,"12/07/2004",1,"5/13/2005",1,"5/13/2005",1,"5/13/2005",1,"5/13/2005",0,"0",0,106,107143,"1",17714,17898,18049,12,467,0,0,15518,34,1156,1,0,0,0,0,0,0,1,0,0,7,1,0,0,1,0,0,0,1,0,1,0,0
"719","4/4/2003",1968,"M","B","Dismissed","5/23/2003","0",3,"dist, pwid",0,"heroin","crack",0,0,0,1,1,1,1,1,1,1,1,1,"2/22/2005",1,"6/15/2007",1,"6/15/2007",1,"6/15/2007",1,"2/22/2005",1,"9/07/2007",1,"9/07/2007",1,"9/07/2007",0,"0",0,1188,56030,"2",17714,17898,18049,0,641,0,0,15799,35,1225,1,0,0,0,0,0,0,1,0,0,7,0,0,0,1,1,0,0,1,1,0,0,0
"720","11/6/2002",1979,"M","B","Plea","3/14/2003","7/28/2003",1,"dist",0,"marijuana","0",6,0,0,1,1,1,0,1,0,1,0,1,"4/3/2006",0,"0",0,"0",0,"0",1,"11/02/2006",0,"0",0,"0",0,"0",0,"0",0,575,177490,"1",17714,17898,18049,6,936,0,0,15650,23,529,1,0,0,0,0,0,0,1,0,0,7,1,1,0,0,0,0,0,0,1,1,0,0
"721","4/1/2003",1982,"M","B","Plea","3/12/2004","5/7/2004",2,"pwid",0,"cocaine","0",18,0,0,1,1,1,1,1,1,0,0,1,"8/19/2005",1,"8/19/2005",1,"8/19/2005",1,"8/19/2005",0,"0",0,"0",0,"0",0,"0",0,"0",0,3179,54848,"3",17714,17898,18049,18,0,0,0,15796,21,441,1,0,0,0,0,0,0,1,0,0,7,1,0,1,0,0,0,0,1,0,1,0,0
"722","9/18/2002",1974,"M","B","Plea","1/27/2003","4/18/2003",1,"dist",0,"heroin","0",18,18,36,1,1,1,1,1,1,1,1,0,"0",0,"0",0,"0",0,"0",0,"0",0,"0",0,"0",0,"0",1,"12/18/2003",0,431,152277,"1",17714,17898,18049,0,9999,0,0,15601,28,784,1,0,0,0,0,0,0,1,0,0,7,0,0,0,0,1,0,0,0,1,1,1,648
"723","6/26/2002",1957,"M","B","Plea","10/30/2002","12/19/2002",1,"dist",0,"cocaine","0",10,0,0,1,1,1,1,1,1,1,1,1,"12/24/2005",1,"12/24/2005",1,"12/24/2005",1,"12/24/2005",1,"2/20/2006",1,"2/20/2006",1,"2/20/2006",1,"2/20/2006",0,"0",0,102,106608,"1",17714,17898,18049,10,851,0,0,15517,45,2025,1,0,0,0,0,0,0,1,0,0,7,1,0,1,0,0,0,0,0,1,1,0,0
"724","3/19/2003",1977,"F","B","Plea","5/27/2003","9/9/2003",4,"pwid",1,"crack","0",12,12,24,1,1,1,0,1,0,0,0,0,"10/18/2007",1,"10/18/2007",0,"0",0,"0",1,"12/18/2007",1,"12/18/2007",0,"0",0,"0",0,"0",0,1152,48417,"3",17714,17898,18049,0,1605,1,0,15783,26,676,1,0,0,0,0,0,0,1,0,0,7,0,0,0,1,0,0,0,1,0,1,1,288
"725","4/2/2003",1982,"M","B","Plea","2/6/2004","3/30/2004",1,"pwid",1,"cocaine","0",36,36,24,1,1,1,1,1,1,1,1,1,"8/17/2004",0,"0",0,"0",0,"0",0,"0",0,"0",0,"0",0,"0",1,"6/01/2005",0,1184,55238,"2",17714,17898,18049,0,193,0,0,15797,21,441,1,0,0,0,0,0,0,1,0,0,7,0,0,1,0,0,0,0,1,0,1,1,864
"726","6/6/2002",1952,"M","B","Dismissed","12/16/2002","",1,"dist",0,"heroin","0",0,0,0,1,1,1,1,1,1,1,1,1,"12/28/2004",0,"0",0,"0",0,"0",0,"0",0,"0",0,"0",0,"0",0,"0",0,17,95720,"1",17714,17898,18049,0,743,0,0,15497,50,2500,1,0,0,0,0,0,0,1,0,0,7,0,0,0,0,1,0,0,0,1,0,0,0
"727","10/11/2002",1969,"F","B","Dismissed","12/17/2003","",1,"pwid",0,"cocaine","0",0,0,0,1,1,0,0,0,0,0,0,0,"0",0,"0",0,"0",0,"0",0,"0",0,"0",0,"0",0,"0",0,"0",1,486,164479,"1",17714,17898,18049,0,9999,1,0,15624,33,1089,1,0,0,0,0,0,0,1,0,0,7,0,0,1,0,0,0,0,1,0,0,0,0
"728","7/6/2002",1965,"M","B","Plea","9/9/2002","11/6/2002",1,"dist",0,"marijuana","0",15,0,0,1,1,1,1,1,1,1,1,0,"0",0,"0",0,"0",0,"0",0,"0",0,"0",0,"0",0,"0",0,"0",0,130,112084,"1",17714,17898,18049,15,9999,0,0,15527,37,1369,1,0,0,0,0,0,0,1,0,0,7,1,1,0,0,0,0,0,0,1,1,0,0
"729","3/24/2003",1954,"W","B","Dismissed","9/3/2003","0",1,"dist",0,"heroin","0",0,0,0,1,0,1,0,1,0,1,0,0,"0",0,"0",0,"0",0,"0",0,"0",0,"0",0,"0",0,"0",0,"0",0,1165,50169,"2",17714,17898,18049,0,9999,0,0,15788,49,2401,1,0,0,0,0,0,0,1,0,0,7,0,0,0,0,1,0,0,0,1,0,0,0
"730","11/7/2002",1981,"M","B","Dismissed","5/16/2003","",1,"pwid",1,"cocaine","0",0,0,0,0,0,0,0,0,0,0,0,1,"9/13/2003",0,"0",0,"0",0,"0",0,"0",0,"0",0,"0",0,"0",0,"0",1,585,178087,"1",17714,17898,18049,0,120,0,0,15651,21,441,1,0,0,0,0,0,0,1,0,0,7,0,0,1,0,0,0,0,1,0,0,0,0
"731","8/26/2002",1950,"M","B","Plea","5/13/2003","7/23/2003",1,"dist",0,"cocaine","0",14,0,0,1,1,1,1,1,1,1,1,0,"0",0,"0",0,"0",0,"0",0,"0",0,"0",0,"0",0,"0",0,"0",0,358,139640,"1",17714,17898,18049,14,9999,0,0,15578,52,2704,1,0,0,0,0,0,0,1,0,0,7,1,0,1,0,0,0,0,0,1,1,0,0
"732","11/26/2002",1969,"M","B","Plea","2/20/2003","6/11/2003",1,"dist",0,"heroin","0",30,30,24,1,1,1,1,1,1,1,1,1,"4/1/2004",1,"4/01/2004",1,"4/01/2004",1,"4/01/2004",1,"11/16/2004",1,"11/16/2004",1,"11/16/2004",1,"11/16/2004",1,"11/19/2004",1,663,187876,"1",17714,17898,18049,0,406,0,0,15670,33,1089,1,0,0,0,0,0,0,1,0,0,7,0,0,0,0,1,0,0,0,1,1,1,720
"733","10/11/2002",1937,"M","B","Dismissed","11/21/2003","",1,"pwid",0,"cocaine","0",0,0,0,1,1,0,0,1,1,0,0,0,"0",0,"0",0,"0",0,"0",0,"0",0,"0",0,"0",0,"0",0,"0",1,486,164479,"1",17714,17898,18049,0,9999,0,0,15624,65,4225,1,0,0,0,0,0,0,1,0,0,7,0,0,1,0,0,0,0,1,0,0,0,0
"734","9/20/2002",1974,"M","B","Jury trial guilty","5/21/2003","7/10/2003",1,"dist",0,"marijuana","0",12,0,0,1,1,1,1,1,1,1,1,0,"0",0,"0",0,"0",0,"0",0,"0",0,"0",0,"0",0,"0",0,"0",0,444,153551,"1",17714,17898,18049,12,9999,0,0,15603,28,784,1,0,0,0,0,0,0,1,0,0,7,1,1,0,0,0,0,0,0,1,1,0,0
"735","3/6/2003",1979,"W","B","Plea","5/1/2003","9/9/2003",1,"dist",0,"marijuana","0",10,0,0,1,1,1,0,1,1,1,0,0,"11/28/2007",1,"11/28/2007",0,"0",0,"0",0,"0",0,"0",0,"0",0,"0",0,"0",0,846,18223,"2",17714,17898,18049,10,1372,0,0,15770,24,576,1,0,0,0,0,0,0,1,0,0,7,1,1,0,0,0,0,0,0,1,1,0,0
"736","1/30/2003",1975,"M","B","Plea","7/14/2003","10/3/2003",2,"dist",0,"cocaine","marijuana",21,15,48,1,1,1,1,1,0,1,0,0,"0",0,"0",0,"0",0,"0",0,"0",0,"0",0,"0",0,"0",0,"0",1,936,26110,"2",17714,17898,18049,6,9999,0,0,15735,28,784,1,0,0,0,0,0,0,1,0,0,7,1,1,1,0,0,0,0,0,1,1,1,720
"737","11/30/2002",1959,"M","B","Plea","1/31/2003","9/29/2003",1,"pwid",0,"cocaine","marijuana",12,12,12,0,0,0,0,0,0,0,0,0,"0",0,"0",0,"0",0,"0",0,"0",0,"0",0,"0",0,"0",0,"0",0,681,184739,"1",17714,17898,18049,0,9999,0,0,15674,43,1849,1,0,0,0,0,0,0,1,0,0,7,0,1,1,0,0,0,0,1,0,1,1,144
"738","2/26/2003",1962,"M","B","Dismissed","4/24/2003","0",1,"dist",0,"cocaine","0",0,0,0,1,0,0,0,1,0,0,0,1,"11/27/2003",0,"0",1,"11/10/2004",0,"0",1,"11/27/2003",0,"0",1,"11/10/2004",0,"0",0,"0",1,1062,38118,"2",17714,17898,18049,0,217,0,0,15762,41,1681,1,0,0,0,0,0,0,1,0,0,7,0,0,1,0,0,0,0,0,1,0,0,0
"739","7/12/2002",1964,"M","B","Plea","9/17/2003","11/20/2003",1,"dist",0,"cocaine","0",12,12,12,1,1,0,0,0,0,0,0,0,"0",0,"0",0,"0",0,"0",0,"0",0,"0",0,"0",0,"0",0,"0",0,172,115423,"1",17714,17898,18049,0,9999,0,0,15533,38,1444,1,0,0,0,0,0,0,1,0,0,7,0,0,1,0,0,0,0,0,1,1,1,144
"740","7/18/2002",1981,"M","B","Plea","12/4/2002","2/10/2003",1,"pwid",0,"crack","0",24,24,15,1,0,1,0,0,0,0,0,1,"2/10/2005",1,"2/10/2005",1,"2/10/2005",1,"2/10/2005",1,"5/23/2005",1,"5/23/2005",1,"5/23/2005",1,"5/23/2005",0,"0",0,211,118894,"1",17714,17898,18049,0,799,0,0,15539,21,441,1,0,0,0,0,0,0,1,0,0,7,0,0,0,1,0,0,0,1,0,1,1,360
"741","8/21/2002",1983,"M","B","Plea","10/2/2002","12/4/2002",1,"pwid",1,"crack","0",24,24,12,0,0,0,0,0,0,0,0,0,"0",0,"0",0,"0",0,"0",0,"0",0,"0",0,"0",0,"0",1,"2/13/2004",0,342,137497,"1",17714,17898,18049,0,9999,0,0,15573,19,361,1,0,0,0,0,0,0,1,0,0,7,0,0,0,1,0,0,0,1,0,1,1,288
"742","6/22/2002",1973,"M","B","DWP","10/24/2002","",1,"dist",0,"crack","0",0,0,0,1,1,0,0,1,1,0,0,0,"0",0,"0",0,"0",0,"0",0,"0",0,"0",0,"0",0,"0",0,"0",0,81,104440,"1",17714,17898,18049,0,9999,0,0,15513,29,841,1,0,0,0,0,0,0,1,0,0,7,0,0,0,1,0,0,0,0,1,0,0,0
"743","11/26/2002",1951,"M","B","Plea","2/20/2003","4/23/2003",1,"dist",0,"heroin","0",24,0,0,1,1,1,1,1,1,1,1,0,"0",0,"0",0,"0",0,"0",0,"0",0,"0",0,"0",0,"0",0,"0",1,663,187876,"1",17714,17898,18049,24,9999,0,0,15670,51,2601,1,0,0,0,0,0,0,1,0,0,7,1,0,0,0,1,0,0,0,1,1,0,0
"744","11/23/2002",1956,"M","B","Jury trial guilty","4/7/2004","4/23/2004",1,"dist",0,"cocaine","0",24,0,0,1,1,1,1,1,1,1,0,0,"0",0,"0",0,"0",0,"0",0,"0",0,"0",0,"0",0,"0",0,"0",1,653,186449,"1",17714,17898,18049,24,9999,0,0,15667,46,2116,1,0,0,0,0,0,0,1,0,0,7,1,0,1,0,0,0,0,0,1,1,0,0
"745","7/12/2002",1978,"M","B","Dismissed","5/21/2003","",1,"pwid",0,"cocaine","0",0,0,0,1,1,1,1,0,0,0,0,1,"3/17/2005",0,"0",1,"3/17/2005",0,"0",0,"0",0,"0",0,"0",0,"0",0,"0",0,171,115382,"1",17714,17898,18049,0,666,0,0,15533,24,576,1,0,0,0,0,0,0,1,0,0,7,0,0,1,0,0,0,0,1,0,0,0,0
"746","6/6/2002",1952,"M","B","Dismissed","12/16/2002","",1,"dist",0,"heroin","0",0,0,0,1,1,1,1,1,1,1,1,0,"0",0,"0",0,"0",0,"0",0,"0",0,"0",0,"0",0,"0",0,"0",0,25,95430,"1",17714,17898,18049,0,9999,0,0,15497,50,2500,1,0,0,0,0,0,0,1,0,0,7,0,0,0,0,1,0,0,0,1,0,0,0
"747","8/19/2002",1945,"M","B","Guilty","4/8/2003","11/2/2007",1,"pwid",0,"other","0",6,6,6,1,1,1,1,1,1,1,1,0,"0",0,"0",0,"0",0,"0",0,"0",0,"0",0,"0",0,"0",0,"0",0,335,136199,"1",17714,17898,18049,0,9999,0,0,15571,57,3249,1,0,0,0,0,0,0,1,0,0,7,0,0,0,0,0,0,1,1,0,1,1,36
"748","12/4/2002",1974,"M","B","Dismissed","4/14/2003","",1,"pwid",0,"crack","0",0,0,0,1,1,1,1,1,1,1,1,0,"0",0,"0",0,"0",0,"0",0,"0",0,"0",0,"0",0,"0",0,"0",0,698,191521,"1",17714,17898,18049,0,9999,0,0,15678,28,784,1,0,0,0,0,0,0,1,0,0,7,0,0,0,1,0,0,0,1,0,0,0,0
"749","11/23/2002",1979,"M","B","Plea","1/31/2003","6/17/2003",1,"pwid",1,"cocaine","0",0,0,12,1,1,0,0,1,1,0,0,1,"2/9/2004",1,"5/30/2006",1,"2/09/2004",1,"5/30/2006",1,"4/14/2004",1,"1/25/2007",1,"4/14/2004",1,"1/25/2007",1,"9/09/2004",0,650,186394,"1",17714,17898,18049,0,374,0,0,15667,23,529,1,0,0,0,0,0,0,1,0,0,7,0,0,1,0,0,0,0,1,0,1,1,0
"750","6/29/2002",1970,"F","B","Plea","8/8/2002","10/11/2002",1,"pwid",1,"crack","0",6,0,0,0,0,0,0,0,0,0,0,1,"11/10/2003",1,"11/10/2003",1,"11/10/2003",1,"11/10/2003",1,"6/08/2004",1,"6/08/2004",1,"6/08/2004",1,"6/08/2004",0,"0",0,110,108291,"1",17714,17898,18049,6,279,1,0,15520,32,1024,1,0,0,0,0,0,0,1,0,0,7,1,0,0,1,0,0,0,1,0,1,0,0
"751","10/19/2002",1976,"M","B","Plea","12/11/2002","2/12/2003",1,"dist",0,"cocaine","0",12,12,12,1,0,1,0,0,0,0,0,1,"6/13/2005",0,"0",0,"0",0,"0",0,"0",0,"0",0,"0",0,"0",0,"0",0,513,168383,"1",17714,17898,18049,0,915,0,0,15632,26,676,1,0,0,0,0,0,0,1,0,0,7,0,0,1,0,0,0,0,0,1,1,1,144
"752","7/18/2002",1965,"M","B","Plea","2/12/2003","4/16/2003",1,"dist",0,"pcp","0",15,0,0,1,1,0,0,1,0,0,0,0,"0",0,"0",0,"0",0,"0",0,"0",0,"0",0,"0",0,"0",0,"0",0,207,118726,"1",17714,17898,18049,15,9999,0,0,15539,37,1369,1,0,0,0,0,0,0,1,0,0,7,1,0,0,0,0,1,0,0,1,1,0,0
"753","1/24/2003",1963,"M","B","Plea","7/16/2003","10/1/2003",1,"dist",0,"cocaine","0",12,0,0,1,1,1,1,1,1,1,1,0,"0",0,"0",0,"0",0,"0",0,"0",0,"0",0,"0",0,"0",0,"0",0,887,23205,"2",17714,17898,18049,12,9999,0,0,15729,40,1600,1,0,0,0,0,0,0,1,0,0,7,1,0,1,0,0,0,0,0,1,1,0,0
"754","11/23/2002",1978,"M","B","Jury trial guilty","7/1/2004","8/27/2004",1,"dist",0,"cocaine","0",30,21,18,1,1,1,1,0,0,0,0,0,"0",0,"0",0,"0",0,"0",0,"0",0,"0",0,"0",0,"0",0,"0",1,653,186449,"1",17714,17898,18049,9,9999,0,0,15667,24,576,1,0,0,0,0,0,0,1,0,0,7,1,0,1,0,0,0,0,0,1,1,1,378
"755","8/2/2002",1981,"M","B","Plea","2/10/2004","4/8/2004",2,"dist, pwid",0,"cocaine","0",60,60,36,1,1,1,1,1,1,1,1,1,"8/25/2004",0,"0",1,"8/25/2004",0,"0",1,"2/17/2006",0,"0",1,"2/17/2006",0,"0",1,"3/11/2005",0,291,127253,"1",17714,17898,18049,0,197,0,0,15554,21,441,1,0,0,0,0,0,0,1,0,0,7,0,0,1,0,0,0,0,1,1,1,1,2160
"756","10/31/2002",1974,"M","B","Plea","1/21/2004","3/17/2004",1,"dist",0,"cocaine","0",18,18,12,1,1,1,0,0,0,0,0,0,"0",0,"0",0,"0",0,"0",0,"0",0,"0",0,"0",0,"0",1,"10/15/2004",0,557,174444,"1",17714,17898,18049,0,9999,0,0,15644,28,784,1,0,0,0,0,0,0,1,0,0,7,0,0,1,0,0,0,0,0,1,1,1,216
"757","7/2/2002",1981,"F","B","Plea","9/27/2002","12/2/2002",1,"pwid",0,"cocaine","0",60,60,24,0,0,0,0,0,0,0,0,0,"0",0,"0",0,"0",0,"0",0,"0",0,"0",0,"0",0,"0",0,"0",0,120,110010,"1",17714,17898,18049,0,9999,1,0,15523,21,441,1,0,0,0,0,0,0,1,0,0,7,0,0,1,0,0,0,0,1,0,1,1,1440
"758","7/20/2002",1975,"M","B","Plea","12/18/2002","12/18/2002",1,"dist",0,"cocaine","0",12,12,24,0,0,0,0,0,0,0,0,0,"0",0,"0",0,"0",0,"0",0,"0",0,"0",0,"0",0,"0",0,"0",0,222,119897,"1",17714,17898,18049,0,9999,0,0,15541,27,729,1,0,0,0,0,0,0,1,0,0,7,0,0,1,0,0,0,0,0,1,1,1,288
"759","2/28/2003",1950,"M","B","Plea","7/14/2003","7/14/2003",1,"dist",0,"heroin","0",12,0,0,1,1,1,1,1,1,1,1,0,"0",0,"0",0,"0",0,"0",0,"0",0,"0",0,"0",0,"0",0,"0",0,1079,39044,"2",17714,17898,18049,12,9999,0,0,15764,53,2809,1,0,0,0,0,0,0,1,0,0,7,1,0,0,0,1,0,0,0,1,1,0,0
"760","9/7/2002",1970,"M","B","Plea","3/17/2003","7/14/2003",1,"pwid",0,"marijuana","0",6,0,0,1,1,1,1,1,1,1,1,1,"10/25/2004",1,"9/17/2005",1,"10/25/2004",0,"0",1,"5/12/2005",0,"0",1,"5/12/2005",0,"0",0,"0",0,390,2146343,"1",17714,17898,18049,6,408,0,0,15590,32,1024,1,0,0,0,0,0,0,1,0,0,7,1,1,0,0,0,0,0,1,0,1,0,0
"761","3/5/2003",1971,"M","B","Plea","5/15/2003","10/6/2003",1,"pwid",0,"crack","0",18,18,18,1,1,0,0,1,1,0,0,1,"9/11/2003",0,"0",0,"0",0,"0",0,"0",0,"0",0,"0",0,"0",0,"0",0,1103,41416,"3",17714,17898,18049,0,119,0,0,15769,32,1024,1,0,0,0,0,0,0,1,0,0,7,0,0,0,1,0,0,0,1,0,1,1,324
"762","10/9/2002",1977,"F","B","Jury trial guilty","6/13/2003","6/24/2004",1,"dist",0,"heroin","0",15,15,24,0,0,0,0,0,0,0,0,0,"0",0,"0",0,"0",0,"0",0,"0",0,"0",0,"0",0,"0",0,"0",0,475,163340,"1",17714,17898,18049,0,9999,1,0,15622,25,625,1,0,0,0,0,0,0,1,0,0,7,0,0,0,0,1,0,0,0,1,1,1,360
"763","3/5/2003",1981,"M","B","Jury trial not guilty","6/3/2004","",1,"dist",0,"cocaine","0",0,0,0,1,1,0,0,0,0,0,0,0,"0",0,"0",0,"0",0,"0",0,"0",0,"0",0,"0",0,"0",0,"0",0,1099,41375,"3",17714,17898,18049,0,9999,0,0,15769,22,484,1,0,0,0,0,0,0,1,0,0,7,0,0,1,0,0,0,0,0,1,0,0,0
"764","3/20/2003",1972,"M","B","Plea","11/19/2003","2/13/2004",2,"pwid",0,"crack","0",16,16,24,1,1,1,0,1,1,1,0,0,"0",0,"0",0,"0",0,"0",0,"0",0,"0",0,"0",0,"0",1,"4/22/2005",0,1159,48900,"2",17714,17898,18049,0,9999,0,0,15784,31,961,1,0,0,0,0,0,0,1,0,0,7,0,0,0,1,0,0,0,1,0,1,1,384
"765","2/3/2003",1977,"M","B","Jury trial guilty","1/15/2004","3/16/2004",2,"pwid",0,"cocaine","marijuana",18,0,0,1,1,1,1,0,0,0,0,0,"0",0,"0",0,"0",0,"0",0,"0",0,"0",0,"0",0,"0",0,"0",0,2965,28162,"3",17714,17898,18049,18,9999,0,0,15739,26,676,1,0,0,0,0,0,0,1,0,0,7,1,1,1,0,0,0,0,1,0,1,0,0
"766","8/10/2002",1983,"M","B","Plea","10/4/2002","12/4/2002",1,"dist",0,"cocaine","0",36,32,12,0,0,0,0,0,0,0,0,1,"8/4/2006",1,"8/04/2006",1,"8/04/2006",1,"8/04/2006",1,"11/28/2006",1,"11/28/2006",1,"11/28/2006",1,"11/28/2006",1,"4/22/2004",0,314,131458,"1",17714,17898,18049,4,1280,0,0,15562,19,361,1,0,0,0,0,0,0,1,0,0,7,1,0,1,0,0,0,0,0,1,1,1,384
"767","12/2/2002",1950,"F","W","Plea","4/23/2003","9/1/2005",1,"dist",0,"cocaine","0",6,0,0,1,1,1,1,1,0,0,0,0,"0",0,"0",0,"0",0,"0",0,"0",0,"0",0,"0",0,"0",0,"0",1,684,190127,"1",17714,17898,18049,6,9999,1,1,15676,52,2704,1,0,0,0,0,0,0,1,0,0,7,1,0,1,0,0,0,0,0,1,1,0,0
"768","2/1/2003",1980,"M","B","Dismissed","2/27/2003","",1,"pwid",0,"crack","0",0,0,0,0,0,0,0,0,0,0,0,1,"9/15/2003",0,"0",0,"0",0,"0",0,"0",0,"0",0,"0",0,"0",0,"0",0,823,15103,"3",17714,17898,18049,0,200,0,0,15737,23,529,1,0,0,0,0,0,0,1,0,0,7,0,0,0,1,0,0,0,1,0,0,0,0
"769","7/17/2002",1953,"M","B","Plea","8/19/2002","1/31/2003",1,"pwid",0,"heroin","0",10,0,0,1,1,1,1,1,1,1,1,0,"0",0,"0",0,"0",0,"0",0,"0",0,"0",0,"0",0,"0",0,"0",0,199,117972,"1",17714,17898,18049,10,9999,0,0,15538,49,2401,1,0,0,0,0,0,0,1,0,0,7,1,0,0,0,1,0,0,1,0,1,0,0
"770","11/7/2002",1976,"M","B","Plea","3/18/2003","5/14/2003",1,"dist",0,"cocaine","0",12,0,0,1,1,1,1,1,1,1,1,1,"7/25/2003",0,"0",0,"0",0,"0",0,"0",0,"0",0,"0",0,"0",0,"0",0,581,178073,"1",17714,17898,18049,12,0,0,0,15651,26,676,1,0,0,0,0,0,0,1,0,0,7,1,0,1,0,0,0,0,0,1,1,0,0
"771","12/21/2002",1955,"M","B","Dismissed","4/16/2003","",1,"dist",0,"heroin","0",0,0,0,1,1,1,1,1,1,1,1,0,"0",0,"0",0,"0",0,"0",0,"0",0,"0",0,"0",0,"0",0,"0",0,771,199981,"1",17714,17898,18049,0,9999,0,0,15695,47,2209,1,0,0,0,0,0,0,1,0,0,7,0,0,0,0,1,0,0,0,1,0,0,0
"772","11/9/2002",1956,"F","B","Dismissed","6/25/2003","",1,"dist",0,"cocaine","0",0,0,0,0,0,0,0,0,0,0,0,0,"0",0,"0",0,"0",0,"0",0,"0",0,"0",0,"0",0,"0",0,"0",1,599,179388,"1",17714,17898,18049,0,9999,1,0,15653,46,2116,1,0,0,0,0,0,0,1,0,0,7,0,0,1,0,0,0,0,0,1,0,0,0
"773","12/18/2002",1957,"F","B","Plea","1/30/2004","4/26/2004",1,"pwid",0,"other","0",12,12,24,1,1,1,1,1,1,1,1,1,"7/28/2004",1,"11/08/2004",1,"11/08/2004",1,"11/08/2004",0,"0",0,"0",0,"0",0,"0",1,"11/15/2004",0,738,198154,"1",17714,17898,18049,0,180,1,0,15692,45,2025,1,0,0,0,0,0,0,1,0,0,7,0,0,0,0,0,0,1,1,0,1,1,288
"774","2/1/2003",1977,"M","B","Plea","4/9/2003","11/7/2003",1,"dist",0,"cocaine","0",12,0,0,1,1,1,1,1,1,1,1,0,"0",0,"0",0,"0",0,"0",0,"0",0,"0",0,"0",0,"0",0,"0",0,955,27191,"3",17714,17898,18049,12,9999,0,0,15737,26,676,1,0,0,0,0,0,0,1,0,0,7,1,0,1,0,0,0,0,0,1,1,0,0
"775","7/13/2002",1977,"M","B","Dismissed","11/20/2002","",1,"pwid",0,"pcp","marijuana",0,0,0,1,1,1,1,1,1,1,1,1,"3/11/2003",1,"3/11/2003",1,"3/11/2003",1,"3/11/2003",0,"0",0,"0",0,"0",0,"0",0,"0",0,179,115987,"1",17714,17898,18049,0,111,0,0,15534,25,625,1,0,0,0,0,0,0,1,0,0,7,0,1,0,0,0,1,0,1,0,0,0,0
"776","7/1/2002",1971,"M","B","Plea","10/11/2002","1/3/2003",1,"pwid",1,"crack","0",6,6,12,1,1,1,0,1,0,1,0,1,"3/3/2005",1,"3/03/2005",1,"3/03/2005",1,"3/03/2005",0,"0",0,"0",0,"0",0,"0",0,"0",0,119,109286,"1",17714,17898,18049,0,874,0,0,15522,31,961,1,0,0,0,0,0,0,1,0,0,7,0,0,0,1,0,0,0,1,0,1,1,72
"777","7/15/2002",1953,"F","B","Plea","7/22/2003","3/26/2004",1,"dist",0,"other","0",12,12,18,1,1,0,0,0,0,0,0,1,"12/20/2004",1,"12/20/2004",1,"12/20/2004",1,"12/20/2004",0,"0",0,"0",0,"0",0,"0",1,"1/06/2005",0,185,116287,"1",17714,17898,18049,0,517,1,0,15536,49,2401,1,0,0,0,0,0,0,1,0,0,7,0,0,0,0,0,0,1,0,1,1,1,216
"778","10/25/2002",1982,"M","B","Plea","2/4/2003","3/25/2003",2,"dist, pwid",0,"pcp","0",18,0,0,1,1,1,1,1,1,1,1,0,"0",0,"0",0,"0",0,"0",0,"0",0,"0",0,"0",0,"0",0,"0",0,539,171429,"1",17714,17898,18049,18,9999,0,0,15638,20,400,1,0,0,0,0,0,0,1,0,0,7,1,0,0,0,0,1,0,1,1,1,0,0
"779","7/10/2002",1981,"M","B","Plea","10/4/2002","11/27/2002",2,"pwid",1,"crack","marijuana",4,0,0,1,0,1,0,1,0,1,0,1,"6/14/2003",1,"6/14/2003",1,"6/14/2003",1,"6/14/2003",1,"9/10/2003",1,"9/10/2003",1,"9/10/2003",1,"9/10/2003",0,"0",0,149,34142,"1",17714,17898,18049,4,133,0,0,15531,21,441,1,0,0,0,0,0,0,1,0,0,7,1,1,0,1,0,0,0,1,0,1,0,0
"780","6/19/2002",1975,"M","B","Plea","9/15/2003","11/12/2003",1,"dist",0,"marijuana","0",5,0,0,1,1,0,0,1,1,0,0,1,"6/27/2005",1,"6/27/2005",0,"0",0,"0",0,"0",0,"0",0,"0",0,"0",0,"0",0,71,102667,"1",17714,17898,18049,5,501,0,0,15510,27,729,1,0,0,0,0,0,0,1,0,0,7,1,1,0,0,0,0,0,0,1,1,0,0
"781","8/8/2002",1962,"M","B","Plea","12/20/2002","4/11/2003",1,"pwid",1,"heroin","0",120,108,18,1,1,1,1,1,1,1,1,0,"0",0,"0",0,"0",0,"0",0,"0",0,"0",0,"0",0,"0",0,"0",0,311,130621,"1",17714,17898,18049,12,9999,0,0,15560,40,1600,1,0,0,0,0,0,0,1,0,0,7,1,0,0,0,1,0,0,1,0,1,1,1944
"782","1/9/2003",1963,"M","B","Plea","10/8/2003","12/9/2003",1,"pwid",0,"crack","0",36,0,0,1,1,1,0,1,1,1,0,1,"3/16/2007",0,"0",1,"3/16/2007",0,"0",1,"4/12/2007",0,"0",1,"4/12/2007",0,"0",0,"0",0,815,46139,"1",17714,17898,18049,36,175,0,0,15714,40,1600,1,0,0,0,0,0,0,1,0,0,7,1,0,0,1,0,0,0,1,0,1,0,0
"783","1/18/2003",1950,"M","B","Plea","6/19/2003","9/29/2003",1,"pwid",0,"heroin","0",15,0,0,1,1,1,1,1,1,1,1,1,"3/19/2005",1,"3/19/2005",1,"3/19/2005",1,"3/19/2005",1,"4/18/2005",1,"4/18/2005",1,"4/18/2005",1,"4/18/2005",0,"0",0,1296,3020494,"2",17714,17898,18049,15,189,0,0,15723,53,2809,1,0,0,0,0,0,0,1,0,0,7,1,0,0,0,1,0,0,1,0,1,0,0
"784","3/7/2003",1970,"M","B","Dismissed","6/9/2003","",1,"pwid",0,"crack","0",0,0,0,1,1,0,0,0,0,0,0,0,"0",0,"0",0,"0",0,"0",0,"0",0,"0",0,"0",0,"0",0,"0",0,1118,42531,"3",17714,17898,18049,0,9999,0,0,15771,33,1089,1,0,0,0,0,0,0,1,0,0,7,0,0,0,1,0,0,0,1,0,0,0,0
"785","3/5/2003",1980,"M","B","Grand jury dismissal","5/4/2004","",1,"pwid",0,"pcp","0",0,0,0,0,0,0,0,0,0,0,0,1,"11/29/2006",0,"0",0,"0",0,"0",0,"0",0,"0",0,"0",0,"0",0,"0",0,960,27336,"3",17714,17898,18049,0,939,0,0,15769,23,529,1,0,0,0,0,0,0,1,0,0,7,0,0,0,0,0,1,0,1,0,0,0,0
"786","11/27/2002",1981,"M","B","Dismissed","1/14/2004","",1,"dist",0,"cocaine","pcp",0,0,0,1,1,1,1,1,0,0,0,0,"0",0,"0",0,"0",0,"0",0,"0",0,"0",0,"0",0,"0",0,"0",1,672,188407,"1",17714,17898,18049,0,9999,0,0,15671,21,441,1,0,0,0,0,0,0,1,0,0,7,0,0,1,0,0,1,0,0,1,0,0,0
"787","6/8/2002",1974,"M","B","Plea","5/12/2003","10/28/2003",2,"pwid",1,"crack","marijuana",14,0,0,1,1,1,1,1,1,1,0,1,"8/30/2006",1,"8/30/2006",0,"0",0,"0",0,"0",0,"0",0,"0",0,"0",0,"0",0,32,96646,"1",17714,17898,18049,14,786,0,0,15499,28,784,1,0,0,0,0,0,0,1,0,0,7,1,1,0,1,0,0,0,1,0,1,0,0
"788","4/28/2003",1982,"M","B","Dismissed","5/8/2003","0",1,"pwid",0,"crack","0",0,0,0,1,1,1,0,0,0,0,0,1,"12/1/2004",1,"12/01/2004",1,"12/01/2004",1,"12/01/2004",1,"3/24/2005",1,"3/24/2005",1,"3/24/2005",1,"3/24/2005",0,"0",0,1259,67530,"2",17714,17898,18049,0,573,0,0,15823,21,441,1,0,0,0,0,0,0,1,0,0,7,0,0,0,1,0,0,0,1,0,0,0,0
"789","3/24/2003",1976,"M","B","Dismissed","9/8/2003","0",1,"pwid",0,"cocaine","0",0,0,0,1,1,0,0,0,0,0,0,1,"3/3/2005",1,"3/03/2005",0,"0",0,"0",0,"0",0,"0",0,"0",0,"0",0,"0",0,1171,50727,"2",17714,17898,18049,0,542,0,0,15788,27,729,1,0,0,0,0,0,0,1,0,0,7,0,0,1,0,0,0,0,1,0,0,0,0
"790","1/6/2003",1950,"M","B","Jury trial guilty","4/17/2003","4/24/2003",1,"pwid",0,"cocaine","other",0.200000002980232,0,0,0,0,0,0,0,0,0,0,1,"3/27/2007",0,"0",0,"0",0,"0",0,"0",0,"0",0,"0",0,"0",0,"0",1,799,14329,"1",17714,17898,18049,0.200000002980232,1434,0,0,15711,53,2809,1,0,0,0,0,0,0,1,0,0,7,1,0,1,0,0,0,1,1,0,1,0,0
"791","12/18/2002",1961,"M","B","Plea","3/25/2003","5/20/2003",1,"dist",0,"marijuana","0",12,0,0,1,1,1,1,1,1,1,1,1,"4/25/2004",1,"4/07/2007",1,"4/07/2007",1,"4/07/2007",1,"7/19/2007",1,"7/19/2007",1,"7/19/2007",1,"7/19/2007",0,"0",0,747,198476,"1",17714,17898,18049,12,37,0,0,15692,41,1681,1,0,0,0,0,0,0,1,0,0,7,1,1,0,0,0,0,0,0,1,1,0,0
"792","6/22/2002",1942,"M","B","Plea","5/27/2003","7/23/2003",1,"dist",0,"cocaine","0",12,0,0,1,1,1,0,1,1,0,0,0,"0",0,"0",0,"0",0,"0",0,"0",0,"0",0,"0",0,"0",0,"0",0,85,104440,"1",17714,17898,18049,12,9999,0,0,15513,60,3600,1,0,0,0,0,0,0,1,0,0,7,1,0,1,0,0,0,0,0,1,1,0,0
"793","12/2/2002",1960,"F","B","Plea","4/23/2003","12/11/2003",1,"dist",0,"cocaine","0",6,0,0,1,1,1,1,1,1,1,1,1,"10/4/2006",0,"0",0,"0",0,"0",0,"0",0,"0",0,"0",0,"0",0,"0",1,684,190127,"1",17714,17898,18049,6,1080,1,0,15676,42,1764,1,0,0,0,0,0,0,1,0,0,7,1,0,1,0,0,0,0,0,1,1,0,0
"794","2/26/2003",1971,"M","W","Dismissed","4/11/2003","0",1,"dist",0,"cocaine","0",0,0,0,0,0,0,0,0,0,0,0,1,"6/24/2003",1,"6/24/2003",1,"2/09/2005",0,"0",1,"7/16/2003",1,"7/16/2003",0,"0",0,"0",0,"0",1,3062,38118,"2",17714,17898,18049,0,74,0,1,15762,32,1024,1,0,0,0,0,0,0,1,0,0,7,0,0,1,0,0,0,0,0,1,0,0,0
"795","6/5/2002",1980,"M","B","Plea","1/10/2003","3/7/2003",1,"dist",0,"cocaine","0",36,36,24,1,1,1,1,1,1,1,1,1,"6/24/2005",1,"6/24/2005",1,"6/24/2005",1,"6/24/2005",1,"8/16/2005",1,"8/16/2005",1,"8/16/2005",1,"8/16/2005",0,"0",0,12,95109,"1",17714,17898,18049,0,896,0,0,15496,22,484,1,0,0,0,0,0,0,0,1,0,8,0,0,1,0,0,0,0,0,1,1,1,864
"796","4/7/2003",1975,"M","B","Plea","8/5/2003","10/21/2003",1,"pwid",0,"marijuana","0",9,9,12,1,1,1,1,1,1,1,1,1,"9/16/2004",0,"0",0,"0",0,"0",0,"0",0,"0",0,"0",0,"0",0,"0",0,1199,57499,"3",17714,17898,18049,0,408,0,0,15802,28,784,1,0,0,0,0,0,0,0,1,0,8,0,1,0,0,0,0,0,1,0,1,1,108
"797","11/1/2002",1979,"M","B","Plea","2/20/2004","5/4/2004",1,"dist",0,"cocaine","0",24,12,24,1,1,1,1,1,1,1,1,1,"11/28/2007",0,"0",0,"0",0,"0",0,"0",0,"0",0,"0",0,"0",1,"11/22/2005",0,565,174946,"1",17714,17898,18049,12,1017,0,0,15645,23,529,1,0,0,0,0,0,0,0,1,0,8,1,0,1,0,0,0,0,0,1,1,1,288
"798","7/7/2002",1983,"F","B","Plea","4/2/2003","6/2/2003",1,"pwid",1,"cocaine","0",24,24,12,1,1,1,1,0,0,0,0,1,"2/19/2005",1,"2/19/2005",0,"0",0,"0",1,"4/04/2005",1,"4/04/2005",0,"0",0,"0",0,"0",0,143,112561,"1",17714,17898,18049,0,689,1,0,15528,19,361,1,0,0,0,0,0,0,0,1,0,8,0,0,1,0,0,0,0,1,0,1,1,288
"799","3/19/2003",1983,"M","B","Plea","4/8/2003","6/12/2003",2,"pwid",1,"crack","0",24,24,1,1,1,1,0,1,0,1,0,1,"6/11/2003",1,"6/11/2003",1,"10/18/2008",1,"10/18/2008",1,"9/17/2003",1,"9/17/2003",0,"0",0,"0",0,"0",0,1151,48233,"3",17714,17898,18049,0,64,0,0,15783,20,400,1,0,0,0,0,0,0,0,1,0,8,0,0,0,1,0,0,0,1,0,1,1,24
"800","7/4/2002",1964,"M","B","DWP","7/17/2003","",1,"pwid",0,"marijuana","0",0,0,0,1,1,1,1,1,1,1,1,1,"1/11/2006",0,"0",0,"0",0,"0",0,"0",0,"0",0,"0",0,"0",0,"0",0,129,111342,"1",17714,17898,18049,0,909,0,0,15525,38,1444,1,0,0,0,0,0,0,0,1,0,8,0,1,0,0,0,0,0,1,0,0,0,0
"801","12/23/2002",1980,"M","B","Plea","8/8/2003","11/17/2003",1,"pwid",1,"cocaine","0",48,0,0,1,1,1,1,1,1,1,1,0,"0",0,"0",0,"0",0,"0",0,"0",0,"0",0,"0",0,"0",0,"0",0,776,200480,"1",17714,17898,18049,48,9999,0,0,15697,22,484,1,0,0,0,0,0,0,0,1,0,8,1,0,1,0,0,0,0,1,0,1,0,0
"802","1/24/2003",1980,"M","B","Plea","5/21/2003","7/23/2003",1,"dist",0,"marijuana","0",0,0,12,1,1,0,0,0,0,0,0,1,"6/8/2006",0,"0",1,"6/08/2006",0,"0",0,"0",0,"0",0,"0",0,"0",0,"0",1,888,23292,"2",17714,17898,18049,0,1114,0,0,15729,23,529,1,0,0,0,0,0,0,0,1,0,8,0,1,0,0,0,0,0,0,1,1,1,0
"803","10/4/2002",1965,"M","B","Dismissed","4/29/2003","",1,"dist",0,"marijuana","0",0,0,0,1,1,1,0,1,1,1,0,0,"0",0,"0",0,"0",0,"0",0,"0",0,"0",0,"0",0,"0",0,"0",1,472,160654,"1",17714,17898,18049,0,9999,0,0,15617,37,1369,1,0,0,0,0,0,0,0,1,0,8,0,1,0,0,0,0,0,0,1,0,0,0
"804","2/26/2003",1982,"M","B","Plea","6/19/2003","10/15/2003",1,"dist",0,"cocaine","0",12,0,0,1,1,1,1,1,1,1,1,1,"11/8/2004",1,"11/08/2004",1,"11/08/2004",1,"11/08/2004",1,"4/08/2005",1,"4/08/2005",1,"4/08/2005",1,"4/08/2005",0,"0",0,1061,38107,"2",17714,17898,18049,12,148,0,0,15762,21,441,1,0,0,0,0,0,0,0,1,0,8,1,0,1,0,0,0,0,0,1,1,0,0
"805","5/7/2003",1961,"M","B","Plea","11/17/2003","1/21/2004",1,"pwid",0,"cocaine","0",48,48,24,0,0,0,0,0,0,0,0,0,"0",0,"0",0,"0",0,"0",0,"0",0,"0",0,"0",0,"0",0,"0",0,1279,72652,"2",17714,17898,18049,0,9999,0,0,15832,42,1764,1,0,0,0,0,0,0,0,1,0,8,0,0,1,0,0,0,0,1,0,1,1,1152
"806","3/14/2003",1962,"M","B","Dismissed","5/6/2003","0",2,"dist",0,"cocaine","marijuana",0,0,0,1,1,1,1,1,1,1,1,1,"9/27/2003",1,"6/28/2005",1,"6/28/2005",1,"6/28/2005",0,"0",0,"0",0,"0",0,"0",0,"0",1,1141,45867,"2",17714,17898,18049,0,144,0,0,15778,41,1681,1,0,0,0,0,0,0,0,1,0,8,0,1,1,0,0,0,0,0,1,0,0,0
"807","7/23/2002",1964,"M","B","DWP","9/15/2003","",2,"pwid",0,"cocaine","heroin",0,0,0,1,1,1,1,0,0,0,0,0,"0",0,"0",0,"0",0,"0",0,"0",0,"0",0,"0",0,"0",0,"0",0,234,121129,"1",17714,17898,18049,0,9999,0,0,15544,38,1444,1,0,0,0,0,0,0,0,1,0,8,0,0,1,0,1,0,0,1,0,0,0,0
"808","5/2/2003",1983,"M","B","Plea","7/21/2003","10/31/2003",1,"pwid",0,"crack","0",4,4,12,0,0,0,0,0,0,0,0,0,"0",0,"0",0,"0",0,"0",0,"0",0,"0",0,"0",0,"0",1,"4/20/2004",1,904,24012,"2",17714,17898,18049,0,9999,0,0,15827,20,400,1,0,0,0,0,0,0,0,1,0,8,0,0,0,1,0,0,0,1,0,1,1,48
"809","1/18/2003",1983,"M","B","Dismissed","2/23/2004","0",1,"dist",0,"cocaine","0",0,0,0,0,0,0,0,0,0,0,0,1,"12/31/2004",1,"1/15/2008",1,"1/15/2008",1,"1/15/2008",1,"5/06/2008",1,"5/06/2008",1,"5/06/2008",1,"5/06/2008",0,"0",0,1291,138935,"2",17714,17898,18049,0,312,0,0,15723,20,400,1,0,0,0,0,0,0,0,1,0,8,0,0,1,0,0,0,0,0,1,0,0,0
"810","5/9/2003",1980,"M","B","DWP","9/17/2003","0",1,"dist",0,"crack","0",0,0,0,0,0,0,0,0,0,0,0,0,"0",0,"0",0,"0",0,"0",0,"0",0,"0",0,"0",0,"0",0,"0",0,1286,73828,"2",17714,17898,18049,0,9999,0,0,15834,23,529,1,0,0,0,0,0,0,0,1,0,8,0,0,0,1,0,0,0,0,1,0,0,0
"811","7/20/2002",1970,"M","B","Grand jury dismissal","9/17/2003","",1,"dist",0,"cocaine","0",0,0,0,1,1,1,1,1,1,1,1,1,"7/19/2005",1,"7/19/2005",1,"7/19/2005",1,"7/19/2005",0,"0",0,"0",0,"0",0,"0",0,"0",0,219,35524,"1",17714,17898,18049,0,671,0,0,15541,32,1024,1,0,0,0,0,0,0,0,1,0,8,0,0,1,0,0,0,0,0,1,0,0,0
"812","7/29/2002",1984,"M","B","Plea","2/4/2004","4/7/2004",1,"pwid",0,"cocaine","0",120,118,24,0,0,0,0,0,0,0,0,1,"10/26/2005",1,"12/08/2005",0,"0",0,"0",0,"0",0,"0",0,"0",0,"0",0,"0",0,267,124388,"1",17714,17898,18049,2,570,0,0,15550,18,324,1,0,0,0,0,0,0,0,1,0,8,1,0,1,0,0,0,0,1,0,1,1,2832
"813","7/11/2002",1976,"M","B","Plea","11/7/2002","1/27/2003",1,"dist",0,"crack","0",24,24,24,1,0,1,0,0,0,0,0,0,"0",0,"0",0,"0",0,"0",0,"0",0,"0",0,"0",0,"0",0,"0",0,161,114844,"1",17714,17898,18049,0,9999,0,0,15532,26,676,1,0,0,0,0,0,0,0,1,0,8,0,0,0,1,0,0,0,0,1,1,1,576
"814","1/31/2003",1967,"M","B","Jury trial not guilty","5/30/2003","",1,"pwid",0,"pcp","0",0,0,0,1,1,1,1,1,1,1,1,0,"0",0,"0",0,"0",0,"0",0,"0",0,"0",0,"0",0,"0",0,"0",0,949,26819,"3",17714,17898,18049,0,9999,0,0,15736,36,1296,1,0,0,0,0,0,0,0,1,0,8,0,0,0,0,0,1,0,1,0,0,0,0
"815","8/26/2002",1978,"M","B","Plea","11/21/2002","1/22/2003",1,"dist",0,"crack","0",24,24,12,1,0,0,0,1,0,0,0,1,"1/11/2006",0,"0",1,"1/11/2006",0,"0",0,"0",0,"0",0,"0",0,"0",0,"0",0,359,139667,"1",17714,17898,18049,0,1147,0,0,15578,24,576,1,0,0,0,0,0,0,0,1,0,8,0,0,0,1,0,0,0,0,1,1,1,288
"816","1/29/2003",1958,"M","B","Plea","6/30/2003","8/27/2003",2,"dist",0,"crack","cocaine",96,96,24,1,1,1,1,1,1,1,1,0,"1/22/2008",0,"0",1,"1/22/2008",0,"0",1,"4/28/2008",0,"0",1,"4/28/2008",0,"0",0,"0",0,921,25551,"3",17714,17898,18049,0,1667,0,0,15734,45,2025,1,0,0,0,0,0,0,0,1,0,8,0,0,1,1,0,0,0,0,1,1,1,2304
"817","7/16/2002",1979,"M","B","Dismissed","3/17/2003","",1,"pwid",0,"cocaine","0",0,0,0,1,1,1,1,1,1,1,1,1,"10/28/2005",1,"10/28/2005",1,"11/09/2005",1,"11/09/2005",1,"4/06/2006",1,"4/06/2006",1,"4/06/2006",1,"4/06/2006",0,"0",0,188,117536,"1",17714,17898,18049,0,956,0,0,15537,23,529,1,0,0,0,0,0,0,0,1,0,8,0,0,1,0,0,0,0,1,0,0,0,0
"818","10/19/2002",1980,"M","B","Dismissed","7/23/2003","",1,"pwid",0,"cocaine","0",0,0,0,1,1,1,1,1,1,1,1,1,"11/7/2003",1,"4/01/2004",1,"2/06/2004",0,"0",1,"3/29/2005",1,"3/29/2005",0,"0",0,"0",0,"0",0,2512,NA,"1",17714,17898,18049,0,107,0,0,15632,22,484,1,0,0,0,0,0,0,0,1,0,8,0,0,1,0,0,0,0,1,0,0,0,0
"819","6/26/2002",1952,"F","B","Plea","8/13/2002","8/13/2002",1,"dist",0,"cocaine","0",3,3,12,1,0,0,0,0,0,0,0,0,"0",0,"0",0,"0",0,"0",0,"0",0,"0",0,"0",0,"0",1,"1/22/2004",0,103,106566,"1",17714,17898,18049,0,9999,1,0,15517,50,2500,1,0,0,0,0,0,0,0,1,0,8,0,0,1,0,0,0,0,0,1,1,1,36
"820","9/26/2002",1983,"M","B","Dismissed","12/12/2002","",1,"pwid",0,"cocaine","0",0,0,0,1,0,0,0,0,0,0,0,1,"2/3/2003",1,"2/03/2003",1,"5/23/2003",1,"5/23/2003",1,"7/29/2003",1,"7/29/2003",1,"7/29/2003",1,"7/29/2003",0,"0",0,459,156426,"1",17714,17898,18049,0,53,0,0,15609,19,361,1,0,0,0,0,0,0,0,1,0,8,0,0,1,0,0,0,0,1,0,0,0,0
"821","1/15/2003",1958,"M","B","Plea","8/27/2003","10/24/2003",1,"dist",0,"marijuana","0",4,1,12,1,1,1,1,1,1,1,1,0,"0",0,"0",0,"0",0,"0",0,"0",0,"0",0,"0",0,"0",0,"0",0,850,19058,"3",17714,17898,18049,3,9999,0,0,15720,45,2025,1,0,0,0,0,0,0,0,1,0,8,1,1,0,0,0,0,0,0,1,1,1,12
"822","3/10/2003",1979,"M","B","Plea","5/23/2003","7/23/2003",2,"dist",1,"heroin","0",12,0,0,1,1,1,1,1,1,1,1,1,"11/22/2005",0,"0",1,"11/22/2005",0,"0",1,"7/25/2008",0,"0",0,"0",0,"0",0,"0",0,1123,43267,"2",17714,17898,18049,12,554,0,0,15774,24,576,1,0,0,0,0,0,0,0,1,0,8,1,0,0,0,1,0,0,0,1,1,0,0
"823","3/17/2003",1973,"M","B","Plea","8/20/2003","10/20/2003",1,"pwid",0,"cocaine","0",180,180,24,1,1,1,1,1,1,1,1,0,"7/5/2008",0,"0",1,"7/05/2008",0,"0",0,"0",0,"0",0,"0",0,"0",0,"0",0,1149,47363,"3",17714,17898,18049,0,1781,0,0,15781,30,900,1,0,0,0,0,0,0,0,1,0,8,0,0,1,0,0,0,0,1,0,1,1,4320
"824","7/2/2002",1969,"M","B","Plea","2/25/2003","3/26/2003",1,"pwid",0,"cocaine","0",3,0,0,1,1,1,1,1,1,1,1,1,"8/11/2005",0,"0",1,"8/11/2005",0,"0",0,"0",0,"0",0,"0",0,"0",0,"0",0,124,110026,"1",17714,17898,18049,3,808,0,0,15523,33,1089,1,0,0,0,0,0,0,0,1,0,8,1,0,1,0,0,0,0,1,0,1,0,0
"825","10/24/2002",1948,"M","B","Dismissed","3/6/2003","",1,"dist",0,"marijuana","0",0,0,0,1,0,1,0,1,0,1,0,1,"4/1/2004",0,"0",1,"4/01/2004",0,"0",0,"0",0,"0",0,"0",0,"0",0,"0",0,534,170854,"1",17714,17898,18049,0,392,0,0,15637,54,2916,1,0,0,0,0,0,0,0,1,0,8,0,1,0,0,0,0,0,0,1,0,0,0
"826","10/14/2002",1972,"M","B","Plea","11/26/2002","1/24/2003",2,"pwid",1,"crack","marijuana",24,0,0,1,1,1,1,1,1,1,1,1,"9/9/2004",0,"0",0,"0",0,"0",0,"0",0,"0",0,"0",0,"0",0,"0",0,494,45091,"1",17714,17898,18049,24,0,0,0,15627,30,900,1,0,0,0,0,0,0,0,1,0,8,1,1,0,1,0,0,0,1,0,1,0,0
"827","10/25/2002",1970,"M","B","Plea","1/22/2003","3/19/2003",1,"dist",1,"cocaine","0",36,0,0,1,1,1,1,1,1,1,1,0,"7/9/2007",0,"0",0,"0",0,"0",0,"0",0,"0",0,"0",0,"0",0,"0",0,541,171398,"1",17714,17898,18049,36,549,0,0,15638,32,1024,1,0,0,0,0,0,0,0,1,0,8,1,0,1,0,0,0,0,0,1,1,0,0
"828","6/8/2002",1958,"M","B","Plea","3/13/2003","5/13/2003",1,"dist",0,"heroin","0",36,36,24,1,1,1,1,1,1,1,1,1,"1/16/2004",1,"1/16/2004",1,"1/16/2004",1,"1/16/2004",1,"3/09/2004",1,"3/09/2004",1,"3/09/2004",1,"3/09/2004",1,"2/25/2004",0,33,96773,"1",17714,17898,18049,0,309,0,0,15499,44,1936,1,0,0,0,0,0,0,0,1,0,8,0,0,0,0,1,0,0,0,1,1,1,864
"829","1/31/2003",1967,"M","B","Plea","4/14/2003","6/11/2003",1,"dist",0,"cocaine","0",12,12,12,1,1,1,1,1,1,1,1,0,"1/14/2009",0,"0",0,"0",0,"0",0,"0",0,"0",0,"0",0,"0",1,"8/19/2003",0,942,26572,"3",17714,17898,18049,0,2102,0,0,15736,36,1296,1,0,0,0,0,0,0,0,1,0,8,0,0,1,0,0,0,0,0,1,1,1,144
"830","12/18/2002",1979,"M","B","Plea","1/14/2004","3/17/2004",1,"dist",0,"pcp","0",48,42,24,1,0,1,0,0,0,0,0,0,"0",0,"0",0,"0",0,"0",0,"0",0,"0",0,"0",0,"0",0,"0",0,748,198335,"1",17714,17898,18049,6,9999,0,0,15692,23,529,1,0,0,0,0,0,0,0,1,0,8,1,0,0,0,0,1,0,0,1,1,1,1008
"831","2/14/2003",1951,"M","B","Plea","2/4/2004","6/17/2004",1,"dist",0,"cocaine","0",12,12,12,1,1,1,1,1,1,1,1,0,"0",0,"0",0,"0",0,"0",0,"0",0,"0",0,"0",0,"0",0,"0",0,1012,33436,"2",17714,17898,18049,0,9999,0,0,15750,52,2704,1,0,0,0,0,0,0,0,1,0,8,0,0,1,0,0,0,0,0,1,1,1,144
"832","6/10/2002",1975,"M","B","Dismissed","3/31/2003","",1,"pwid",0,"crack","0",0,0,0,1,0,1,0,1,0,1,0,0,"0",0,"0",0,"0",0,"0",0,"0",0,"0",0,"0",0,"0",0,"0",0,40,30332,"1",17714,17898,18049,0,9999,0,0,15501,27,729,1,0,0,0,0,0,0,0,1,0,8,0,0,0,1,0,0,0,1,0,0,0,0
"833","7/8/2002",1978,"M","B","Plea","5/16/2003","5/16/2003",1,"pwid",0,"pcp","0",0,0,0,1,1,0,0,0,0,0,0,1,"2/15/2006",0,"0",0,"0",0,"0",0,"0",0,"0",0,"0",0,"0",0,"0",0,147,113597,"1",17714,17898,18049,0,1006,0,0,15529,24,576,1,0,0,0,0,0,0,0,1,0,8,0,0,0,0,0,1,0,1,0,1,0,0
"834","4/26/2003",1971,"M","B","Plea","9/24/2003","11/25/2003",1,"dist",0,"cocaine","0",12,0,0,1,1,1,1,1,1,1,1,0,"0",0,"0",0,"0",0,"0",0,"0",0,"0",0,"0",0,"0",0,"0",0,1253,67020,"2",17714,17898,18049,12,9999,0,0,15821,32,1024,1,0,0,0,0,0,0,0,1,0,8,1,0,1,0,0,0,0,0,1,1,0,0
"835","11/15/2002",1937,"M","B","Plea","4/9/2003","4/9/2003",1,"pwid",0,"heroin","0",3,3,12,1,1,1,1,1,1,1,1,0,"0",0,"0",0,"0",0,"0",0,"0",0,"0",0,"0",0,"0",0,"0",0,613,182776,"1",17714,17898,18049,0,9999,0,0,15659,65,4225,1,0,0,0,0,0,0,0,1,0,8,0,0,0,0,1,0,0,1,0,1,1,36
"836","11/7/2002",1973,"M","B","Plea","2/10/2004","4/12/2004",1,"dist",0,"heroin","0",60,60,12,1,0,0,0,0,0,0,0,1,"7/26/2004",0,"0",0,"0",0,"0",0,"0",0,"0",0,"0",0,"0",0,"0",0,579,NA,"1",17714,17898,18049,0,167,0,0,15651,29,841,1,0,0,0,0,0,0,0,1,0,8,0,0,0,0,1,0,0,0,1,1,1,720
"837","8/14/2002",1949,"M","B","Jury trial guilty","10/24/2003","12/19/2003",1,"dist",0,"heroin","0",36,0,0,1,1,1,1,1,1,1,1,0,"0",0,"0",0,"0",0,"0",0,"0",0,"0",0,"0",0,"0",0,"0",0,324,133468,"1",17714,17898,18049,36,9999,0,0,15566,53,2809,1,0,0,0,0,0,0,0,1,0,8,1,0,0,0,1,0,0,0,1,1,0,0
"838","5/2/2003",1952,"M","B","Plea","8/25/2003","10/23/2003",1,"dist",0,"crack","0",48,48,24,1,1,0,0,1,0,0,0,0,"0",0,"0",0,"0",0,"0",0,"0",0,"0",0,"0",0,"0",0,"0",0,1207,62419,"2",17714,17898,18049,0,9999,0,0,15827,51,2601,1,0,0,0,0,0,0,0,1,0,8,0,0,0,1,0,0,0,0,1,1,1,1152
"839","9/12/2002",1962,"M","B","Dismissed","10/28/2002","",1,"dist",0,"heroin","0",0,0,0,1,1,1,1,1,1,1,1,1,"9/8/2003",1,"9/08/2003",1,"9/08/2003",1,"9/08/2003",1,"4/22/2004",1,"4/22/2004",0,"0",0,"0",0,"0",0,410,149136,"1",17714,17898,18049,0,315,0,0,15595,40,1600,1,0,0,0,0,0,0,0,1,0,8,0,0,0,0,1,0,0,0,1,0,0,0
"840","10/4/2002",1975,"M","B","Plea","8/21/2003","10/2/2003",1,"dist",0,"marijuana","0",1,0,0,1,1,1,1,1,1,1,1,0,"0",0,"0",0,"0",0,"0",0,"0",0,"0",0,"0",0,"0",0,"0",1,472,160654,"1",17714,17898,18049,1,9999,0,0,15617,27,729,1,0,0,0,0,0,0,0,1,0,8,1,1,0,0,0,0,0,0,1,1,0,0
"841","7/10/2002",1957,"F","B","Plea","6/13/2003","9/12/2003",1,"dist",0,"heroin","0",36,36,24,1,1,1,1,1,1,0,0,1,"4/10/2006",0,"0",0,"0",0,"0",0,"0",0,"0",0,"0",0,"0",1,"3/30/2004",1,153,114278,"1",17714,17898,18049,0,1032,1,0,15531,45,2025,1,0,0,0,0,0,0,0,1,0,8,0,0,0,0,1,0,0,0,1,1,1,864
"842","12/9/2002",1962,"M","B","Plea","9/12/2003","11/12/2003",1,"dist",0,"marijuana","0",24,0,0,1,1,1,1,1,1,1,1,1,"9/22/2005",1,"9/22/2005",1,"9/22/2005",1,"9/22/2005",0,"0",0,"0",0,"0",0,"0",0,"0",0,714,192862,"1",17714,17898,18049,24,21,0,0,15683,40,1600,1,0,0,0,0,0,0,0,1,0,8,1,1,0,0,0,0,0,0,1,1,0,0
"843","7/25/2002",1984,"F","B","DWP","6/2/2003","",1,"pwid",0,"cocaine","0",0,0,0,0,0,0,0,0,0,0,0,0,"0",0,"0",0,"0",0,"0",0,"0",0,"0",0,"0",0,"0",0,"0",0,245,122739,"1",17714,17898,18049,0,9999,1,0,15546,18,324,1,0,0,0,0,0,0,0,1,0,8,0,0,1,0,0,0,0,1,0,0,0,0
"844","4/24/2003",1975,"M","B","Plea","8/18/2003","8/18/2003",1,"pwid",0,"cocaine","0",0,0,0,1,1,1,1,1,1,0,0,0,"0",0,"0",0,"0",0,"0",0,"0",0,"0",0,"0",0,"0",0,"0",0,1244,66139,"2",17714,17898,18049,0,9999,0,0,15819,28,784,1,0,0,0,0,0,0,0,1,0,8,0,0,1,0,0,0,0,1,0,1,0,0
"845","9/11/2002",1975,"M","B","Dismissed","12/19/2003","",1,"pwid",1,"cocaine","heroin",0,0,0,1,1,0,0,1,1,0,0,0,"0",0,"0",0,"0",0,"0",0,"0",0,"0",0,"0",0,"0",0,"0",0,405,148437,"1",17714,17898,18049,0,9999,0,0,15594,27,729,1,0,0,0,0,0,0,0,1,0,8,0,0,1,0,1,0,0,1,0,0,0,0
"846","7/10/2002",1965,"F","B","Dismissed","9/5/2003","",1,"dist",0,"heroin","0",0,0,0,1,1,0,0,0,0,0,0,0,"0",0,"0",0,"0",0,"0",0,"0",0,"0",0,"0",0,"0",0,"0",1,153,114278,"1",17714,17898,18049,0,9999,1,0,15531,37,1369,1,0,0,0,0,0,0,0,1,0,8,0,0,0,0,1,0,0,0,1,0,0,0
"847","7/15/2002",1954,"M","B","Dismissed","3/6/2003","",1,"dist",0,"other","0",0,0,0,1,1,0,0,0,0,0,0,1,"7/28/2003",0,"0",0,"0",0,"0",0,"0",0,"0",0,"0",0,"0",0,"0",0,186,116310,"1",17714,17898,18049,0,144,0,0,15536,48,2304,1,0,0,0,0,0,0,0,1,0,8,0,0,0,0,0,0,1,0,1,0,0,0
"848","3/6/2003",1952,"M","B","Plea","6/17/2003","9/8/2003",1,"dist",0,"heroin","0",180,0,0,1,1,1,1,1,1,1,1,0,"0",0,"0",0,"0",0,"0",0,"0",0,"0",0,"0",0,"0",0,"0",0,1106,41649,"2",17714,17898,18049,180,9999,0,0,15770,51,2601,1,0,0,0,0,0,0,0,1,0,8,1,0,0,0,1,0,0,0,1,1,0,0
"849","8/8/2002",1963,"M","B","Plea","11/18/2002","2/11/2003",2,"dist, pwid",0,"crack","0",12,0,0,1,1,1,1,1,0,0,0,0,"0",0,"0",0,"0",0,"0",0,"0",0,"0",0,"0",0,"0",0,"0",0,304,130385,"1",17714,17898,18049,12,9999,0,0,15560,39,1521,1,0,0,0,0,0,0,0,1,0,8,1,0,0,1,0,0,0,1,1,1,0,0
"850","7/11/2002",1982,"M","B","Dismissed","9/2/2003","",1,"dist",0,"heroin","0",0,0,0,1,0,1,0,0,0,0,0,0,"0",0,"0",0,"0",0,"0",0,"0",0,"0",0,"0",0,"0",0,"0",0,162,114837,"1",17714,17898,18049,0,9999,0,0,15532,20,400,1,0,0,0,0,0,0,0,1,0,8,0,0,0,0,1,0,0,0,1,0,0,0
"851","9/23/2002",1977,"M","B","Plea","1/21/2003","3/20/2003",1,"dist",0,"cocaine","0",12,12,12,1,1,1,1,0,0,0,0,0,"0",0,"0",0,"0",0,"0",0,"0",0,"0",0,"0",0,"0",0,"0",0,454,154432,"1",17714,17898,18049,0,9999,0,0,15606,25,625,1,0,0,0,0,0,0,0,1,0,8,0,0,1,0,0,0,0,0,1,1,1,144
"852","10/30/2002",1976,"M","B","Plea","3/19/2003","7/18/2003",1,"dist",0,"crack","0",12,12,12,1,1,1,1,1,1,1,1,0,"0",0,"0",0,"0",0,"0",0,"0",0,"0",0,"0",0,"0",0,"0",0,553,173892,"1",17714,17898,18049,0,9999,0,0,15643,26,676,1,0,0,0,0,0,0,0,1,0,8,0,0,0,1,0,0,0,0,1,1,1,144
"853","12/19/2002",1956,"M","B","Plea","5/29/2003","9/5/2003",1,"dist",0,"heroin","0",120,120,24,1,1,1,1,1,1,1,1,1,"6/23/2005",1,"6/23/2005",1,"6/23/2005",1,"6/23/2005",1,"8/18/2005",1,"8/18/2005",1,"8/18/2005",1,"8/18/2005",1,"7/21/2005",0,752,198907,"1",17714,17898,18049,0,756,0,0,15693,46,2116,1,0,0,0,0,0,0,0,1,0,8,0,0,0,0,1,0,0,0,1,1,1,2880
"854","4/28/2003",1960,"M","B","Dismissed","5/8/2003","0",3,"pwid",1,"crack","0",0,0,0,1,0,1,0,0,0,0,0,1,"7/20/2004",0,"0",1,"7/20/2004",0,"0",1,"8/13/2004",0,"0",1,"8/13/2004",0,"0",0,"0",0,1258,67530,"2",17714,17898,18049,0,439,0,0,15823,43,1849,1,0,0,0,0,0,0,0,1,0,8,0,0,0,1,0,0,0,1,0,0,0,0
"855","10/2/2002",1959,"M","B","Dismissed","11/3/2003","",1,"dist",0,"heroin","0",0,0,0,1,1,1,1,1,0,1,0,0,"0",0,"0",0,"0",0,"0",0,"0",0,"0",0,"0",0,"0",0,"0",0,465,159528,"1",17714,17898,18049,0,9999,0,0,15615,43,1849,1,0,0,0,0,0,0,0,1,0,8,0,0,0,0,1,0,0,0,1,0,0,0
"856","1/9/2003",1975,"M","B","Plea","4/18/2003","4/18/2003",1,"dist",0,"marijuana","cocaine",3,3,24,1,1,1,1,1,1,0,0,0,"0",0,"0",0,"0",0,"0",0,"0",0,"0",0,"0",0,"0",0,"0",0,813,16054,"1",17714,17898,18049,0,9999,0,0,15714,28,784,1,0,0,0,0,0,0,0,1,0,8,0,1,1,0,0,0,0,0,1,1,1,72
"857","9/14/2002",1949,"M","B","Plea","2/14/2003","4/17/2003",1,"dist",0,"heroin","0",12,12,12,1,1,1,1,1,1,1,1,1,"6/2/2003",1,"6/02/2003",1,"6/02/2003",1,"6/02/2003",1,"10/17/2003",1,"10/17/2003",1,"10/17/2003",1,"10/17/2003",1,"9/05/2003",0,425,150187,"1",17714,17898,18049,0,108,0,0,15597,53,2809,1,0,0,0,0,0,0,0,1,0,8,0,0,0,0,1,0,0,0,1,1,1,144
"858","1/27/2003",1963,"M","W","Plea","10/15/2003","12/15/2003",2,"pwid",0,"cocaine","heroin",3,3,12,0,0,0,0,0,0,0,0,0,"0",0,"0",0,"0",0,"0",0,"0",0,"0",0,"0",0,"0",0,"0",1,906,24030,"3",17714,17898,18049,0,9999,0,1,15732,40,1600,1,0,0,0,0,0,0,0,1,0,8,0,0,1,0,1,0,0,1,0,1,1,36
"859","7/15/2002",1956,"M","B","Plea","4/14/2004","7/1/2004",1,"dist",0,"other","0",36,36,12,1,1,0,0,1,1,0,0,0,"0",0,"0",0,"0",0,"0",0,"0",0,"0",0,"0",0,"0",1,"5/18/2005",0,182,116308,"1",17714,17898,18049,0,9999,0,0,15536,46,2116,1,0,0,0,0,0,0,0,1,0,8,0,0,0,0,0,0,1,0,1,1,1,432
"860","1/24/2003",1981,"M","B","Dismissed","10/21/2003","0",1,"dist",0,"marijuana","0",0,0,0,1,1,1,1,1,1,1,1,0,"0",0,"0",0,"0",0,"0",0,"0",0,"0",0,"0",0,"0",0,"0",1,888,23292,"2",17714,17898,18049,0,9999,0,0,15729,22,484,1,0,0,0,0,0,0,0,1,0,8,0,1,0,0,0,0,0,0,1,0,0,0
"861","10/25/2002",1978,"M","B","Plea","3/5/2003","5/6/2003",2,"dist, pwid",0,"marijuana","0",12,0,0,1,1,1,1,1,1,1,1,1,"11/27/2004",0,"0",1,"11/27/2004",0,"0",1,"3/10/2005",0,"0",1,"3/10/2005",0,"0",0,"0",0,540,171353,"1",17714,17898,18049,12,273,0,0,15638,24,576,1,0,0,0,0,0,0,0,1,0,8,1,1,0,0,0,0,0,1,1,1,0,0
"862","7/7/2002",1971,"M","B","Jury trial not guilty","3/26/2003","",1,"pwid",1,"heroin","0",0,0,0,1,1,1,1,1,1,1,1,1,"2/28/2004",1,"2/28/2004",1,"3/29/2005",1,"3/29/2005",1,"8/23/2006",1,"8/23/2006",1,"8/23/2006",1,"8/23/2006",0,"0",0,141,113140,"1",17714,17898,18049,0,339,0,0,15528,31,961,1,0,0,0,0,0,0,0,1,0,8,0,0,0,0,1,0,0,1,0,0,0,0
"863","5/5/2003",1984,"M","B","Dismissed","5/27/2003","0",2,"dist",1,"heroin","0",0,0,0,1,0,1,0,1,0,0,0,1,"2/18/2004",1,"12/04/2004",1,"2/18/2004",0,"0",1,"3/11/2005",1,"3/11/2005",1,"2/08/2008",0,"0",0,"0",0,1274,71216,"2",17714,17898,18049,0,267,0,0,15830,19,361,1,0,0,0,0,0,0,0,1,0,8,0,0,0,0,1,0,0,0,1,0,0,0
"864","12/12/2002",1949,"M","B","Plea","6/11/2003","9/30/2003",1,"dist",0,"heroin","0",180,180,24,1,1,1,1,1,1,1,1,0,"0",0,"0",0,"0",0,"0",0,"0",0,"0",0,"0",0,"0",1,"2/03/2005",0,720,195261,"1",17714,17898,18049,0,9999,0,0,15686,53,2809,1,0,0,0,0,0,0,0,1,0,8,0,0,0,0,1,0,0,0,1,1,1,4320
"865","6/10/2002",1957,"M","B","Dismissed","3/22/2004","",1,"pwid",0,"heroin","0",0,0,0,1,1,1,1,1,1,1,1,0,"0",0,"0",0,"0",0,"0",0,"0",0,"0",0,"0",0,"0",0,"0",0,44,97093,"1",17714,17898,18049,0,9999,0,0,15501,45,2025,1,0,0,0,0,0,0,0,1,0,8,0,0,0,0,1,0,0,1,0,0,0,0
"866","8/2/2002",1969,"F","B","Plea","5/12/2003","7/9/2003",1,"dist",0,"cocaine","heroin",36,36,12,1,0,0,0,0,0,0,0,0,"0",0,"0",0,"0",0,"0",0,"0",0,"0",0,"0",0,"0",0,"0",0,280,127111,"1",17714,17898,18049,0,9999,1,0,15554,33,1089,1,0,0,0,0,0,0,0,1,0,8,0,0,1,0,1,0,0,0,1,1,1,432
"867","7/30/2002",1969,"M","B","Plea","1/23/2004","4/5/2004",1,"dist",0,"marijuana","0",24,0,0,1,1,1,0,1,0,1,0,1,"6/21/2005",0,"0",0,"0",0,"0",0,"0",0,"0",0,"0",0,"0",0,"0",0,268,125432,"1",17714,17898,18049,24,0,0,0,15551,33,1089,1,0,0,0,0,0,0,0,1,0,8,1,1,0,0,0,0,0,0,1,1,0,0
"868","5/2/2003",1984,"M","B","Plea","7/23/2003","9/17/2003",1,"pwid",0,"crack","0",4,4,12,0,0,0,0,0,0,0,0,1,"10/1/2005",1,"2/13/2007",0,"0",0,"0",1,"3/22/2007",1,"3/22/2007",0,"0",0,"0",0,"0",1,904,24012,"2",17714,17898,18049,0,801,0,0,15827,19,361,1,0,0,0,0,0,0,0,1,0,8,0,0,0,1,0,0,0,1,0,1,1,48
"869","1/27/2003",1950,"F","B","Plea","4/7/2003","6/20/2003",3,"dist",1,"cocaine","0",0,0,0,1,1,1,1,1,0,0,0,0,"0",0,"0",0,"0",0,"0",0,"0",0,"0",0,"0",0,"0",0,"0",1,906,24030,"3",17714,17898,18049,0,9999,1,0,15732,53,2809,1,0,0,0,0,0,0,0,1,0,8,0,0,1,0,0,0,0,0,1,1,0,0
"870","2/12/2003",1961,"W","B","Plea","4/8/2003","6/10/2003",1,"dist",0,"heroin","0",24,24,24,1,0,1,0,0,0,0,0,0,"0",0,"0",0,"0",0,"0",0,"0",0,"0",0,"0",0,"0",1,"3/30/2004",0,998,32465,"2",17714,17898,18049,0,9999,0,0,15748,42,1764,1,0,0,0,0,0,0,0,1,0,8,0,0,0,0,1,0,0,0,1,1,1,576
"871","3/14/2003",1963,"M","B","Dismissed","5/6/2003","0",2,"dist, pwid",0,"crack","0",0,0,0,1,1,0,0,1,1,0,0,1,"4/18/2004",1,"4/18/2004",0,"0",0,"0",1,"9/23/2004",1,"9/23/2004",0,"0",0,"0",0,"0",1,1141,45867,"2",17714,17898,18049,0,348,0,0,15778,40,1600,1,0,0,0,0,0,0,0,1,0,8,0,0,0,1,0,0,0,1,1,0,0,0
"872","8/16/2002",1967,"F","B","Plea","2/21/2003","4/18/2003",1,"dist",0,"crack","0",60,60,36,1,1,1,1,1,1,1,1,0,"0",0,"0",0,"0",0,"0",0,"0",0,"0",0,"0",0,"0",0,"0",0,332,134752,"1",17714,17898,18049,0,9999,1,0,15568,35,1225,1,0,0,0,0,0,0,0,1,0,8,0,0,0,1,0,0,0,0,1,1,1,2160
"873","8/22/2002",1981,"M","B","Plea","3/14/2003","3/14/2003",1,"dist",0,"crack","0",0,0,0,1,0,0,0,0,0,0,0,0,"0",0,"0",0,"0",0,"0",0,"0",0,"0",0,"0",0,"0",0,"0",0,349,138205,"1",17714,17898,18049,0,9999,0,0,15574,21,441,1,0,0,0,0,0,0,0,1,0,8,0,0,0,1,0,0,0,0,1,1,0,0
"874","9/26/2002",1975,"M","B","DWP","5/20/2004","",1,"pwid",0,"cocaine","0",0,0,0,0,0,0,0,0,0,0,0,0,"0",0,"0",0,"0",0,"0",0,"0",0,"0",0,"0",0,"0",0,"0",0,458,156725,"1",17714,17898,18049,0,9999,0,0,15609,27,729,1,0,0,0,0,0,0,0,1,0,8,0,0,1,0,0,0,0,1,0,0,0,0
"875","7/7/2002",1957,"M","B","Plea","11/1/2002","1/8/2003",1,"dist",0,"other","0",3,3,12,1,1,1,0,1,0,1,0,0,"8/18/2008",0,"0",0,"0",0,"0",0,"0",0,"0",0,"0",0,"0",0,"0",0,137,112433,"1",17714,17898,18049,0,2117,0,0,15528,45,2025,1,0,0,0,0,0,0,0,1,0,8,0,0,0,0,0,0,1,0,1,1,1,36
"876","4/22/2003",1962,"M","B","Dismissed","9/5/2003","0",1,"pwid",0,"crack","0",0,0,0,1,1,1,0,1,1,0,0,0,"0",0,"0",0,"0",0,"0",0,"0",0,"0",0,"0",0,"0",0,"0",0,1228,65296,"2",17714,17898,18049,0,9999,0,0,15817,41,1681,1,0,0,0,0,0,0,0,1,0,8,0,0,0,1,0,0,0,1,0,0,0,0
"877","3/7/2003",1953,"M","B","Plea","5/16/2003","7/15/2003",1,"dist",0,"heroin","0",48,48,24,1,1,1,1,1,1,1,0,0,"0",0,"0",0,"0",0,"0",0,"0",0,"0",0,"0",0,"0",1,"10/20/2004",0,1120,42603,"3",17714,17898,18049,0,9999,0,0,15771,50,2500,1,0,0,0,0,0,0,0,1,0,8,0,0,0,0,1,0,0,0,1,1,1,1152
"878","8/30/2002",1961,"M","B","Plea","4/24/2003","6/24/2003",2,"dist, pwid",0,"heroin","0",36,36,24,1,1,1,1,0,0,0,0,1,"10/27/2005",1,"10/27/2005",1,"10/27/2005",1,"10/27/2005",1,"4/26/2006",1,"4/26/2006",1,"4/26/2006",1,"4/26/2006",0,"0",1,369,142251,"1",17714,17898,18049,0,917,0,0,15582,41,1681,1,0,0,0,0,0,0,0,1,0,8,0,0,0,0,1,0,0,1,1,1,1,864
"879","4/8/2003",1978,"M","B","Dismissed","5/28/2003","0",1,"pwid",0,"crack","0",0,0,0,1,1,1,0,1,1,0,0,1,"3/3/2004",1,"8/15/2007",1,"3/03/2004",1,"8/15/2007",0,"0",0,"0",0,"0",0,"0",0,"0",0,1200,57967,"2",17714,17898,18049,0,280,0,0,15803,25,625,1,0,0,0,0,0,0,0,1,0,8,0,0,0,1,0,0,0,1,0,0,0,0
"880","2/12/2003",1973,"M","B","Plea","11/21/2003","1/23/2004",2,"pwid",0,"cocaine","marijuana",3,3,12,1,1,1,1,1,1,1,1,0,"0",0,"0",0,"0",0,"0",0,"0",0,"0",0,"0",0,"0",0,"0",0,1009,32736,"2",17714,17898,18049,0,9999,0,0,15748,30,900,1,0,0,0,0,0,0,0,1,0,8,0,1,1,0,0,0,0,1,0,1,1,36
"881","12/20/2002",1983,"M","B","Plea","4/3/2003","6/5/2003",1,"pwid",0,"crack","0",60,60,24,1,1,1,0,0,0,0,0,0,"0",0,"0",0,"0",0,"0",0,"0",0,"0",0,"0",0,"0",0,"0",0,767,199307,"1",17714,17898,18049,0,9999,0,0,15694,19,361,1,0,0,0,0,0,0,0,1,0,8,0,0,0,1,0,0,0,1,0,1,1,1440
"882","6/29/2002",1961,"M","B","Plea","11/12/2002","1/27/2003",1,"pwid",0,"marijuana","0",24,24,24,1,1,1,1,1,1,1,1,1,"8/19/2004",1,"8/26/2004",1,"8/26/2004",1,"8/26/2004",0,"0",0,"0",0,"0",0,"0",0,"0",0,109,108236,"1",17714,17898,18049,0,646,0,0,15520,41,1681,1,0,0,0,0,0,0,0,1,0,8,0,1,0,0,0,0,0,1,0,1,1,576
"883","10/23/2002",1954,"M","B","Plea","12/18/2002","2/14/2003",1,"dist",0,"heroin","0",12,0,0,1,1,0,0,0,0,0,0,0,"0",0,"0",0,"0",0,"0",0,"0",0,"0",0,"0",0,"0",0,"0",0,524,242986,"1",17714,17898,18049,12,9999,0,0,15636,48,2304,1,0,0,0,0,0,0,0,1,0,8,1,0,0,0,1,0,0,0,1,1,0,0
"884","8/28/2002",1969,"M","B","Plea","12/2/2002","2/10/2003",1,"dist",0,"heroin","0",24,0,0,1,1,1,1,1,1,1,1,0,"0",0,"0",0,"0",0,"0",0,"0",0,"0",0,"0",0,"0",0,"0",0,363,141249,"1",17714,17898,18049,24,9999,0,0,15580,33,1089,1,0,0,0,0,0,0,0,1,0,8,1,0,0,0,1,0,0,0,1,1,0,0
"885","8/30/2002",1949,"M","B","Plea","4/24/2003","4/24/2003",2,"dist, pwid",0,"heroin","0",0,0,0,1,1,1,1,1,1,1,1,1,"8/2/2005",1,"8/02/2005",0,"0",0,"0",0,"0",0,"0",0,"0",0,"0",0,"0",1,369,142251,"1",17714,17898,18049,0,831,0,0,15582,53,2809,1,0,0,0,0,0,0,0,1,0,8,0,0,0,0,1,0,0,1,1,1,0,0
"886","10/31/2002",1953,"F","B","Plea","8/21/2003","3/2/2004",1,"pwid",0,"crack","0",1.5,1.5,12,1,1,1,1,0,0,0,0,0,"0",0,"0",0,"0",0,"0",0,"0",0,"0",0,"0",0,"0",0,"0",0,558,171358,"1",17714,17898,18049,0,9999,1,0,15644,49,2401,1,0,0,0,0,0,0,0,1,0,8,0,0,0,1,0,0,0,1,0,1,1,18
"887","9/5/2002",1962,"M","B","Plea","3/10/2003","5/15/2003",1,"pwid",0,"marijuana","0",12,12,12,1,0,1,0,0,0,0,0,1,"10/15/2004",1,"10/15/2004",1,"10/15/2004",1,"10/15/2004",1,"9/07/2005",0,"0",1,"9/07/2005",0,"0",0,"0",0,383,145110,"1",17714,17898,18049,0,585,0,0,15588,40,1600,1,0,0,0,0,0,0,0,1,0,8,0,1,0,0,0,0,0,1,0,1,1,144
"888","1/18/2003",1984,"M","B","Plea","3/20/2003","1/23/2004",1,"dist",0,"pcp","0",60,48,24,1,0,1,0,1,0,1,0,0,"0",0,"0",0,"0",0,"0",0,"0",0,"0",0,"0",0,"0",0,"0",0,864,20508,"2",17714,17898,18049,12,9999,0,0,15723,19,361,1,0,0,0,0,0,0,0,1,0,8,1,0,0,0,0,1,0,0,1,1,1,1152
"889","11/27/2002",1981,"M","B","Plea","1/21/2003","3/27/2003",1,"dist",0,"crack","0",18.6700000762939,18.5300006866455,24,1,0,0,0,0,0,0,0,1,"7/23/2003",0,"0",0,"0",0,"0",0,"0",0,"0",0,"0",0,"0",0,"0",0,669,188429,"1",17714,17898,18049,0.139999389648438,178.7998046875,0,0,15671,21,441,1,0,0,0,0,0,0,0,1,0,8,1,0,0,1,0,0,0,0,1,1,1,444.720031738281
"890","2/8/2003",1982,"M","B","Plea","11/13/2003","1/21/2004",2,"pwid",0,"cocaine","marijuana",60,60,24,1,0,0,0,0,0,0,0,0,"0",0,"0",0,"0",0,"0",0,"0",0,"0",0,"0",0,"0",0,"0",0,991,30781,"2",17714,17898,18049,0,9999,0,0,15744,21,441,1,0,0,0,0,0,0,0,1,0,8,0,1,1,0,0,0,0,1,0,1,1,1440
"891","9/21/2002",1958,"M","B","Plea","12/9/2002","4/15/2003",1,"pwid",0,"heroin","0",12,12,12,1,1,1,1,1,1,1,1,1,"8/11/2003",1,"8/11/2003",1,"8/11/2003",1,"8/11/2003",1,"6/03/2004",1,"6/03/2004",1,"6/03/2004",1,"6/03/2004",1,"3/30/2004",0,449,154075,"1",17714,17898,18049,0,245,0,0,15604,44,1936,1,0,0,0,0,0,0,0,1,0,8,0,0,0,0,1,0,0,1,0,1,1,144
"892","4/17/2003",1968,"M","B","Plea","1/29/2004","4/21/2004",2,"pwid",0,"crack","0",240,204,24,1,1,1,1,1,1,1,1,0,"0",0,"0",0,"0",0,"0",0,"0",0,"0",0,"0",0,"0",0,"0",0,879,22332,"3",17714,17898,18049,36,9999,0,0,15812,35,1225,1,0,0,0,0,0,0,0,1,0,8,1,0,0,1,0,0,0,1,0,1,1,4896
"893","3/3/2003",1953,"M","B","Dismissed","8/19/2003","",3,"dist",1,"heroin","0",0,0,0,1,1,1,1,1,1,1,1,1,"9/6/2003",1,"9/06/2003",1,"11/22/2005",1,"11/22/2005",1,"2/14/2006",1,"2/14/2006",1,"2/14/2006",1,"2/14/2006",0,"0",0,1087,39873,"3",17714,17898,18049,0,18,0,0,15767,50,2500,1,0,0,0,0,0,0,0,1,0,8,0,0,0,0,1,0,0,0,1,0,0,0
"894","11/15/2002",1974,"M","B","Plea","4/14/2004","6/15/2004",1,"pwid",0,"heroin","0",15,0,0,1,1,1,1,1,1,1,0,0,"0",0,"0",0,"0",0,"0",0,"0",0,"0",0,"0",0,"0",0,"0",0,612,182721,"1",17714,17898,18049,15,9999,0,0,15659,28,784,1,0,0,0,0,0,0,0,0,1,9,1,0,0,0,1,0,0,1,0,1,0,0
"895","3/6/2003",1964,"M","B","Plea","6/24/2003","8/19/2003",2,"dist, pwid",0,"heroin","0",6,0,0,1,1,1,1,0,0,0,0,1,"7/23/2004",1,"7/23/2004",1,"7/23/2004",1,"7/23/2004",1,"3/09/2005",1,"3/09/2005",1,"3/09/2005",1,"3/09/2005",0,"0",0,1105,41632,"2",17714,17898,18049,6,215,0,0,15770,39,1521,1,0,0,0,0,0,0,0,0,1,9,1,0,0,0,1,0,0,1,1,1,0,0
"896","12/18/2002",1982,"M","B","Plea","3/14/2003","3/14/2003",1,"dist",0,"cocaine","0",36,36,36,1,1,1,0,0,0,0,0,1,"5/24/2004",1,"5/24/2004",1,"5/24/2004",1,"5/24/2004",0,"0",0,"0",0,"0",0,"0",1,"10/06/2005",0,739,198393,"1",17714,17898,18049,0,437,0,0,15692,20,400,1,0,0,0,0,0,0,0,0,1,9,0,0,1,0,0,0,0,0,1,1,1,1296
"897","6/22/2002",1975,"M","B","Dismissed","7/15/2002","",1,"dist",0,"marijuana","0",0,0,0,1,1,1,1,1,1,1,1,1,"2/27/2003",1,"2/27/2003",1,"9/08/2003",1,"9/08/2003",0,"0",0,"0",0,"0",0,"0",0,"0",0,87,104755,"1",17714,17898,18049,0,227,0,0,15513,27,729,1,0,0,0,0,0,0,0,0,1,9,0,1,0,0,0,0,0,0,1,0,0,0
"898","11/21/2002",1982,"M","B","Plea","11/13/2003","4/26/2004",2,"dist, pwid",0,"marijuana","cocaine",24,24,48,1,0,1,0,1,0,1,0,1,"3/21/2005",1,"3/21/2005",0,"0",0,"0",1,"9/28/2006",1,"9/28/2006",0,"0",0,"0",1,"3/21/2007",0,2638,185334,"1",17714,17898,18049,0,494,0,0,15665,20,400,1,0,0,0,0,0,0,0,0,1,9,0,1,1,0,0,0,0,1,1,1,1,1152
"899","11/15/2002",1981,"F","B","Plea","3/13/2003","5/20/2003",1,"pwid",0,"crack","0",0,0,12,0,0,0,0,0,0,0,0,0,"0",0,"0",0,"0",0,"0",0,"0",0,"0",0,"0",0,"0",1,"5/10/2004",0,617,182355,"1",17714,17898,18049,0,9999,1,0,15659,21,441,1,0,0,0,0,0,0,0,0,1,9,0,0,0,1,0,0,0,1,0,1,1,0
"900","10/30/2002",1963,"M","B","Plea","1/22/2004","1/29/2004",2,"dist, pwid",0,"cocaine","marijuana",48,0,0,1,1,1,1,1,1,1,1,0,"0",0,"0",0,"0",0,"0",0,"0",0,"0",0,"0",0,"0",0,"0",0,550,173927,"1",17714,17898,18049,48,9999,0,0,15643,39,1521,1,0,0,0,0,0,0,0,0,1,9,1,1,1,0,0,0,0,1,1,1,0,0
"901","1/17/2003",1957,"M","B","Dismissed","2/4/2004","",1,"pwid",0,"cocaine","0",0,0,0,1,0,1,0,1,0,1,0,0,"0",0,"0",0,"0",0,"0",0,"0",0,"0",0,"0",0,"0",0,"0",0,863,20061,"3",17714,17898,18049,0,9999,0,0,15722,46,2116,1,0,0,0,0,0,0,0,0,1,9,0,0,1,0,0,0,0,1,0,0,0,0
"902","6/14/2002",1965,"M","B","Plea","8/22/2003","8/22/2003",1,"pwid",0,"marijuana","0",6,6,12,0,0,0,0,0,0,0,0,1,"1/7/2006",0,"0",0,"0",0,"0",0,"0",0,"0",0,"0",0,"0",0,"0",0,53,99823,"1",17714,17898,18049,0,869,0,0,15505,37,1369,1,0,0,0,0,0,0,0,0,1,9,0,1,0,0,0,0,0,1,0,1,1,72
"903","1/11/2003",1976,"M","B","Dismissed","3/18/2003","",2,"pwid",1,"crack","0",0,0,0,1,1,1,1,0,0,0,0,1,"9/16/2003",1,"9/16/2003",1,"9/16/2003",1,"9/16/2003",0,"0",0,"0",0,"0",0,"0",0,"0",0,3288,76482,"3",17714,17898,18049,0,182,0,0,15716,27,729,1,0,0,0,0,0,0,0,0,1,9,0,0,0,1,0,0,0,1,0,0,0,0
"904","11/19/2002",1957,"F","B","Dismissed","12/13/2002","",1,"dist",0,"heroin","0",0,0,0,1,1,1,1,1,1,1,1,0,"0",0,"0",0,"0",0,"0",0,"0",0,"0",0,"0",0,"0",0,"0",0,629,NA,"1",17714,17898,18049,0,9999,1,0,15663,45,2025,1,0,0,0,0,0,0,0,0,1,9,0,0,0,0,1,0,0,0,1,0,0,0
"905","11/12/2002",1981,"M","B","Plea","10/10/2003","12/9/2003",2,"dist",0,"heroin","marijuana",24,24,24,0,0,0,0,0,0,0,0,1,"10/11/2004",1,"10/11/2004",1,"10/11/2004",1,"10/11/2004",1,"12/15/2004",1,"12/15/2004",1,"12/15/2004",1,"12/15/2004",1,"10/13/2004",0,602,180430,"1",17714,17898,18049,0,367,0,0,15656,21,441,1,0,0,0,0,0,0,0,0,1,9,0,1,0,0,1,0,0,0,1,1,1,576
"906","8/8/2002",1981,"M","B","Dismissed","1/28/2003","",1,"pwid",0,"pcp","0",0,0,0,1,0,1,0,0,0,0,0,1,"3/3/2003",1,"3/03/2003",0,"0",0,"0",1,"3/15/2004",1,"3/15/2004",0,"0",0,"0",0,"0",0,310,130574,"1",17714,17898,18049,0,34,0,0,15560,21,441,1,0,0,0,0,0,0,0,0,1,9,0,0,0,0,0,1,0,1,0,0,0,0
"907","8/16/2002",1978,"M","B","Jury trial guilty","2/14/2003","2/20/2003",2,"pwid",1,"cocaine","marijuana",6,0,0,1,1,1,1,1,1,1,1,1,"1/20/2004",1,"8/07/2005",1,"1/20/2004",1,"8/07/2005",1,"7/14/2006",1,"7/14/2006",1,"7/14/2006",1,"7/14/2006",0,"0",0,330,134726,"1",17714,17898,18049,6,160,0,0,15568,24,576,1,0,0,0,0,0,0,0,0,1,9,1,1,1,0,0,0,0,1,0,1,0,0
"908","9/5/2002",1974,"M","B","Plea","5/30/2003","8/25/2003",1,"dist",0,"marijuana","0",8,0,0,1,1,1,1,1,1,1,1,0,"0",0,"0",0,"0",0,"0",0,"0",0,"0",0,"0",0,"0",0,"0",0,382,145307,"1",17714,17898,18049,8,9999,0,0,15588,28,784,1,0,0,0,0,0,0,0,0,1,9,1,1,0,0,0,0,0,0,1,1,0,0
"909","6/8/2002",1961,"F","B","Plea","9/25/2002","11/20/2002",1,"dist",0,"cocaine","0",12,0,0,1,1,1,0,1,0,1,0,1,"8/5/2005",1,"10/15/2005",1,"10/15/2005",1,"10/15/2005",1,"1/06/2006",1,"1/06/2006",1,"1/06/2006",1,"1/06/2006",0,"0",1,35,96795,"1",17714,17898,18049,12,685,1,0,15499,41,1681,1,0,0,0,0,0,0,0,0,1,9,1,0,1,0,0,0,0,0,1,1,0,0
"910","12/24/2002",1983,"M","B","Plea","9/5/2003","11/5/2003",1,"dist",0,"cocaine","0",12,0,0,1,1,1,1,0,0,0,0,1,"9/1/2005",0,"0",1,"9/01/2005",0,"0",1,"11/09/2005",0,"0",1,"11/09/2005",0,"0",0,"0",0,777,201526,"1",17714,17898,18049,12,367,0,0,15698,19,361,1,0,0,0,0,0,0,0,0,1,9,1,0,1,0,0,0,0,0,1,1,0,0
"911","2/27/2003",1956,"M","B","Jury trial guilty","10/22/2003","1/6/2004",1,"dist",0,"heroin","0",24,0,0,1,1,1,1,1,1,1,1,1,"2/21/2006",0,"0",0,"0",0,"0",1,"2/22/2006",0,"0",0,"0",0,"0",0,"0",1,3075,38625,"3",17714,17898,18049,24,133,0,0,15763,47,2209,1,0,0,0,0,0,0,0,0,1,9,1,0,0,0,1,0,0,0,1,1,0,0
"912","12/5/2002",1982,"M","B","Plea","1/31/2003","3/27/2003",1,"dist",0,"pcp","0",6,0,0,1,1,1,1,1,1,1,1,1,"10/11/2004",1,"4/04/2005",0,"0",0,"0",0,"0",0,"0",0,"0",0,"0",0,"0",0,704,192052,"1",17714,17898,18049,6,439,0,0,15679,20,400,1,0,0,0,0,0,0,0,0,1,9,1,0,0,0,0,1,0,0,1,1,0,0
"913","2/5/2003",1980,"M","B","Plea","7/24/2003","10/1/2003",1,"pwid",0,"cocaine","0",24,0,0,1,1,1,1,1,1,1,1,0,"0",0,"0",0,"0",0,"0",0,"0",0,"0",0,"0",0,"0",0,"0",0,974,29212,"3",17714,17898,18049,24,9999,0,0,15741,23,529,1,0,0,0,0,0,0,0,0,1,9,1,0,1,0,0,0,0,1,0,1,0,0
"914","10/11/2002",1981,"M","B","Plea","7/16/2003","1/16/2004",1,"pwid",0,"crack","marijuana",6,6,12,1,1,0,0,0,0,0,0,1,"1/26/2004",1,"1/26/2004",0,"0",0,"0",1,"10/31/2006",1,"10/31/2006",0,"0",0,"0",1,"11/01/2006",0,484,164584,"1",17714,17898,18049,0,194,0,0,15624,21,441,1,0,0,0,0,0,0,0,0,1,9,0,1,0,1,0,0,0,1,0,1,1,72
"915","11/2/2002",1971,"M","B","Plea","3/4/2003","5/1/2003",1,"pwid",0,"cocaine","0",36,36,24,1,1,1,1,1,1,1,1,1,"8/25/2004",1,"8/25/2004",1,"10/13/2006",1,"10/13/2006",1,"7/10/2007",1,"7/10/2007",1,"7/10/2007",1,"7/10/2007",0,"0",0,570,175556,"1",17714,17898,18049,0,540,0,0,15646,31,961,1,0,0,0,0,0,0,0,0,1,9,0,0,1,0,0,0,0,1,0,1,1,864
"916","2/28/2003",1983,"M","B","Dismissed","4/16/2003","0",1,"pwid",0,"cocaine","0",0,0,0,1,1,1,1,0,0,0,0,1,"3/04/2005",1,"4/09/2006",1,"4/09/2006",1,"4/09/2006",1,"6/28/2006",1,"6/28/2006",1,"6/28/2006",1,"6/28/2006",0,"0",0,3080,39073,"2",17714,17898,18049,0,688,0,0,15764,20,400,1,0,0,0,0,0,0,0,0,1,9,0,0,1,0,0,0,0,1,0,0,0,0
"917","3/1/2003",1980,"M","B","Plea","7/8/2003","1/15/2004",1,"dist",0,"marijuana","0",24,24,18,1,1,1,1,1,1,1,0,0,"0",0,"0",0,"0",0,"0",0,"0",0,"0",0,"0",0,"0",1,"9/16/2004",0,1082,39438,"3",17714,17898,18049,0,9999,0,0,15765,23,529,1,0,0,0,0,0,0,0,0,1,9,0,1,0,0,0,0,0,0,1,1,1,432
"918","1/4/2003",1956,"M","B","Plea","2/21/2003","5/21/2003",1,"dist",0,"heroin","0",36,36,24,1,1,1,0,1,1,0,0,1,"3/1/2004",1,"3/01/2004",1,"3/01/2004",1,"3/01/2004",1,"5/13/2004",1,"5/13/2004",1,"5/13/2004",1,"5/13/2004",1,"3/24/2004",0,793,8312480,"1",17714,17898,18049,0,374,0,0,15709,47,2209,1,0,0,0,0,0,0,0,0,1,9,0,0,0,0,1,0,0,0,1,1,1,864
"919","10/23/2002",1954,"M","B","Plea","12/16/2003","1/30/2004",1,"dist",0,"heroin","0",12,0,0,1,1,1,1,1,1,1,1,0,"0",0,"0",0,"0",0,"0",0,"0",0,"0",0,"0",0,"0",0,"0",0,527,170336,"1",17714,17898,18049,12,9999,0,0,15636,48,2304,1,0,0,0,0,0,0,0,0,1,9,1,0,0,0,1,0,0,0,1,1,0,0
"920","3/28/2003",1976,"M","B","Plea","1/7/2004","3/4/2004",1,"dist",0,"crack","0",18,0,0,1,1,1,1,1,1,1,1,0,"11/11/2008",0,"0",0,"0",0,"0",0,"0",0,"0",0,"0",0,"0",0,"0",1,1176,52857,"2",17714,17898,18049,18,1230,0,0,15792,27,729,1,0,0,0,0,0,0,0,0,1,9,1,0,0,1,0,0,0,0,1,1,0,0
"921","1/29/2003",1984,"M","B","Plea","5/16/2003","7/14/2003",1,"dist",0,"crack","0",24,24,24,0,0,0,0,0,0,0,0,1,"6/8/2003",1,"9/08/2007",1,"9/08/2007",1,"9/08/2007",1,"11/29/2007",1,"11/29/2007",1,"11/29/2007",1,"11/29/2007",0,"0",1,916,25509,"3",17714,17898,18049,0,23,0,0,15734,19,361,1,0,0,0,0,0,0,0,0,1,9,0,0,0,1,0,0,0,0,1,1,1,576
"922","1/30/2003",1973,"M","B","Dismissed","3/5/2004","0",1,"dist",0,"cocaine","0",0,0,0,1,1,1,1,1,1,1,1,0,"0",0,"0",0,"0",0,"0",0,"0",0,"0",0,"0",0,"0",0,"0",0,930,26067,"2",17714,17898,18049,0,9999,0,0,15735,30,900,1,0,0,0,0,0,0,0,0,1,9,0,0,1,0,0,0,0,0,1,0,0,0
"923","4/24/2003",1962,"M","B","DWP","2/10/2004","0",1,"pwid",0,"heroin","0",0,0,0,1,1,1,1,1,1,1,1,0,"0",0,"0",0,"0",0,"0",0,"0",0,"0",0,"0",0,"0",0,"0",0,1240,66105,"2",17714,17898,18049,0,9999,0,0,15819,41,1681,1,0,0,0,0,0,0,0,0,1,9,0,0,0,0,1,0,0,1,0,0,0,0
"924","3/7/2003",1981,"M","B","Plea","5/16/2003","7/22/2003",1,"dist",0,"cocaine","0",10,0,0,1,1,1,1,1,1,1,1,1,"6/7/2003",0,"0",1,"6/07/2003",0,"0",0,"0",0,"0",0,"0",0,"0",0,"0",0,1119,42585,"3",17714,17898,18049,10,0,0,0,15771,22,484,1,0,0,0,0,0,0,0,0,1,9,1,0,1,0,0,0,0,0,1,1,0,0
"925","11/15/2002",1968,"M","B","Plea","5/2/2003","7/1/2005",1,"pwid",0,"cocaine","0",24,0,0,1,1,1,1,1,1,1,1,0,"0",0,"0",0,"0",0,"0",0,"0",0,"0",0,"0",0,"0",0,"0",0,616,182632,"1",17714,17898,18049,24,9999,0,0,15659,34,1156,1,0,0,0,0,0,0,0,0,1,9,1,0,1,0,0,0,0,1,0,1,0,0
"926","3/28/2003",1956,"W","B","Plea","12/19/2003","5/12/2004",1,"dist",0,"crack","0",12,0,0,1,0,1,0,1,0,1,0,1,"3/10/2004",1,"3/10/2004",1,"3/03/2008",0,"0",1,"12/08/2008",0,"0",1,"12/08/2008",0,"0",0,"0",1,1176,52857,"2",17714,17898,18049,12,0,0,0,15792,47,2209,1,0,0,0,0,0,0,0,0,1,9,1,0,0,1,0,0,0,0,1,1,0,0
"927","2/1/2003",1955,"F","B","Grand jury dismissal","11/3/2003","",1,"dist",0,"cocaine","0",0,0,0,1,1,1,0,1,1,0,0,1,"10/26/2006",1,"10/26/2006",1,"10/26/2006",1,"10/26/2006",1,"1/29/2007",1,"1/29/2007",1,"1/29/2007",1,"1/29/2007",0,"0",0,956,27203,"3",17714,17898,18049,0,1088,1,0,15737,48,2304,1,0,0,0,0,0,0,0,0,1,9,0,0,1,0,0,0,0,0,1,0,0,0
"928","10/17/2002",1955,"M","B","Dismissed","2/10/2003","",1,"dist",0,"heroin","0",0,0,0,1,1,0,0,1,1,0,0,0,"0",0,"0",0,"0",0,"0",0,"0",0,"0",0,"0",0,"0",0,"0",0,503,167243,"1",17714,17898,18049,0,9999,0,0,15630,47,2209,1,0,0,0,0,0,0,0,0,1,9,0,0,0,0,1,0,0,0,1,0,0,0
"929","8/13/2002",1980,"M","B","Dismissed","9/9/2002","",1,"pwid",0,"crack","0",0,0,0,1,1,0,0,1,0,0,0,1,"1/22/2004",1,"1/22/2004",1,"1/30/2004",1,"1/30/2004",1,"10/06/2004",1,"10/06/2004",0,"0",0,"0",0,"0",0,318,132901,"1",17714,17898,18049,0,500,0,0,15565,22,484,1,0,0,0,0,0,0,0,0,1,9,0,0,0,1,0,0,0,1,0,0,0,0
"930","10/14/2002",1970,"M","B","Grand jury dismissal","7/21/2003","",1,"pwid",0,"cocaine","0",0,0,0,1,1,0,0,1,1,0,0,1,"10/30/2004",1,"10/30/2004",0,"0",0,"0",1,"9/27/2005",1,"9/27/2005",0,"0",0,"0",0,"0",0,496,165321,"1",17714,17898,18049,0,467,0,0,15627,32,1024,1,0,0,0,0,0,0,0,0,1,9,0,0,1,0,0,0,0,1,0,0,0,0
"931","7/12/2002",1975,"M","B","Plea","9/13/2002","11/6/2002",1,"dist",0,"cocaine","0",60,60,36,1,0,0,0,1,0,0,0,1,"12/8/2004",1,"12/08/2004",1,"12/08/2004",1,"12/08/2004",0,"0",0,"0",0,"0",0,"0",0,"0",0,168,115402,"1",17714,17898,18049,0,817,0,0,15533,27,729,1,0,0,0,0,0,0,0,0,1,9,0,0,1,0,0,0,0,0,1,1,1,2160
"932","10/24/2002",1980,"M","B","Plea","12/4/2002","12/4/2002",1,"dist",0,"marijuana","0",6,6,12,1,0,1,0,0,0,0,0,1,"4/24/2005",0,"0",0,"0",0,"0",0,"0",0,"0",0,"0",0,"0",0,"0",0,530,170886,"1",17714,17898,18049,0,872,0,0,15637,22,484,1,0,0,0,0,0,0,0,0,1,9,0,1,0,0,0,0,0,0,1,1,1,72
"933","7/25/2002",1983,"M","B","Plea","9/11/2002","9/24/2002",1,"pwid",0,"cocaine","0",0,0,8,1,1,0,0,0,0,0,0,1,"7/20/2003",1,"7/21/2003",0,"0",0,"0",0,"0",0,"0",0,"0",0,"0",1,"3/03/2003",0,2250,122842,"1",17714,17898,18049,0,312,0,0,15546,19,361,1,0,0,0,0,0,0,0,0,1,9,0,0,1,0,0,0,0,1,0,1,1,0
"934","1/29/2003",1982,"M","B","Plea","5/16/2003","8/7/2003",2,"dist",0,"crack","0",12,0,0,1,1,0,0,0,0,0,0,1,"3/16/2007",0,"0",0,"0",0,"0",1,"5/02/2007",0,"0",0,"0",0,"0",0,"0",1,2916,25509,"3",17714,17898,18049,12,1040,0,0,15734,21,441,1,0,0,0,0,0,0,0,0,1,9,1,0,0,1,0,0,0,0,1,1,0,0
"935","2/12/2003",1979,"M","B","Plea","1/6/2004","3/2/2004",1,"dist",0,"cocaine","0",60,0,0,1,1,1,1,1,1,1,1,0,"0",0,"0",0,"0",0,"0",0,"0",0,"0",0,"0",0,"0",0,"0",1,1003,32498,"2",17714,17898,18049,60,9999,0,0,15748,24,576,1,0,0,0,0,0,0,0,0,1,9,1,0,1,0,0,0,0,0,1,1,0,0
"936","12/2/2002",1965,"M","B","Plea","6/17/2003","10/20/2003",2,"dist, pwid",0,"heroin","other",24,24,24,1,1,1,1,1,1,1,1,0,"0",0,"0",0,"0",0,"0",0,"0",0,"0",0,"0",0,"0",0,"0",0,686,190048,"1",17714,17898,18049,0,9999,0,0,15676,37,1369,1,0,0,0,0,0,0,0,0,1,9,0,0,0,0,1,0,1,1,1,1,1,576
"937","8/6/2002",1979,"M","B","Plea","10/7/2002","2/24/2003",1,"pwid",0,"crack","0",12,12,12,1,0,0,0,0,0,0,0,0,"0",0,"0",0,"0",0,"0",0,"0",0,"0",0,"0",0,"0",0,"0",0,297,126428,"1",17714,17898,18049,0,9999,0,0,15558,23,529,1,0,0,0,0,0,0,0,0,1,9,0,0,0,1,0,0,0,1,0,1,1,144
"938","11/7/2002",1961,"M","B","Plea","2/28/2003","4/29/2003",1,"dist",0,"cocaine","0",24,0,0,1,1,1,1,1,1,1,1,1,"6/29/2005",1,"6/29/2005",1,"6/29/2005",1,"6/29/2005",1,"11/10/2005",1,"11/10/2005",1,"11/10/2005",1,"11/10/2005",0,"0",0,584,178082,"1",17714,17898,18049,24,132,0,0,15651,41,1681,1,0,0,0,0,0,0,0,0,1,9,1,0,1,0,0,0,0,0,1,1,0,0
"939","7/25/2002",1979,"M","B","Dismissed","2/21/2003","",3,"dist, pwid",1,"cocaine","marijuana",0,0,0,1,1,1,1,1,1,1,1,0,"0",0,"0",0,"0",0,"0",0,"0",0,"0",0,"0",0,"0",0,"0",0,249,122954,"1",17714,17898,18049,0,9999,0,0,15546,23,529,1,0,0,0,0,0,0,0,0,1,9,0,1,1,0,0,0,0,1,1,0,0,0
"940","2/27/2003",1963,"M","B","Dismissed","10/17/2003","",1,"dist",0,"heroin","0",0,0,0,1,1,1,1,1,1,1,1,0,"0",0,"0",0,"0",0,"0",0,"0",0,"0",0,"0",0,"0",0,"0",1,1075,38625,"3",17714,17898,18049,0,9999,0,0,15763,40,1600,1,0,0,0,0,0,0,0,0,1,9,0,0,0,0,1,0,0,0,1,0,0,0
"941","9/2/2002",1982,"M","B","Dismissed","9/13/2002","",1,"dist",0,"cocaine","0",0,0,0,1,0,1,0,0,0,0,0,1,"2/15/2003",1,"2/15/2003",1,"2/15/2003",1,"2/15/2003",0,"0",0,"0",0,"0",0,"0",0,"0",0,376,143422,"1",17714,17898,18049,0,155,0,0,15585,20,400,1,0,0,0,0,0,0,0,0,1,9,0,0,1,0,0,0,0,0,1,0,0,0
"942","4/2/2003",1966,"W","B","Plea","10/15/2003","7/21/2004",1,"dist",0,"crack","0",18,18,18,1,0,0,0,1,0,0,0,0,"1/21/2008",0,"0",0,"0",0,"0",0,"0",0,"0",0,"0",0,"0",1,"12/13/2004",0,1180,55130,"2",17714,17898,18049,0,1559,0,0,15797,37,1369,1,0,0,0,0,0,0,0,0,1,9,0,0,0,1,0,0,0,0,1,1,1,324
"943","1/18/2003",1965,"W","B","Plea","4/30/2003","7/2/2003",1,"dist",0,"marijuana","0",24,24,24,1,1,1,0,1,0,1,0,0,"0",0,"0",0,"0",0,"0",0,"0",0,"0",0,"0",0,"0",0,"0",0,865,20523,"2",17714,17898,18049,0,9999,0,0,15723,38,1444,1,0,0,0,0,0,0,0,0,1,9,0,1,0,0,0,0,0,0,1,1,1,576
"944","12/20/2002",1982,"M","B","Plea","10/14/2003","12/15/2003",1,"dist",1,"cocaine","0",12,0,0,1,1,1,1,1,1,1,1,1,"5/28/2004",1,"11/13/2004",0,"0",0,"0",1,"11/28/2006",1,"11/28/2006",0,"0",0,"0",0,"0",0,761,200050,"1",17714,17898,18049,12,0,0,0,15694,20,400,1,0,0,0,0,0,0,0,0,1,9,1,0,1,0,0,0,0,0,1,1,0,0
"945","12/31/2002",1974,"M","B","Plea","3/31/2003","5/29/2003",2,"pwid",1,"crack","pcp",4.17000007629395,0,0,1,1,1,1,1,1,1,0,1,"9/10/2004",1,"9/10/2004",1,"9/10/2004",1,"9/10/2004",1,"9/06/2005",1,"9/06/2005",1,"9/06/2005",1,"9/06/2005",0,"0",0,782,52511,"1",17714,17898,18049,4.17000007629395,403.900390625,0,0,15705,28,784,1,0,0,0,0,0,0,0,0,1,9,1,0,0,1,0,1,0,1,0,1,0,0
"946","9/25/2002",1979,"M","B","Jury trial guilty","3/20/2003","5/16/2003",1,"pwid",0,"crack","0",12,0,0,1,1,1,0,0,0,0,0,1,"12/14/2006",1,"12/14/2006",1,"12/14/2006",1,"12/14/2006",0,"0",0,"0",0,"0",0,"0",0,"0",0,457,137902,"1",17714,17898,18049,12,1005,0,0,15608,23,529,1,0,0,0,0,0,0,0,0,1,9,1,0,0,1,0,0,0,1,0,1,0,0
"947","8/9/2002",1956,"M","B","Plea","10/18/2002","12/16/2002",1,"dist",0,"marijuana","0",30,0,0,1,1,1,1,1,1,1,1,1,"12/3/2002",0,"0",0,"0",0,"0",0,"0",0,"0",0,"0",0,"0",0,"0",0,313,37995,"1",17714,17898,18049,30,0,0,0,15561,46,2116,1,0,0,0,0,0,0,0,0,1,9,1,1,0,0,0,0,0,0,1,1,0,0
"948","7/31/2002",1984,"M","B","Guilty","3/6/2003","5/23/2003",1,"pwid",0,"cocaine","0",9,0,0,0,0,0,0,0,0,0,0,1,"6/15/2005",1,"6/15/2005",1,"6/15/2005",1,"6/15/2005",1,"11/04/2006",1,"11/04/2006",0,"0",0,"0",0,"0",0,274,126111,"1",17714,17898,18049,9,562,0,0,15552,18,324,1,0,0,0,0,0,0,0,0,1,9,1,0,1,0,0,0,0,1,0,1,0,0
"949","4/21/2003",1974,"M","B","Plea","7/28/2003","9/24/2003",1,"dist",0,"heroin","0",14,0,0,1,1,1,1,1,1,1,1,1,"10/7/2004",0,"0",0,"0",0,"0",0,"0",0,"0",0,"0",0,"0",0,"0",1,1219,63909,"3",17714,17898,18049,14,17,0,0,15816,29,841,1,0,0,0,0,0,0,0,0,1,9,1,0,0,0,1,0,0,0,1,1,0,0
"950","7/20/2002",1956,"M","B","Dismissed","10/28/2002","",1,"dist",0,"cocaine","0",0,0,0,1,1,1,0,1,0,1,0,1,"8/4/2004",0,"0",1,"8/04/2004",0,"0",0,"0",0,"0",0,"0",0,"0",0,"0",0,223,120146,"1",17714,17898,18049,0,646,0,0,15541,46,2116,1,0,0,0,0,0,0,0,0,1,9,0,0,1,0,0,0,0,0,1,0,0,0
"951","9/5/2002",1978,"M","B","Jury trial guilty","10/28/2003","12/22/2003",1,"dist",1,"crack","0",36,36,36,1,1,1,1,1,1,1,1,1,"1/1/2004",0,"0",0,"0",0,"0",0,"0",0,"0",0,"0",0,"0",0,"0",0,378,145248,"1",17714,17898,18049,0,65,0,0,15588,24,576,1,0,0,0,0,0,0,0,0,1,9,0,0,0,1,0,0,0,0,1,1,1,1296
"952","8/8/2002",1954,"F","B","Plea","10/1/2002","12/4/2002",1,"dist",0,"cocaine","0",12,0,0,1,1,1,1,1,1,1,1,0,"0",0,"0",0,"0",0,"0",0,"0",0,"0",0,"0",0,"0",0,"0",1,303,130433,"1",17714,17898,18049,12,9999,1,0,15560,48,2304,1,0,0,0,0,0,0,0,0,1,9,1,0,1,0,0,0,0,0,1,1,0,0
"953","6/17/2002",1976,"M","B","Plea","10/10/2002","7/30/2003",1,"dist",0,"marijuana","0",6,6,12,1,1,0,0,0,0,0,0,1,"12/17/2004",0,"0",1,"2/21/2005",0,"0",0,"0",0,"0",0,"0",0,"0",0,"0",0,63,100947,"1",17714,17898,18049,0,799,0,0,15508,26,676,1,0,0,0,0,0,0,0,0,1,9,0,1,0,0,0,0,0,0,1,1,1,72
"954","7/18/2002",1964,"F","B","Plea","10/22/2002","1/6/2003",1,"dist",1,"cocaine","0",12,0,0,1,1,1,1,1,0,1,0,1,"1/24/2004",0,"0",0,"0",0,"0",0,"0",0,"0",0,"0",0,"0",0,"0",0,202,118747,"1",17714,17898,18049,12,99,1,0,15539,38,1444,1,0,0,0,0,0,0,0,0,1,9,1,0,1,0,0,0,0,0,1,1,0,0
"955","1/15/2003",1984,"M","B","Dismissed","2/24/2003","",1,"pwid",0,"pcp","0",0,0,0,1,1,1,1,0,0,0,0,1,"6/9/2003",1,"6/09/2003",1,"6/09/2003",1,"6/09/2003",1,"10/03/2003",1,"10/03/2003",1,"10/03/2003",1,"10/03/2003",0,"0",0,821,13594,"3",17714,17898,18049,0,105,0,0,15720,19,361,1,0,0,0,0,0,0,0,0,1,9,0,0,0,0,0,1,0,1,0,0,0,0
"956","12/20/2002",1967,"M","B","Plea","3/25/2003","5/22/2003",1,"dist",1,"heroin","0",24,0,0,1,1,1,1,1,1,1,1,0,"8/7/2007",0,"0",0,"0",0,"0",0,"0",0,"0",0,"0",0,"0",0,"0",0,764,99417,"1",17714,17898,18049,24,876,0,0,15694,35,1225,1,0,0,0,0,0,0,0,0,1,9,1,0,0,0,1,0,0,0,1,1,0,0
"957","12/7/2002",1957,"M","B","Plea","7/10/2003","10/8/2003",1,"pwid",1,"marijuana","crack",6,6,12,1,1,1,1,1,1,1,1,1,"12/15/2004",1,"12/15/2004",1,"12/15/2004",1,"12/15/2004",1,"7/27/2005",1,"7/27/2005",1,"7/27/2005",1,"7/27/2005",1,"12/08/2004",0,712,192827,"1",17714,17898,18049,0,524,0,0,15681,45,2025,1,0,0,0,0,0,0,0,0,1,9,0,1,0,1,0,0,0,1,0,1,1,72
"958","11/19/2002",1958,"F","B","Plea","2/21/2003","12/18/2003",1,"dist",0,"heroin","0",12,12,12,1,1,1,1,1,1,1,1,1,"4/19/2004",1,"4/19/2004",1,"4/19/2004",1,"4/19/2004",1,"9/21/2004",1,"9/21/2004",1,"9/21/2004",1,"9/21/2004",1,"9/21/2004",0,628,NA,"1",17714,17898,18049,0,423,1,0,15663,44,1936,1,0,0,0,0,0,0,0,0,1,9,0,0,0,0,1,0,0,0,1,1,1,144
"959","4/18/2003",1966,"W","B","Plea","6/5/2003","7/31/2003",2,"pwid",1,"heroin","0",12,0,0,1,1,1,1,1,1,1,1,1,"5/2/2007",0,"0",1,"5/02/2007",0,"0",1,"1/09/2008",0,"0",1,"1/09/2008",0,"0",0,"0",0,880,22426,"2",17714,17898,18049,12,1067,0,0,15813,37,1369,1,0,0,0,0,0,0,0,0,1,9,1,0,0,0,1,0,0,1,0,1,0,0
"960","8/8/2002",1959,"M","B","Dismissed","10/8/2002","",1,"dist",0,"cocaine","0",0,0,0,1,1,1,1,1,1,0,0,0,"0",0,"0",0,"0",0,"0",0,"0",0,"0",0,"0",0,"0",0,"0",1,303,130433,"1",17714,17898,18049,0,9999,0,0,15560,43,1849,1,0,0,0,0,0,0,0,0,1,9,0,0,1,0,0,0,0,0,1,0,0,0
"961","12/16/2002",1977,"M","W","Dismissed","5/12/2003","",1,"pwid",1,"cocaine","0",0,0,0,1,0,0,0,0,0,0,0,1,"4/11/2005",0,"0",0,"0",0,"0",0,"0",0,"0",0,"0",0,"0",0,"0",0,732,51190,"1",17714,17898,18049,0,700,0,1,15690,25,625,1,0,0,0,0,0,0,0,0,1,9,0,0,1,0,0,0,0,1,0,0,0,0
"962","10/19/2002",1980,"M","B","Plea","3/12/2003","3/12/2003",1,"pwid",0,"cocaine","0",6,0,0,1,1,1,1,1,1,1,1,1,"1/13/2004",1,"1/13/2004",1,"2/13/2004",1,"2/13/2004",1,"9/26/2005",1,"9/26/2005",1,"9/26/2005",1,"9/26/2005",0,"0",0,515,168321,"1",17714,17898,18049,6,127,0,0,15632,22,484,1,0,0,0,0,0,0,0,0,1,9,1,0,1,0,0,0,0,1,0,1,0,0
"963","8/19/2002",1948,"M","B","Plea","10/18/2002","12/19/2002",1,"dist",0,"cocaine","0",36,0,0,1,1,1,1,1,1,1,1,0,"0",0,"0",0,"0",0,"0",0,"0",0,"0",0,"0",0,"0",0,"0",0,336,135826,"1",17714,17898,18049,36,9999,0,0,15571,54,2916,1,0,0,0,0,0,0,0,0,1,9,1,0,1,0,0,0,0,0,1,1,0,0
"964","3/17/2003",1982,"M","B","Plea","2/25/2004","4/21/2004",1,"pwid",0,"marijuana","0",2,0,0,1,0,1,0,0,0,0,0,1,"5/10/2007",0,"0",1,"5/10/2007",0,"0",0,"0",0,"0",0,"0",0,"0",0,"0",0,1292,162775,"3",17714,17898,18049,2,1110,0,0,15781,21,441,1,0,0,0,0,0,0,0,0,1,9,1,1,0,0,0,0,0,1,0,1,0,0
"965","10/11/2002",1982,"M","B","Jury trial guilty","4/9/2003","6/17/2003",1,"dist",0,"marijuana","0",5,0,0,1,1,1,0,1,0,0,0,1,"3/28/2005",0,"0",0,"0",0,"0",0,"0",0,"0",0,"0",0,"0",0,"0",0,485,164363,"1",17714,17898,18049,5,569,0,0,15624,20,400,1,0,0,0,0,0,0,0,0,1,9,1,1,0,0,0,0,0,0,1,1,0,0
"966","3/13/2003",1977,"M","B","Plea","7/25/2003","11/10/2003",3,"dist, pwid",1,"cocaine","marijuana",24,0,0,1,1,0,0,0,0,0,0,1,"8/1/2003",1,"8/01/2003",1,"8/01/2003",1,"8/01/2003",1,"4/16/2006",0,"0",0,"0",0,"0",0,"0",0,1140,45295,"3",17714,17898,18049,24,0,0,0,15777,26,676,1,0,0,0,0,0,0,0,0,1,9,1,1,1,0,0,0,0,1,1,1,0,0
"967","1/13/2003",1962,"M","B","Grand jury dismissal","11/10/2003","0",3,"pwid",0,"cocaine","heroin",0,0,0,1,1,1,1,1,1,1,1,1,"3/22/2004",0,"0",1,"11/30/2007",0,"0",1,"1/18/2008",0,"0",1,"1/18/2008",0,"0",0,"0",0,839,17553,"3",17714,17898,18049,0,133,0,0,15718,41,1681,1,0,0,0,0,0,0,0,0,1,9,0,0,1,0,1,0,0,1,0,0,0,0
"968","11/28/2002",1976,"M","B","Plea","5/28/2003","7/29/2003",1,"dist",0,"crack","0",60,60,24,1,1,0,0,1,1,0,0,1,"1/28/2006",0,"0",0,"0",0,"0",0,"0",0,"0",0,"0",0,"0",0,"0",0,674,188920,"1",17714,17898,18049,0,976,0,0,15672,26,676,1,0,0,0,0,0,0,0,0,1,9,0,0,0,1,0,0,0,0,1,1,1,1440
"969","2/12/2003",1974,"M","B","Plea","4/20/2004","9/13/2004",1,"dist",0,"cocaine","0",24,0,0,1,1,1,1,1,1,1,1,0,"0",0,"0",0,"0",0,"0",0,"0",0,"0",0,"0",0,"0",0,"0",0,3006,32503,"2",17714,17898,18049,24,9999,0,0,15748,29,841,1,0,0,0,0,0,0,0,0,1,9,1,0,1,0,0,0,0,0,1,1,0,0
"970","6/22/2002",1967,"M","B","Plea","7/17/2003","9/12/2003",2,"dist, pwid",1,"cocaine","0",3,0,0,1,1,1,1,1,1,1,1,0,"0",0,"0",0,"0",0,"0",0,"0",0,"0",0,"0",0,"0",0,"0",0,89,104414,"1",17714,17898,18049,3,9999,0,0,15513,35,1225,1,0,0,0,0,0,0,0,0,1,9,1,0,1,0,0,0,0,1,1,1,0,0
"971","11/9/2002",1956,"M","B","Plea","1/30/2003","4/2/2003",1,"dist",0,"heroin","0",24,0,0,1,1,1,1,1,1,1,1,1,"7/17/2006",1,"7/17/2006",1,"7/17/2006",1,"7/17/2006",1,"10/20/2006",0,"0",0,"0",0,"0",0,"0",0,596,178803,"1",17714,17898,18049,24,544,0,0,15653,46,2116,1,0,0,0,0,0,0,0,0,1,9,1,0,0,0,1,0,0,0,1,1,0,0
"972","7/20/2002",1974,"M","B","Dismissed","10/28/2002","",1,"dist",0,"cocaine","0",0,0,0,1,1,1,1,1,1,1,1,1,"2/23/2004",0,"0",0,"0",0,"0",0,"0",0,"0",0,"0",0,"0",0,"0",0,221,120149,"1",17714,17898,18049,0,483,0,0,15541,28,784,1,0,0,0,0,0,0,0,0,1,9,0,0,1,0,0,0,0,0,1,0,0,0
"973","4/24/2003",1964,"M","B","Plea","7/28/2003","10/1/2003",1,"dist",0,"heroin","0",12,0,0,1,1,1,1,1,1,1,1,1,"11/23/2004",0,"0",0,"0",0,"0",0,"0",0,"0",0,"0",0,"0",0,"0",1,1219,63909,"2",17714,17898,18049,12,124,0,0,15819,39,1521,1,0,0,0,0,0,0,0,0,1,9,1,0,0,0,1,0,0,0,1,1,0,0
"974","11/19/2002",1941,"F","B","Plea","1/23/2003","3/7/2003",1,"dist",0,"other","0",6,6,12,1,0,1,0,1,0,1,0,1,"7/5/2004",1,"7/05/2004",1,"7/05/2004",1,"7/05/2004",1,"9/02/2004",1,"9/02/2004",1,"9/02/2004",1,"9/02/2004",0,"0",0,627,NA,"1",17714,17898,18049,0,529,1,0,15663,61,3721,1,0,0,0,0,0,0,0,0,1,9,0,0,0,0,0,0,1,0,1,1,1,72
"975","2/12/2003",1955,"M","B","Plea","11/3/2003","4/21/2004",1,"dist",0,"cocaine","0",24,24,24,1,1,1,0,1,1,1,0,0,"0",0,"0",0,"0",0,"0",0,"0",0,"0",0,"0",0,"0",1,"12/09/2005",1,1003,32498,"2",17714,17898,18049,0,9999,0,0,15748,48,2304,1,0,0,0,0,0,0,0,0,1,9,0,0,1,0,0,0,0,0,1,1,1,576
"976","12/13/2002",1969,"M","W","Plea","3/10/2003","05/12/03",1,"pwid",0,"other","0",6,6,18,0,0,0,0,0,0,0,0,0,"0",0,"0",0,"0",0,"0",0,"0",0,"0",0,"0",0,"0",0,"0",0,721,195618,"1",17714,17898,18049,0,9999,0,1,15687,33,1089,1,0,0,0,0,0,0,0,0,1,9,0,0,0,0,0,0,1,1,0,1,1,108
"977","8/2/2002",1972,"M","B","Plea","3/25/2003","8/19/2003",1,"dist",0,"crack","0",12,0,0,1,1,1,1,1,1,1,1,1,"2/22/2005",1,"2/22/2005",1,"3/26/2005",1,"3/26/2005",0,"0",0,"0",0,"0",0,"0",0,"0",0,289,37275,"1",17714,17898,18049,12,340,0,0,15554,30,900,1,0,0,0,0,0,0,0,0,1,9,1,0,0,1,0,0,0,0,1,1,0,0
"978","3/10/2003",1984,"M","B","Plea","6/24/2003","8/20/2003",7,"pwid",1,"cocaine","marijuana",24,24,24,1,1,1,1,0,0,0,0,1,"2/13/2004",1,"2/13/2004",1,"10/05/2006",1,"10/05/2006",1,"5/18/2005",1,"5/18/2005",0,"0",0,"0",1,"2/23/2005",0,848,18647,"2",17714,17898,18049,0,234,0,0,15774,19,361,1,0,0,0,0,0,0,0,0,1,9,0,1,1,0,0,0,0,1,0,1,1,576
"979","8/8/2002",1981,"M","B","Plea","10/1/2002","12/4/2002",1,"dist",0,"cocaine","0",12,0,0,1,1,1,0,1,1,1,0,1,"1/30/2004",1,"1/30/2004",1,"1/30/2004",1,"1/30/2004",0,"0",0,"0",0,"0",0,"0",0,"0",1,303,130433,"1",17714,17898,18049,12,126,0,0,15560,21,441,1,0,0,0,0,0,0,0,0,1,9,1,0,1,0,0,0,0,0,1,1,0,0
"980","2/22/2003",1977,"M","B","Plea","10/6/2003","12/10/2003",1,"dist",0,"other","0",24,24,24,1,1,1,1,1,1,1,1,0,"10/8/2008",0,"0",1,"10/08/2008",0,"0",0,"0",0,"0",0,"0",0,"0",1,"6/08/2005",0,1049,36317,"2",17714,17898,18049,0,1829,0,0,15758,26,676,1,0,0,0,0,0,0,0,0,1,9,0,0,0,0,0,0,1,0,1,1,1,576
"981","12/13/2002",1978,"M","B","Plea","3/4/2003","5/15/2003",1,"dist",0,"crack","0",48,48,24,1,1,0,0,1,1,0,0,1,"10/30/2003",1,"10/30/2003",1,"9/15/2005",1,"9/15/2005",1,"1/18/2006",1,"1/18/2006",1,"1/18/2006",1,"1/18/2006",0,"0",0,725,195802,"1",17714,17898,18049,0,240,0,0,15687,24,576,1,0,0,0,0,0,0,0,0,1,9,0,0,0,1,0,0,0,0,1,1,1,1152
"982","1/30/2003",1957,"M","B","Plea","3/31/2003","8/6/2003",1,"pwid",0,"crack","0",5,0,0,1,1,1,1,1,1,1,1,1,"5/27/2003",0,"0",0,"0",0,"0",0,"0",0,"0",0,"0",0,"0",0,"0",0,938,26152,"2",17714,17898,18049,5,0,0,0,15735,46,2116,1,0,0,0,0,0,0,0,0,1,9,1,0,0,1,0,0,0,1,0,1,0,0
"983","7/12/2002",1955,"M","B","Plea","11/6/2002","1/22/2003",1,"dist",0,"cocaine","0",36,36,36,1,1,1,1,1,1,0,0,0,"0",0,"0",0,"0",0,"0",0,"0",0,"0",0,"0",0,"0",0,"0",0,175,115402,"1",17714,17898,18049,0,9999,0,0,15533,47,2209,1,0,0,0,0,0,0,0,0,1,9,0,0,1,0,0,0,0,0,1,1,1,1296
"984","2/3/2003",1961,"M","B","Plea","3/25/2003","6/26/2003",1,"dist",0,"heroin","0",36,36,24,1,1,1,1,1,1,1,1,1,"10/20/2006",0,"0",0,"0",0,"0",0,"0",0,"0",0,"0",0,"0",0,"0",0,962,27518,"3",17714,17898,18049,0,1305,0,0,15739,42,1764,1,0,0,0,0,0,0,0,0,1,9,0,0,0,0,1,0,0,0,1,1,1,864
"985","2/12/2003",1952,"M","B","Plea","5/12/2003","5/12/2003",1,"dist",0,"cocaine","0",6,0,0,1,1,1,1,1,1,1,1,1,"5/10/2005",0,"0",0,"0",0,"0",0,"0",0,"0",0,"0",0,"0",0,"0",1,1003,32498,"2",17714,17898,18049,6,549,0,0,15748,51,2601,1,0,0,0,0,0,0,0,0,1,9,1,0,1,0,0,0,0,0,1,1,0,0
"986","6/29/2002",1964,"F","B","Plea","11/10/2003","1/5/2004",1,"dist",0,"crack","0",6,6,24,0,0,0,0,0,0,0,0,1,"9/27/2007",0,"0",0,"0",0,"0",0,"0",0,"0",0,"0",0,"0",1,"5/10/2004",0,108,108399,"1",17714,17898,18049,0,1417,1,0,15520,38,1444,1,0,0,0,0,0,0,0,0,1,9,0,0,0,1,0,0,0,0,1,1,1,144
"987","3/24/2003",1955,"M","B","Plea","7/15/2003","9/9/2003",1,"pwid",0,"heroin","0",12,0,0,1,1,1,1,1,1,1,1,0,"0",0,"0",0,"0",0,"0",0,"0",0,"0",0,"0",0,"0",0,"0",0,1170,50726,"2",17714,17898,18049,12,9999,0,0,15788,48,2304,1,0,0,0,0,0,0,0,0,1,9,1,0,0,0,1,0,0,1,0,1,0,0
"988","9/6/2002",1972,"M","B","Plea","11/13/2002","",1,"dist",0,"cocaine","0",24,0,0,1,1,1,1,1,1,1,0,1,"9/9/2005",1,"9/09/2005",1,"9/09/2005",1,"9/09/2005",1,"4/19/2006",1,"4/19/2006",1,"4/19/2006",1,"4/19/2006",0,"0",0,387,145893,"1",17714,17898,18049,24,311,0,0,15589,30,900,1,0,0,0,0,0,0,0,0,1,9,1,0,1,0,0,0,0,0,1,1,0,0
"989","7/1/2002",1954,"M","B","Plea","9/26/2002","12/10/2002",1,"dist",0,"heroin","0",24,24,24,1,1,1,1,1,1,1,1,1,"5/17/2003",1,"5/17/2003",1,"5/17/2003",1,"5/17/2003",0,"0",0,"0",0,"0",0,"0",1,"4/09/2003",0,115,108689,"1",17714,17898,18049,0,233,0,0,15522,48,2304,1,0,0,0,0,0,0,0,0,1,9,0,0,0,0,1,0,0,0,1,1,1,576
"990","6/26/2002",1951,"F","B","Plea","8/2/2002","8/2/2002",1,"pwid",0,"heroin","0",2,0,0,1,1,1,1,1,1,1,1,0,"0",0,"0",0,"0",0,"0",0,"0",0,"0",0,"0",0,"0",0,"0",0,101,106692,"1",17714,17898,18049,2,9999,1,0,15517,51,2601,1,0,0,0,0,0,0,0,0,1,9,1,0,0,0,1,0,0,1,0,1,0,0
"991","1/9/2003",1979,"M","B","Dismissed","9/11/2003","",1,"dist",1,"marijuana","0",0,0,0,1,0,1,0,0,0,0,0,0,"0",0,"0",0,"0",0,"0",0,"0",0,"0",0,"0",0,"0",0,"0",0,814,3016099,"1",17714,17898,18049,0,9999,0,0,15714,24,576,1,0,0,0,0,0,0,0,0,1,9,0,1,0,0,0,0,0,0,1,0,0,0
"992","7/17/2002",1979,"M","B","Dismissed","9/6/2002","",1,"pwid",0,"crack","marijuana",0,0,0,1,1,1,0,0,0,0,0,1,"4/14/2004",0,"0",1,"4/14/2004",0,"0",1,"7/07/2004",0,"0",1,"7/07/2004",0,"0",0,"0",0,200,118150,"1",17714,17898,18049,0,586,0,0,15538,23,529,1,0,0,0,0,0,0,0,0,1,9,0,1,0,1,0,0,0,1,0,0,0,0
"993","1/30/2003",1968,"M","B","Plea","3/28/2003","5/28/2003",1,"dist",0,"cocaine","0",24,24,24,1,1,1,1,1,1,1,1,1,"1/8/2004",1,"1/08/2004",1,"1/08/2004",1,"1/08/2004",1,"7/20/2004",1,"7/20/2004",1,"7/20/2004",1,"7/20/2004",1,"9/29/2004",0,925,25782,"2",17714,17898,18049,0,286,0,0,15735,35,1225,1,0,0,0,0,0,0,0,0,1,9,0,0,1,0,0,0,0,0,1,1,1,576
"994","12/4/2002",1983,"F","B","Dismissed","3/10/2003","",1,"pwid",0,"cocaine","marijuana",0,0,0,1,0,1,0,0,0,0,0,1,"5/17/2005",1,"5/17/2005",0,"0",0,"0",0,"0",0,"0",0,"0",0,"0",0,"0",0,699,191643,"1",17714,17898,18049,0,799,1,0,15678,19,361,1,0,0,0,0,0,0,0,0,1,9,0,1,1,0,0,0,0,1,0,0,0,0
"995","10/12/2002",1965,"M","B","Bench trial guilty","1/16/2003","2/13/2004",1,"pwid",0,"cocaine","0",36,0,0,1,1,0,0,1,1,0,0,0,"0",0,"0",0,"0",0,"0",0,"0",0,"0",0,"0",0,"0",0,"0",0,491,164924,"1",17714,17898,18049,36,9999,0,0,15625,37,1369,1,0,0,0,0,0,0,0,0,1,9,1,0,1,0,0,0,0,1,0,1,0,0
"996","11/23/2002",1969,"M","B","Plea","3/25/2004","5/26/2004",1,"dist",1,"cocaine","0",21,0,0,1,1,1,1,1,1,1,1,1,"7/24/2004",0,"0",1,"6/27/2005",0,"0",0,"0",0,"0",0,"0",0,"0",0,"0",0,648,186461,"1",17714,17898,18049,21,0,0,0,15667,33,1089,1,0,0,0,0,0,0,0,0,1,9,1,0,1,0,0,0,0,0,1,1,0,0
"997","6/8/2002",1977,"M","B","Plea","9/25/2002","11/26/2002",1,"dist",0,"cocaine","0",18,18,18,1,1,0,0,1,0,0,0,0,"0",0,"0",0,"0",0,"0",0,"0",0,"0",0,"0",0,"0",0,"0",1,35,96795,"1",17714,17898,18049,0,9999,0,0,15499,25,625,1,0,0,0,0,0,0,0,0,1,9,0,0,1,0,0,0,0,0,1,1,1,324
"998","11/30/2002",1970,"M","B","Dismissed","2/5/2003","",1,"dist",0,"marijuana","0",0,0,0,1,1,1,1,1,1,1,0,1,"3/13/2004",0,"0",0,"0",0,"0",0,"0",0,"0",0,"0",0,"0",0,"0",0,683,189686,"1",17714,17898,18049,0,402,0,0,15674,32,1024,1,0,0,0,0,0,0,0,0,1,9,0,1,0,0,0,0,0,0,1,0,0,0
"999","3/6/2003",1976,"M","B","Plea","6/12/2003","11/14/2003",1,"dist",0,"cocaine","0",24,24,24,1,1,0,0,1,1,0,0,1,"12/3/2003",1,"12/03/2003",0,"0",0,"0",0,"0",0,"0",0,"0",0,"0",0,"0",0,1110,41883,"2",17714,17898,18049,0,174,0,0,15770,27,729,1,0,0,0,0,0,0,0,0,1,9,0,0,1,0,0,0,0,0,1,1,1,576
"1000","10/21/2002",1980,"F","B","Plea","5/2/2003","11/5/2003",2,"pwid",0,"crack","heroin",1,0,0,1,0,0,0,0,0,0,0,0,"0",0,"0",0,"0",0,"0",0,"0",0,"0",0,"0",0,"0",0,"0",0,520,168593,"1",17714,17898,18049,1,9999,1,0,15634,22,484,1,0,0,0,0,0,0,0,0,1,9,1,0,0,1,1,0,0,1,0,1,0,0
"1001","6/22/2002",1971,"M","W","Plea","11/17/2003","1/13/2004",1,"dist",0,"cocaine","0",6,0,0,1,1,0,0,0,0,0,0,0,"0",0,"0",0,"0",0,"0",0,"0",0,"0",0,"0",0,"0",0,"0",0,2086,104790,"1",17714,17898,18049,6,9999,0,1,15513,31,961,1,0,0,0,0,0,0,0,0,1,9,1,0,1,0,0,0,0,0,1,1,0,0
"1002","11/19/2002",1961,"M","B","Plea","1/24/2003","3/21/2003",1,"dist",0,"heroin","0",36,0,0,1,1,1,1,1,1,1,1,1,"8/8/2005",1,"8/08/2005",1,"8/08/2005",1,"8/08/2005",1,"1/04/2006",1,"1/04/2006",1,"1/04/2006",1,"1/04/2006",0,"0",0,626,NA,"1",17714,17898,18049,36,0,0,0,15663,41,1681,1,0,0,0,0,0,0,0,0,1,9,1,0,0,0,1,0,0,0,1,1,0,0
"1003","11/9/2002",1961,"F","B","Plea","1/30/2003","5/2/2003",1,"dist",0,"heroin","0",0,0,12,1,0,0,0,0,0,0,0,1,"1/28/2004",1,"4/01/2006",1,"1/28/2004",1,"4/01/2006",1,"4/26/2004",1,"6/29/2006",1,"4/26/2004",1,"6/29/2006",1,"2/04/2004",0,597,29033,"1",17714,17898,18049,0,363,1,0,15653,41,1681,1,0,0,0,0,0,0,0,0,1,9,0,0,0,0,1,0,0,0,1,1,1,0
