,id,age,gender,nonblack,marijuana,cocaine,crack,heroin,pcp,otherdrug,nondrug,priorarr,priorfelarr,priordrugarr,priorfeldrugarr,priorcon,priorfelcon,priordrugcon,priorfeldrugcon,pwid,dist,laterarr,oob_preds,selected_drugs,arrest_conviction,pwid_dist,_orig_order,pair_group,pair_group_size
0,332,38,male,not Black,1,0,0,0,0,0,0,1,1,1,1,1,1,1,1,0,1,0,0.023809523809523808,marijuana,"In the past, they were arrested and convicted on a felony drug charge.",charged with distribution of marijuana,331,0,100
1,544,21,male,not Black,1,0,1,0,0,0,0,0,0,0,0,0,0,0,0,1,0,0,0.02702702702702703,marijuana and crack,They have no prior arrests.,charged with possession and intent to distribute marijuana and crack,543,0,100
2,741,19,male,not Black,0,0,1,0,0,0,1,0,0,0,0,0,0,0,0,1,0,0,0.04054054054054054,crack,They have no prior arrests.,charged with possession and intent to distribute crack. They also were charged with at least one non-drug related charge,740,0,100
3,394,26,male,not Black,1,0,0,0,0,0,0,1,1,1,0,1,0,1,0,0,1,1,0.043478260869565216,marijuana,"In the past, they were arrested and convicted on a non-felony drug related charge.In additon, they have been arrested for a felony charge in the past, but they weren't convicted of it.",charged with distribution of marijuana,393,0,100
4,591,19,male,not Black,0,1,0,0,0,0,0,0,0,0,0,0,0,0,0,1,1,1,0.046875,cocaine,They have no prior arrests.,charged with possession and intent to distribute cocaine,590,0,100
5,423,20,male,not Black,1,0,0,0,0,0,0,1,0,1,0,1,0,1,0,1,0,0,0.04838709677419355,marijuana,"In the past, they were arrested and convicted on a non-felony drug related charge.",charged with possession and intent to distribute marijuana,422,0,100
6,385,19,male,not Black,0,1,0,0,0,0,0,0,0,0,0,0,0,0,0,1,0,0,0.05405405405405406,cocaine,They have no prior arrests.,charged with possession and intent to distribute cocaine,384,0,100
7,913,23,male,not Black,0,1,0,0,0,0,0,1,1,1,1,1,1,1,1,1,0,0,0.05555555555555555,cocaine,"In the past, they were arrested and convicted on a felony drug charge.",charged with possession and intent to distribute cocaine,912,0,100
8,450,23,male,not Black,1,1,0,0,0,0,0,0,0,0,0,0,0,0,0,1,0,0,0.05555555555555555,marijuana and cocaine,They have no prior arrests.,charged with possession and intent to distribute marijuana and cocaine,449,0,100
9,292,19,male,not Black,0,1,0,0,0,0,0,0,0,0,0,0,0,0,0,0,1,0,0.06578947368421052,cocaine,They have no prior arrests.,charged with distribution of cocaine,291,0,100
10,808,20,male,not Black,0,0,1,0,0,0,0,0,0,0,0,0,0,0,0,1,0,0,0.0684931506849315,crack,They have no prior arrests.,charged with possession and intent to distribute crack,807,0,100
11,384,37,male,not Black,0,0,0,1,0,0,1,1,1,1,1,1,1,1,1,1,0,0,0.0684931506849315,heroin,"In the past, they were arrested and convicted on a felony drug charge.",charged with possession and intent to distribute heroin. They also were charged with at least one non-drug related charge,383,0,100
12,465,24,male,not Black,1,0,0,0,0,0,0,1,1,1,0,1,1,1,0,1,1,0,0.07575757575757576,marijuana,"In the past, they were arrested and convicted on two separate charges, one of which was a felony and one of which was drug related.",charged with possession and intent to distribute marijuana,464,0,100
13,801,22,male,not Black,0,1,0,0,0,0,1,1,1,1,1,1,1,1,1,1,0,0,0.07692307692307693,cocaine,"In the past, they were arrested and convicted on a felony drug charge.",charged with possession and intent to distribute cocaine. They also were charged with at least one non-drug related charge,800,0,100
14,328,20,male,not Black,0,0,0,0,1,0,0,0,0,0,0,0,0,0,0,1,0,1,0.08,pcp,They have no prior arrests.,charged with possession and intent to distribute pcp,327,0,100
15,971,46,male,not Black,0,0,0,1,0,0,0,1,1,1,1,1,1,1,1,0,1,1,0.08823529411764706,heroin,"In the past, they were arrested and convicted on a felony drug charge.",charged with distribution of heroin,970,0,100
16,799,20,male,not Black,0,0,1,0,0,0,1,1,1,1,0,1,0,1,0,1,0,1,0.09090909090909091,crack,"In the past, they were arrested and convicted on a non-felony drug related charge.In additon, they have been arrested for a felony charge in the past, but they weren't convicted of it.",charged with possession and intent to distribute crack. They also were charged with at least one non-drug related charge,798,0,100
17,316,20,male,not Black,0,1,0,0,0,0,0,1,0,1,0,0,0,0,0,0,1,1,0.09210526315789473,cocaine,"In the past, they were arrested on a non-felony drug related charge, but they weren't convicted of it.",charged with distribution of cocaine,315,0,100
18,533,22,male,not Black,0,1,0,0,0,0,0,1,0,1,0,1,0,1,0,0,1,0,0.09375,cocaine,"In the past, they were arrested and convicted on a non-felony drug related charge.",charged with distribution of cocaine,532,0,100
19,313,21,male,not Black,0,1,0,0,0,0,0,1,0,1,0,0,0,0,0,0,1,1,0.0958904109589041,cocaine,"In the past, they were arrested on a non-felony drug related charge, but they weren't convicted of it.",charged with distribution of cocaine,312,0,100
20,554,20,male,not Black,0,0,1,0,0,0,1,1,1,1,1,1,1,1,1,1,0,1,0.0958904109589041,crack,"In the past, they were arrested and convicted on a felony drug charge.",charged with possession and intent to distribute crack. They also were charged with at least one non-drug related charge,553,0,100
21,104,32,male,not Black,1,0,0,0,0,0,0,1,1,1,1,1,1,1,1,0,1,0,0.10144927536231885,marijuana,"In the past, they were arrested and convicted on a felony drug charge.",charged with distribution of marijuana,103,0,100
22,580,34,male,not Black,1,0,0,0,0,0,0,1,1,1,1,1,1,1,1,0,1,0,0.1038961038961039,marijuana,"In the past, they were arrested and convicted on a felony drug charge.",charged with distribution of marijuana,579,0,100
23,128,20,male,not Black,0,0,1,0,0,0,0,0,0,0,0,0,0,0,0,0,1,0,0.10975609756097561,crack,They have no prior arrests.,charged with distribution of crack,127,0,100
24,800,38,male,not Black,1,0,0,0,0,0,0,1,1,1,1,1,1,1,1,1,0,1,0.10975609756097561,marijuana,"In the past, they were arrested and convicted on a felony drug charge.",charged with possession and intent to distribute marijuana,799,0,100
25,476,20,male,not Black,0,1,0,0,0,0,0,0,0,0,0,0,0,0,0,0,1,1,0.1125,cocaine,They have no prior arrests.,charged with distribution of cocaine,475,0,100
26,600,19,male,not Black,0,1,0,0,0,0,0,0,0,0,0,0,0,0,0,0,1,1,0.11764705882352941,cocaine,They have no prior arrests.,charged with distribution of cocaine,599,0,100
27,599,25,male,not Black,0,0,1,0,0,0,0,1,1,1,1,1,1,1,1,1,0,1,0.11940298507462686,crack,"In the past, they were arrested and convicted on a felony drug charge.",charged with possession and intent to distribute crack,598,0,100
28,583,25,male,not Black,1,0,0,0,0,0,0,1,1,1,1,1,1,1,1,0,1,0,0.12,marijuana,"In the past, they were arrested and convicted on a felony drug charge.",charged with distribution of marijuana,582,0,100
29,439,43,female,not Black,0,1,0,0,0,0,0,1,1,1,1,1,1,1,1,0,1,0,0.12048192771084337,cocaine,"In the past, they were arrested and convicted on a felony drug charge.",charged with distribution of cocaine,438,0,100
30,916,20,male,not Black,0,1,0,0,0,0,0,1,1,1,1,0,0,0,0,1,0,1,0.12345679012345678,cocaine,"In the past, they were arrested on a felony drug charge, but they weren't convicted of it.",charged with possession and intent to distribute cocaine,915,0,100
31,712,19,male,not Black,0,1,0,0,0,0,0,0,0,0,0,0,0,0,0,1,0,1,0.125,cocaine,They have no prior arrests.,charged with possession and intent to distribute cocaine,711,0,100
32,529,19,male,not Black,0,1,0,0,0,0,0,1,0,1,0,0,0,0,0,1,1,1,0.12698412698412698,cocaine,"In the past, they were arrested on a non-felony drug related charge, but they weren't convicted of it.",charged with possession and intent to distribute cocaine,528,0,100
33,598,20,male,not Black,0,0,0,1,0,0,0,0,0,0,0,0,0,0,0,1,1,0,0.13157894736842105,heroin,They have no prior arrests.,charged with possession and intent to distribute heroin,597,0,100
34,266,21,male,not Black,0,1,0,0,0,0,0,0,0,0,0,0,0,0,0,0,1,1,0.1323529411764706,cocaine,They have no prior arrests.,charged with distribution of cocaine,265,0,100
35,804,21,male,not Black,0,1,0,0,0,0,0,1,1,1,1,1,1,1,1,0,1,1,0.13580246913580246,cocaine,"In the past, they were arrested and convicted on a felony drug charge.",charged with distribution of cocaine,803,0,100
36,656,24,male,not Black,1,0,0,0,0,0,0,1,1,1,1,1,1,1,1,1,1,1,0.13793103448275862,marijuana,"In the past, they were arrested and convicted on a felony drug charge.",charged with possession and intent to distribute marijuana,655,0,100
37,276,21,male,not Black,0,1,0,0,0,0,0,0,0,0,0,0,0,0,0,0,1,1,0.13846153846153847,cocaine,They have no prior arrests.,charged with distribution of cocaine,275,0,100
38,241,21,male,not Black,1,1,0,0,0,0,0,1,1,1,1,1,1,0,0,1,1,1,0.13924050632911392,marijuana and cocaine,"In the past, they were arrested and convicted on a felony charge.In addition, they have been arrested for a felony drug charge in the past, but they weren't convicted of it.",charged with possession and intent to distribute marijuana and cocaine,240,0,100
39,290,21,male,not Black,0,1,0,0,0,0,0,0,0,0,0,0,0,0,0,1,1,1,0.140625,cocaine,They have no prior arrests.,charged with possession and intent to distribute cocaine,289,0,100
40,642,18,male,not Black,0,0,1,0,0,0,0,0,0,0,0,0,0,0,0,0,1,1,0.14285714285714285,crack,They have no prior arrests.,charged with distribution of crack,641,0,100
41,766,19,male,not Black,0,1,0,0,0,0,0,0,0,0,0,0,0,0,0,0,1,1,0.14285714285714285,cocaine,They have no prior arrests.,charged with distribution of cocaine,765,0,100
42,582,20,male,not Black,0,0,1,0,0,0,0,1,1,1,1,1,1,1,1,1,0,1,0.14285714285714285,crack,"In the past, they were arrested and convicted on a felony drug charge.",charged with possession and intent to distribute crack,581,0,100
43,709,18,male,not Black,0,0,1,0,0,0,1,1,1,1,0,1,0,1,0,1,0,1,0.14473684210526316,crack,"In the past, they were arrested and convicted on a non-felony drug related charge.In additon, they have been arrested for a felony charge in the past, but they weren't convicted of it.",charged with possession and intent to distribute crack. They also were charged with at least one non-drug related charge,708,0,100
44,882,41,male,not Black,1,0,0,0,0,0,0,1,1,1,1,1,1,1,1,1,0,1,0.14473684210526316,marijuana,"In the past, they were arrested and convicted on a felony drug charge.",charged with possession and intent to distribute marijuana,881,0,100
45,991,24,male,not Black,1,0,0,0,0,0,1,1,0,1,0,0,0,0,0,0,1,0,0.14666666666666667,marijuana,"In the past, they were arrested on a non-felony drug related charge, but they weren't convicted of it.",charged with distribution of marijuana. They also were charged with at least one non-drug related charge,990,0,100
46,964,21,male,not Black,1,0,0,0,0,0,0,1,0,1,0,0,0,0,0,1,0,1,0.14666666666666667,marijuana,"In the past, they were arrested on a non-felony drug related charge, but they weren't convicted of it.",charged with possession and intent to distribute marijuana,963,0,100
47,764,31,male,not Black,0,0,1,0,0,0,0,1,1,1,0,1,1,1,0,1,0,0,0.14814814814814814,crack,"In the past, they were arrested and convicted on two separate charges, one of which was a felony and one of which was drug related.",charged with possession and intent to distribute crack,763,0,100
48,183,42,male,not Black,0,0,0,1,0,0,0,1,1,1,1,1,1,1,1,0,1,0,0.14925373134328357,heroin,"In the past, they were arrested and convicted on a felony drug charge.",charged with distribution of heroin,182,0,100
49,576,53,male,not Black,0,0,0,1,0,0,0,1,1,1,1,1,1,1,1,1,0,0,0.15,heroin,"In the past, they were arrested and convicted on a felony drug charge.",charged with possession and intent to distribute heroin,575,0,100
50,787,28,male,not Black,1,0,1,0,0,0,1,1,1,1,1,1,1,1,0,1,0,1,0.1506849315068493,marijuana and crack,"In the past, they were arrested and convicted on two separate charges, one of which was a felony and one of which was drug related.In addition, they have been arrested for a felony drug charge in the past, but they weren't convicted of it. ",charged with possession and intent to distribute marijuana and crack. They also were charged with at least one non-drug related charge,786,0,100
51,105,22,male,not Black,0,1,0,0,0,0,0,0,0,0,0,0,0,0,0,0,1,0,0.1506849315068493,cocaine,They have no prior arrests.,charged with distribution of cocaine,104,0,100
52,593,18,male,not Black,0,1,0,0,0,0,0,0,0,0,0,0,0,0,0,0,1,1,0.1518987341772152,cocaine,They have no prior arrests.,charged with distribution of cocaine,592,0,100
53,906,21,male,not Black,0,0,0,0,1,0,0,1,0,1,0,0,0,0,0,1,0,1,0.15217391304347827,pcp,"In the past, they were arrested on a non-felony drug related charge, but they weren't convicted of it.",charged with possession and intent to distribute pcp,905,0,100
54,635,24,male,not Black,1,1,0,0,0,0,0,0,0,0,0,0,0,0,0,1,0,0,0.1527777777777778,marijuana and cocaine,They have no prior arrests.,charged with possession and intent to distribute marijuana and cocaine,634,0,100
55,288,30,male,not Black,1,0,0,1,0,0,0,1,1,1,1,1,1,1,1,1,1,0,0.15384615384615385,marijuana and heroin,"In the past, they were arrested and convicted on a felony drug charge.",charged with possession and intent to distribute marijuana and heroin,287,0,100
56,984,42,male,not Black,0,0,0,1,0,0,0,1,1,1,1,1,1,1,1,0,1,1,0.15476190476190477,heroin,"In the past, they were arrested and convicted on a felony drug charge.",charged with distribution of heroin,983,0,100
57,283,21,male,not Black,0,0,1,0,0,0,0,1,1,1,1,1,1,1,1,1,0,1,0.15584415584415584,crack,"In the past, they were arrested and convicted on a felony drug charge.",charged with possession and intent to distribute crack,282,0,100
58,621,19,male,not Black,0,0,0,0,1,0,0,1,0,1,0,0,0,0,0,1,0,1,0.15584415584415584,pcp,"In the past, they were arrested on a non-felony drug related charge, but they weren't convicted of it.",charged with possession and intent to distribute pcp,620,0,100
59,969,29,male,not Black,0,1,0,0,0,0,0,1,1,1,1,1,1,1,1,0,1,0,0.15625,cocaine,"In the past, they were arrested and convicted on a felony drug charge.",charged with distribution of cocaine,968,0,100
60,652,22,male,not Black,0,1,0,0,0,0,1,0,0,0,0,0,0,0,0,0,1,0,0.1566265060240964,cocaine,They have no prior arrests.,charged with distribution of cocaine. They also were charged with at least one non-drug related charge,651,0,100
61,212,22,male,not Black,0,0,0,1,0,0,0,1,1,0,0,1,1,0,0,0,1,0,0.15714285714285714,heroin,"In the past, they were arrested and convicted on a felony charge.",charged with distribution of heroin,211,0,100
62,160,26,male,not Black,0,0,0,0,1,0,0,1,1,1,1,0,0,0,0,1,0,1,0.15714285714285714,pcp,"In the past, they were arrested on a felony drug charge, but they weren't convicted of it.",charged with possession and intent to distribute pcp,159,0,100
63,649,26,male,not Black,1,0,0,0,0,0,0,1,1,1,0,1,0,0,0,0,1,1,0.16,marijuana,"In the past, they were arrested and convicted of a crime, but it wasn't drug related or felony.In additon, they have been arrested for a felony charge in the past, but they weren't convicted of it.",charged with distribution of marijuana,648,0,100
64,478,21,male,not Black,0,1,0,0,0,0,0,1,0,1,0,0,0,0,0,1,0,1,0.16176470588235295,cocaine,"In the past, they were arrested on a non-felony drug related charge, but they weren't convicted of it.",charged with possession and intent to distribute cocaine,477,0,100
65,873,21,male,not Black,0,0,1,0,0,0,0,1,0,0,0,0,0,0,0,0,1,0,0.1643835616438356,crack,"In the past, they were arrested, but it wasn't a drug related or felony arrest, and they weren't convicted.",charged with distribution of crack,872,0,100
66,682,28,male,not Black,1,0,1,0,0,0,0,1,1,1,1,1,1,1,1,1,1,1,0.1643835616438356,marijuana and crack,"In the past, they were arrested and convicted on a felony drug charge.",charged with possession and intent to distribute marijuana and crack,681,0,100
67,638,22,male,not Black,0,0,1,1,0,0,0,0,0,0,0,0,0,0,0,1,0,1,0.1643835616438356,crack and heroin,They have no prior arrests.,charged with possession and intent to distribute crack and heroin,637,0,100
68,941,20,male,not Black,0,1,0,0,0,0,0,1,0,1,0,0,0,0,0,0,1,1,0.1643835616438356,cocaine,"In the past, they were arrested on a non-felony drug related charge, but they weren't convicted of it.",charged with distribution of cocaine,940,0,100
69,881,19,male,not Black,0,0,1,0,0,0,0,1,1,1,0,0,0,0,0,1,0,0,0.16455696202531644,crack,"In the past, they were arrested on two separate charges: one felony charge and one drug-related charge, but they weren't convicted of either.",charged with possession and intent to distribute crack,880,0,100
70,408,51,male,not Black,0,0,0,1,0,0,0,1,1,1,1,1,1,1,1,0,1,0,0.16666666666666666,heroin,"In the past, they were arrested and convicted on a felony drug charge.",charged with distribution of heroin,407,0,100
71,356,19,male,not Black,0,1,0,0,0,0,0,1,1,1,0,1,0,0,0,1,0,1,0.16666666666666666,cocaine,"In the past, they were arrested and convicted of a crime, but it wasn't drug related or felony.In additon, they have been arrested for a felony charge in the past, but they weren't convicted of it.",charged with possession and intent to distribute cocaine,355,0,100
72,420,22,male,not Black,0,0,1,0,0,0,0,1,1,0,0,0,0,0,0,1,0,1,0.16666666666666666,crack,"In the past, they were arrested on a felony charge, but they weren't convicted of it.",charged with possession and intent to distribute crack,419,0,100
73,647,24,male,not Black,1,0,0,0,0,0,0,1,1,1,1,1,1,1,1,1,1,1,0.16883116883116883,marijuana,"In the past, they were arrested and convicted on a felony drug charge.",charged with possession and intent to distribute marijuana,646,0,100
74,981,24,male,not Black,0,0,1,0,0,0,0,1,1,0,0,1,1,0,0,0,1,1,0.16901408450704225,crack,"In the past, they were arrested and convicted on a felony charge.",charged with distribution of crack,980,0,100
75,679,22,male,not Black,0,1,0,0,0,0,0,1,1,1,1,1,1,1,1,0,1,0,0.17073170731707318,cocaine,"In the past, they were arrested and convicted on a felony drug charge.",charged with distribution of cocaine,678,0,100
76,785,23,male,not Black,0,0,0,0,1,0,0,0,0,0,0,0,0,0,0,1,0,1,0.17105263157894737,pcp,They have no prior arrests.,charged with possession and intent to distribute pcp,784,0,100
77,896,20,male,not Black,0,1,0,0,0,0,0,1,1,1,0,0,0,0,0,0,1,1,0.171875,cocaine,"In the past, they were arrested on two separate charges: one felony charge and one drug-related charge, but they weren't convicted of either.",charged with distribution of cocaine,895,0,100
78,197,19,male,not Black,0,0,0,0,1,0,0,1,0,0,0,0,0,0,0,0,1,0,0.1728395061728395,pcp,"In the past, they were arrested, but it wasn't a drug related or felony arrest, and they weren't convicted.",charged with distribution of pcp,196,0,100
79,925,34,male,not Black,0,1,0,0,0,0,0,1,1,1,1,1,1,1,1,1,0,0,0.17391304347826086,cocaine,"In the past, they were arrested and convicted on a felony drug charge.",charged with possession and intent to distribute cocaine,924,0,100
80,698,35,male,not Black,0,0,0,1,0,0,0,1,1,1,1,1,1,1,1,1,1,0,0.17721518987341772,heroin,"In the past, they were arrested and convicted on a felony drug charge.",charged with possession and intent to distribute heroin,697,0,100
81,562,45,male,not Black,0,1,0,0,0,0,0,1,1,1,1,1,1,1,1,0,1,0,0.1774193548387097,cocaine,"In the past, they were arrested and convicted on a felony drug charge.",charged with distribution of cocaine,561,0,100
82,460,20,male,not Black,0,1,0,0,0,0,0,1,1,1,0,1,0,1,0,1,1,1,0.1797752808988764,cocaine,"In the past, they were arrested and convicted on a non-felony drug related charge.In additon, they have been arrested for a felony charge in the past, but they weren't convicted of it.",charged with possession and intent to distribute cocaine,459,0,100
83,779,21,male,not Black,1,0,1,0,0,0,1,1,0,1,0,1,0,1,0,1,0,1,0.1797752808988764,marijuana and crack,"In the past, they were arrested and convicted on a non-felony drug related charge.",charged with possession and intent to distribute marijuana and crack. They also were charged with at least one non-drug related charge,778,0,100
84,833,24,male,not Black,0,0,0,0,1,0,0,1,1,0,0,0,0,0,0,1,0,1,0.18055555555555555,pcp,"In the past, they were arrested on a felony charge, but they weren't convicted of it.",charged with possession and intent to distribute pcp,832,0,100
85,564,41,female,not Black,0,1,0,0,0,0,0,1,0,0,0,0,0,0,0,0,1,0,0.18309859154929578,cocaine,"In the past, they were arrested, but it wasn't a drug related or felony arrest, and they weren't convicted.",charged with distribution of cocaine,563,0,100
86,536,28,male,not Black,0,0,1,0,0,0,1,1,1,1,1,1,1,1,1,1,0,0,0.18421052631578946,crack,"In the past, they were arrested and convicted on a felony drug charge.",charged with possession and intent to distribute crack. They also were charged with at least one non-drug related charge,535,0,100
87,664,20,male,not Black,1,1,0,0,0,0,0,1,1,1,1,0,0,0,0,1,0,0,0.18571428571428572,marijuana and cocaine,"In the past, they were arrested on a felony drug charge, but they weren't convicted of it.",charged with possession and intent to distribute marijuana and cocaine,663,0,100
88,771,47,male,not Black,0,0,0,1,0,0,0,1,1,1,1,1,1,1,1,0,1,0,0.1875,heroin,"In the past, they were arrested and convicted on a felony drug charge.",charged with distribution of heroin,770,0,100
89,537,36,male,not Black,0,0,0,1,0,0,0,1,1,1,0,1,1,1,0,1,0,1,0.18840579710144928,heroin,"In the past, they were arrested and convicted on two separate charges, one of which was a felony and one of which was drug related.",charged with possession and intent to distribute heroin,536,0,100
90,319,37,male,not Black,0,1,0,0,0,0,0,1,1,1,1,1,1,1,1,1,0,0,0.1891891891891892,cocaine,"In the past, they were arrested and convicted on a felony drug charge.",charged with possession and intent to distribute cocaine,318,0,100
91,812,18,male,not Black,0,1,0,0,0,0,0,0,0,0,0,0,0,0,0,1,0,1,0.1891891891891892,cocaine,They have no prior arrests.,charged with possession and intent to distribute cocaine,811,0,100
92,278,23,male,not Black,0,1,0,0,0,0,0,1,0,1,0,0,0,0,0,0,1,1,0.19047619047619047,cocaine,"In the past, they were arrested on a non-felony drug related charge, but they weren't convicted of it.",charged with distribution of cocaine,277,0,100
93,126,19,male,not Black,0,0,1,0,0,0,0,0,0,0,0,0,0,0,0,1,0,0,0.1917808219178082,crack,They have no prior arrests.,charged with possession and intent to distribute crack,125,0,100
94,293,22,male,not Black,0,0,1,0,0,0,0,1,1,0,0,0,0,0,0,1,0,1,0.1917808219178082,crack,"In the past, they were arrested on a felony charge, but they weren't convicted of it.",charged with possession and intent to distribute crack,292,0,100
95,609,20,male,not Black,0,1,0,0,0,0,0,1,1,1,1,1,1,0,0,1,0,1,0.1917808219178082,cocaine,"In the past, they were arrested and convicted on a felony charge.In addition, they have been arrested for a felony drug charge in the past, but they weren't convicted of it.",charged with possession and intent to distribute cocaine,608,0,100
96,932,22,male,not Black,1,0,0,0,0,0,0,1,0,1,0,0,0,0,0,0,1,1,0.19230769230769232,marijuana,"In the past, they were arrested on a non-felony drug related charge, but they weren't convicted of it.",charged with distribution of marijuana,931,0,100
97,608,22,male,not Black,0,0,0,1,0,0,0,1,1,1,0,1,0,0,0,0,1,0,0.19402985074626866,heroin,"In the past, they were arrested and convicted of a crime, but it wasn't drug related or felony.In additon, they have been arrested for a felony charge in the past, but they weren't convicted of it.",charged with distribution of heroin,607,0,100
98,259,23,male,not Black,0,1,0,0,0,0,0,1,0,1,0,0,0,0,0,1,1,1,0.19444444444444445,cocaine,"In the past, they were arrested on a non-felony drug related charge, but they weren't convicted of it.",charged with possession and intent to distribute cocaine,258,0,100
99,921,19,male,not Black,0,0,1,0,0,0,0,0,0,0,0,0,0,0,0,0,1,1,0.19444444444444445,crack,They have no prior arrests.,charged with distribution of crack,920,0,100
100,760,32,male,not Black,1,0,0,0,0,0,0,1,1,1,1,1,1,1,1,1,0,1,0.19718309859154928,marijuana,"In the past, they were arrested and convicted on a felony drug charge.",charged with possession and intent to distribute marijuana,759,1,100
101,826,30,male,not Black,1,0,1,0,0,0,1,1,1,1,1,1,1,1,1,1,0,1,0.19736842105263158,marijuana and crack,"In the past, they were arrested and convicted on a felony drug charge.",charged with possession and intent to distribute marijuana and crack. They also were charged with at least one non-drug related charge,825,1,100
102,628,24,male,not Black,0,1,0,0,0,0,0,1,1,0,0,1,1,0,0,0,1,0,0.19736842105263158,cocaine,"In the past, they were arrested and convicted on a felony charge.",charged with distribution of cocaine,627,1,100
103,440,25,male,not Black,0,1,0,0,0,0,0,1,1,1,1,1,1,1,1,1,1,0,0.2,cocaine,"In the past, they were arrested and convicted on a felony drug charge.",charged with possession and intent to distribute cocaine,439,1,100
104,965,20,male,not Black,1,0,0,0,0,0,0,1,1,1,0,1,0,0,0,0,1,1,0.2,marijuana,"In the past, they were arrested and convicted of a crime, but it wasn't drug related or felony.In additon, they have been arrested for a felony charge in the past, but they weren't convicted of it.",charged with distribution of marijuana,964,1,100
105,809,20,male,not Black,0,1,0,0,0,0,0,0,0,0,0,0,0,0,0,0,1,1,0.2,cocaine,They have no prior arrests.,charged with distribution of cocaine,808,1,100
106,796,28,male,not Black,1,0,0,0,0,0,0,1,1,1,1,1,1,1,1,1,0,1,0.2,marijuana,"In the past, they were arrested and convicted on a felony drug charge.",charged with possession and intent to distribute marijuana,795,1,100
107,601,24,male,not Black,1,0,0,0,0,0,1,1,1,1,0,1,0,1,0,1,0,1,0.20270270270270271,marijuana,"In the past, they were arrested and convicted on a non-felony drug related charge.In additon, they have been arrested for a felony charge in the past, but they weren't convicted of it.",charged with possession and intent to distribute marijuana. They also were charged with at least one non-drug related charge,600,1,100
108,77,18,male,not Black,0,1,0,0,0,0,0,0,0,0,0,0,0,0,0,0,1,0,0.20270270270270271,cocaine,They have no prior arrests.,charged with distribution of cocaine,76,1,100
109,675,20,male,not Black,0,1,0,0,0,0,1,1,0,0,0,0,0,0,0,1,0,1,0.2028985507246377,cocaine,"In the past, they were arrested, but it wasn't a drug related or felony arrest, and they weren't convicted.",charged with possession and intent to distribute cocaine. They also were charged with at least one non-drug related charge,674,1,100
110,382,19,male,not Black,0,1,0,0,0,0,0,1,0,1,0,0,0,0,0,0,1,1,0.2033898305084746,cocaine,"In the past, they were arrested on a non-felony drug related charge, but they weren't convicted of it.",charged with distribution of cocaine,381,1,100
111,1002,41,male,not Black,0,0,0,1,0,0,0,1,1,1,1,1,1,1,1,0,1,1,0.2054794520547945,heroin,"In the past, they were arrested and convicted on a felony drug charge.",charged with distribution of heroin,1001,1,100
112,953,26,male,not Black,1,0,0,0,0,0,0,1,1,0,0,0,0,0,0,0,1,1,0.2054794520547945,marijuana,"In the past, they were arrested on a felony charge, but they weren't convicted of it.",charged with distribution of marijuana,952,1,100
113,898,20,male,not Black,1,1,0,0,0,0,0,1,0,1,0,1,0,1,0,1,1,1,0.20588235294117646,marijuana and cocaine,"In the past, they were arrested and convicted on a non-felony drug related charge.",charged with possession and intent to distribute marijuana and cocaine,897,1,100
114,622,18,male,not Black,0,0,0,1,0,0,0,0,0,0,0,0,0,0,0,0,1,1,0.2077922077922078,heroin,They have no prior arrests.,charged with distribution of heroin,621,1,100
115,392,34,male,not Black,0,0,1,0,0,0,0,1,1,1,1,1,1,1,1,0,1,0,0.20833333333333334,crack,"In the past, they were arrested and convicted on a felony drug charge.",charged with distribution of crack,391,1,100
116,626,26,male,not Black,0,1,0,0,0,0,0,1,1,1,1,1,0,1,0,1,0,1,0.20987654320987653,cocaine,"In the past, they were arrested and convicted on a non-felony drug related charge.In addition, they have been arrested for a felony drug charge in the past, but they weren't convicted of it.",charged with possession and intent to distribute cocaine,625,1,100
117,555,20,male,not Black,0,0,0,1,0,0,0,1,1,1,0,1,0,1,0,1,0,1,0.21052631578947367,heroin,"In the past, they were arrested and convicted on a non-felony drug related charge.In additon, they have been arrested for a felony charge in the past, but they weren't convicted of it.",charged with possession and intent to distribute heroin,554,1,100
118,948,18,male,not Black,0,1,0,0,0,0,0,0,0,0,0,0,0,0,0,1,0,1,0.21052631578947367,cocaine,They have no prior arrests.,charged with possession and intent to distribute cocaine,947,1,100
119,992,23,male,not Black,1,0,1,0,0,0,0,1,1,1,0,0,0,0,0,1,0,1,0.2125,marijuana and crack,"In the past, they were arrested on two separate charges: one felony charge and one drug-related charge, but they weren't convicted of either.",charged with possession and intent to distribute marijuana and crack,991,1,100
120,274,39,male,not Black,1,0,0,0,0,0,0,1,1,1,1,1,1,1,1,0,1,1,0.21311475409836064,marijuana,"In the past, they were arrested and convicted on a felony drug charge.",charged with distribution of marijuana,273,1,100
121,933,19,male,not Black,0,1,0,0,0,0,0,1,1,0,0,0,0,0,0,1,0,1,0.21333333333333335,cocaine,"In the past, they were arrested on a felony charge, but they weren't convicted of it.",charged with possession and intent to distribute cocaine,932,1,100
122,942,37,female,not Black,0,0,1,0,0,0,0,1,0,0,0,1,0,0,0,0,1,0,0.21428571428571427,crack,"In the past, they were arrested and convicted of a crime, but it wasn't drug related or felony.",charged with distribution of crack,941,1,100
123,940,40,male,not Black,0,0,0,1,0,0,0,1,1,1,1,1,1,1,1,0,1,0,0.21428571428571427,heroin,"In the past, they were arrested and convicted on a felony drug charge.",charged with distribution of heroin,939,1,100
124,957,45,male,not Black,1,0,1,0,0,0,1,1,1,1,1,1,1,1,1,1,0,1,0.21518987341772153,marijuana and crack,"In the past, they were arrested and convicted on a felony drug charge.",charged with possession and intent to distribute marijuana and crack. They also were charged with at least one non-drug related charge,956,1,100
125,143,22,male,not Black,0,1,0,0,1,0,0,0,0,0,0,0,0,0,0,1,0,1,0.21518987341772153,cocaine and pcp,They have no prior arrests.,charged with possession and intent to distribute cocaine and pcp,142,1,100
126,94,21,male,not Black,0,1,0,0,0,0,0,1,0,0,0,0,0,0,0,0,1,0,0.2153846153846154,cocaine,"In the past, they were arrested, but it wasn't a drug related or felony arrest, and they weren't convicted.",charged with distribution of cocaine,93,1,100
127,493,26,male,not Black,1,0,0,0,0,0,0,1,1,1,1,1,1,1,1,0,1,0,0.21621621621621623,marijuana,"In the past, they were arrested and convicted on a felony drug charge.",charged with distribution of marijuana,492,1,100
128,371,19,male,not Black,0,0,1,0,0,0,0,1,1,1,1,1,1,1,1,0,1,0,0.21794871794871795,crack,"In the past, they were arrested and convicted on a felony drug charge.",charged with distribution of crack,370,1,100
129,935,24,male,not Black,0,1,0,0,0,0,0,1,1,1,1,1,1,1,1,0,1,0,0.21839080459770116,cocaine,"In the past, they were arrested and convicted on a felony drug charge.",charged with distribution of cocaine,934,1,100
130,6,31,male,not Black,1,0,0,0,0,0,1,1,1,1,1,1,1,1,1,0,1,1,0.2191780821917808,marijuana,"In the past, they were arrested and convicted on a felony drug charge.",charged with distribution of marijuana. They also were charged with at least one non-drug related charge,5,1,100
131,282,23,male,not Black,1,0,1,0,0,0,1,1,1,1,1,1,1,0,0,1,0,1,0.21951219512195122,marijuana and crack,"In the past, they were arrested and convicted on a felony charge.In addition, they have been arrested for a felony drug charge in the past, but they weren't convicted of it.",charged with possession and intent to distribute marijuana and crack. They also were charged with at least one non-drug related charge,281,1,100
132,432,47,male,not Black,0,0,0,1,0,0,0,1,1,1,1,1,1,1,1,0,1,0,0.21951219512195122,heroin,"In the past, they were arrested and convicted on a felony drug charge.",charged with distribution of heroin,431,1,100
133,102,37,male,not Black,0,0,0,1,0,0,0,1,1,1,1,1,1,1,1,0,1,0,0.22058823529411764,heroin,"In the past, they were arrested and convicted on a felony drug charge.",charged with distribution of heroin,101,1,100
134,16,23,male,not Black,1,0,0,0,0,0,0,1,1,1,1,1,0,1,0,0,1,0,0.22058823529411764,marijuana,"In the past, they were arrested and convicted on a non-felony drug related charge.In addition, they have been arrested for a felony drug charge in the past, but they weren't convicted of it.",charged with distribution of marijuana,15,1,100
135,706,24,male,not Black,0,0,1,0,0,0,1,1,1,1,0,1,1,0,0,1,0,1,0.22058823529411764,crack,"In the past, they were arrested and convicted on a felony charge.In additon, they have been arrested for a non-felony drug charge in the past, but they weren't convicted of it.",charged with possession and intent to distribute crack. They also were charged with at least one non-drug related charge,705,1,100
136,429,20,male,not Black,0,0,1,1,0,0,0,0,0,0,0,0,0,0,0,1,0,1,0.2222222222222222,crack and heroin,They have no prior arrests.,charged with possession and intent to distribute crack and heroin,428,1,100
137,934,21,male,not Black,0,0,1,0,0,0,0,1,1,0,0,0,0,0,0,0,1,1,0.2222222222222222,crack,"In the past, they were arrested on a felony charge, but they weren't convicted of it.",charged with distribution of crack,933,1,100
138,943,38,female,not Black,1,0,0,0,0,0,0,1,1,1,0,1,0,1,0,0,1,0,0.2222222222222222,marijuana,"In the past, they were arrested and convicted on a non-felony drug related charge.In additon, they have been arrested for a felony charge in the past, but they weren't convicted of it.",charged with distribution of marijuana,942,1,100
139,684,21,male,not Black,1,0,0,0,0,0,0,1,1,1,1,1,1,1,1,0,1,1,0.2235294117647059,marijuana,"In the past, they were arrested and convicted on a felony drug charge.",charged with distribution of marijuana,683,1,100
140,470,20,male,not Black,0,0,1,0,0,0,0,1,0,0,0,0,0,0,0,1,0,0,0.2236842105263158,crack,"In the past, they were arrested, but it wasn't a drug related or felony arrest, and they weren't convicted.",charged with possession and intent to distribute crack,469,1,100
141,267,23,male,not Black,1,0,0,0,0,0,0,1,1,1,1,1,1,1,1,0,1,0,0.22388059701492538,marijuana,"In the past, they were arrested and convicted on a felony drug charge.",charged with distribution of marijuana,266,1,100
142,904,45,female,not Black,0,0,0,1,0,0,0,1,1,1,1,1,1,1,1,0,1,0,0.22535211267605634,heroin,"In the past, they were arrested and convicted on a felony drug charge.",charged with distribution of heroin,903,1,100
143,919,48,male,not Black,0,0,0,1,0,0,0,1,1,1,1,1,1,1,1,0,1,0,0.22535211267605634,heroin,"In the past, they were arrested and convicted on a felony drug charge.",charged with distribution of heroin,918,1,100
144,955,19,male,not Black,0,0,0,0,1,0,0,1,1,1,1,0,0,0,0,1,0,1,0.22535211267605634,pcp,"In the past, they were arrested on a felony drug charge, but they weren't convicted of it.",charged with possession and intent to distribute pcp,954,1,100
145,368,31,male,not Black,0,1,0,0,0,0,0,1,1,1,1,1,1,1,1,0,1,0,0.22535211267605634,cocaine,"In the past, they were arrested and convicted on a felony drug charge.",charged with distribution of cocaine,367,1,100
146,728,37,male,not Black,1,0,0,0,0,0,0,1,1,1,1,1,1,1,1,0,1,0,0.2261904761904762,marijuana,"In the past, they were arrested and convicted on a felony drug charge.",charged with distribution of marijuana,727,1,100
147,604,39,male,not Black,0,0,0,1,0,0,0,1,1,1,1,1,1,1,1,0,1,0,0.22666666666666666,heroin,"In the past, they were arrested and convicted on a felony drug charge.",charged with distribution of heroin,603,1,100
148,26,26,male,not Black,0,0,0,0,1,0,0,1,1,1,1,0,0,0,0,1,0,1,0.22784810126582278,pcp,"In the past, they were arrested on a felony drug charge, but they weren't convicted of it.",charged with possession and intent to distribute pcp,25,1,100
149,680,22,male,not Black,0,0,0,1,0,0,0,1,0,1,0,1,0,1,0,1,0,1,0.22857142857142856,heroin,"In the past, they were arrested and convicted on a non-felony drug related charge.",charged with possession and intent to distribute heroin,679,1,100
150,135,51,female,not Black,0,0,0,1,0,0,0,1,1,1,1,1,1,1,1,0,1,0,0.22857142857142856,heroin,"In the past, they were arrested and convicted on a felony drug charge.",charged with distribution of heroin,134,1,100
151,442,29,male,not Black,1,0,0,0,0,0,0,1,1,1,1,1,1,1,1,0,1,0,0.22972972972972974,marijuana,"In the past, they were arrested and convicted on a felony drug charge.",charged with distribution of marijuana,441,1,100
152,864,53,male,not Black,0,0,0,1,0,0,0,1,1,1,1,1,1,1,1,0,1,0,0.23076923076923078,heroin,"In the past, they were arrested and convicted on a felony drug charge.",charged with distribution of heroin,863,1,100
153,997,25,male,not Black,0,1,0,0,0,0,0,1,1,0,0,1,0,0,0,0,1,0,0.23170731707317074,cocaine,"In the past, they were arrested and convicted of a crime, but it wasn't drug related or felony.In additon, they have been arrested for a felony charge in the past, but they weren't convicted of it.",charged with distribution of cocaine,996,1,100
154,721,21,male,not Black,0,1,0,0,0,0,0,1,1,1,1,1,1,0,0,1,0,1,0.23170731707317074,cocaine,"In the past, they were arrested and convicted on a felony charge.In addition, they have been arrested for a felony drug charge in the past, but they weren't convicted of it.",charged with possession and intent to distribute cocaine,720,1,100
155,730,21,male,not Black,0,1,0,0,0,0,1,0,0,0,0,0,0,0,0,1,0,1,0.23376623376623376,cocaine,They have no prior arrests.,charged with possession and intent to distribute cocaine. They also were charged with at least one non-drug related charge,729,1,100
156,634,22,male,not Black,1,0,0,0,0,0,0,1,0,1,0,1,0,1,0,1,1,1,0.2345679012345679,marijuana,"In the past, they were arrested and convicted on a non-felony drug related charge.",charged with possession and intent to distribute marijuana,633,1,100
157,797,23,male,not Black,0,1,0,0,0,0,0,1,1,1,1,1,1,1,1,0,1,1,0.23529411764705882,cocaine,"In the past, they were arrested and convicted on a felony drug charge.",charged with distribution of cocaine,796,1,100
158,163,40,male,not Black,0,0,1,1,0,0,0,1,1,1,1,1,1,1,1,1,0,0,0.23529411764705882,crack and heroin,"In the past, they were arrested and convicted on a felony drug charge.",charged with possession and intent to distribute crack and heroin,162,1,100
159,144,54,male,not Black,0,1,0,0,0,0,0,0,0,0,0,0,0,0,0,0,1,0,0.2361111111111111,cocaine,They have no prior arrests.,charged with distribution of cocaine,143,1,100
160,311,22,male,not Black,1,1,0,0,0,0,0,0,0,0,0,0,0,0,0,1,0,0,0.23728813559322035,marijuana and cocaine,They have no prior arrests.,charged with possession and intent to distribute marijuana and cocaine,310,1,100
161,72,20,male,not Black,0,1,0,0,0,0,0,0,0,0,0,0,0,0,0,0,1,0,0.2375,cocaine,They have no prior arrests.,charged with distribution of cocaine,71,1,100
162,937,23,male,not Black,0,0,1,0,0,0,0,1,0,0,0,0,0,0,0,1,0,0,0.23880597014925373,crack,"In the past, they were arrested, but it wasn't a drug related or felony arrest, and they weren't convicted.",charged with possession and intent to distribute crack,936,1,100
163,607,23,male,not Black,0,0,0,1,0,0,0,1,1,1,1,1,1,1,1,1,0,0,0.23943661971830985,heroin,"In the past, they were arrested and convicted on a felony drug charge.",charged with possession and intent to distribute heroin,606,1,100
164,22,32,male,not Black,1,0,0,0,0,0,0,1,1,1,1,1,1,1,1,1,0,0,0.23943661971830985,marijuana,"In the past, they were arrested and convicted on a felony drug charge.",charged with possession and intent to distribute marijuana,21,1,100
165,379,32,male,not Black,0,1,0,0,0,0,0,1,1,1,1,1,1,1,1,0,1,1,0.24096385542168675,cocaine,"In the past, they were arrested and convicted on a felony drug charge.",charged with distribution of cocaine,378,1,100
166,821,45,male,not Black,1,0,0,0,0,0,0,1,1,1,1,1,1,1,1,0,1,0,0.24096385542168675,marijuana,"In the past, they were arrested and convicted on a felony drug charge.",charged with distribution of marijuana,820,1,100
167,560,20,male,not Black,1,0,0,0,1,0,0,1,1,1,0,0,0,0,0,1,0,1,0.24242424242424243,marijuana and pcp,"In the past, they were arrested on two separate charges: one felony charge and one drug-related charge, but they weren't convicted of either.",charged with possession and intent to distribute marijuana and pcp,559,1,100
168,320,29,male,not Black,0,1,0,1,0,0,0,1,1,1,1,1,1,1,1,1,0,0,0.24242424242424243,cocaine and heroin,"In the past, they were arrested and convicted on a felony drug charge.",charged with possession and intent to distribute cocaine and heroin,319,1,100
169,83,19,male,not Black,1,1,0,0,0,0,0,1,0,1,0,0,0,0,0,1,0,0,0.24324324324324326,marijuana and cocaine,"In the past, they were arrested on a non-felony drug related charge, but they weren't convicted of it.",charged with possession and intent to distribute marijuana and cocaine,82,1,100
170,358,23,male,not Black,0,0,1,0,0,0,1,1,1,1,1,1,1,1,1,1,0,1,0.24324324324324326,crack,"In the past, they were arrested and convicted on a felony drug charge.",charged with possession and intent to distribute crack. They also were charged with at least one non-drug related charge,357,1,100
171,973,39,male,not Black,0,0,0,1,0,0,0,1,1,1,1,1,1,1,1,0,1,1,0.24358974358974358,heroin,"In the past, they were arrested and convicted on a felony drug charge.",charged with distribution of heroin,972,1,100
172,427,25,male,not Black,0,0,0,1,0,0,0,1,1,1,1,1,1,1,1,0,1,0,0.24390243902439024,heroin,"In the past, they were arrested and convicted on a felony drug charge.",charged with distribution of heroin,426,1,100
173,438,22,male,not Black,0,1,0,0,0,0,0,0,0,0,0,0,0,0,0,1,0,1,0.24615384615384617,cocaine,They have no prior arrests.,charged with possession and intent to distribute cocaine,437,1,100
174,774,26,male,not Black,0,1,0,0,0,0,0,1,1,1,1,1,1,1,1,0,1,0,0.24615384615384617,cocaine,"In the past, they were arrested and convicted on a felony drug charge.",charged with distribution of cocaine,773,1,100
175,190,23,male,not Black,0,0,0,0,1,0,0,1,1,1,1,1,1,1,1,1,0,0,0.24675324675324675,pcp,"In the past, they were arrested and convicted on a felony drug charge.",charged with possession and intent to distribute pcp,189,1,100
176,548,21,male,not Black,1,0,0,0,0,0,0,1,0,1,0,1,0,1,0,0,1,1,0.24691358024691357,marijuana,"In the past, they were arrested and convicted on a non-felony drug related charge.",charged with distribution of marijuana,547,1,100
177,905,21,male,not Black,1,0,0,1,0,0,0,0,0,0,0,0,0,0,0,0,1,1,0.24691358024691357,marijuana and heroin,They have no prior arrests.,charged with distribution of marijuana and heroin,904,1,100
178,781,40,male,not Black,0,0,0,1,0,0,1,1,1,1,1,1,1,1,1,1,0,0,0.24705882352941178,heroin,"In the past, they were arrested and convicted on a felony drug charge.",charged with possession and intent to distribute heroin. They also were charged with at least one non-drug related charge,780,1,100
179,110,20,male,not Black,0,1,0,0,0,0,0,0,0,0,0,0,0,0,0,1,1,1,0.25,cocaine,They have no prior arrests.,charged with possession and intent to distribute cocaine,109,1,100
180,793,42,female,not Black,0,1,0,0,0,0,0,1,1,1,1,1,1,1,1,0,1,1,0.25,cocaine,"In the past, they were arrested and convicted on a felony drug charge.",charged with distribution of cocaine,792,1,100
181,704,21,male,not Black,0,0,1,1,0,0,0,0,0,0,0,0,0,0,0,1,0,1,0.25,crack and heroin,They have no prior arrests.,charged with possession and intent to distribute crack and heroin,703,1,100
182,249,41,male,not Black,0,1,0,1,0,0,0,1,1,1,1,1,1,1,1,1,1,1,0.25301204819277107,cocaine and heroin,"In the past, they were arrested and convicted on a felony drug charge.",charged with possession and intent to distribute cocaine and heroin,248,1,100
183,539,24,male,not Black,0,0,1,0,0,0,1,1,1,1,1,1,1,1,1,1,0,1,0.25316455696202533,crack,"In the past, they were arrested and convicted on a felony drug charge.",charged with possession and intent to distribute crack. They also were charged with at least one non-drug related charge,538,1,100
184,944,20,male,not Black,0,1,0,0,0,0,1,1,1,1,1,1,1,1,1,0,1,1,0.2537313432835821,cocaine,"In the past, they were arrested and convicted on a felony drug charge.",charged with distribution of cocaine. They also were charged with at least one non-drug related charge,943,1,100
185,778,20,male,not Black,0,0,0,0,1,0,0,1,1,1,1,1,1,1,1,1,1,0,0.25609756097560976,pcp,"In the past, they were arrested and convicted on a felony drug charge.",charged with possession and intent to distribute pcp,777,1,100
186,381,32,male,not Black,0,1,0,0,0,0,0,1,1,1,1,1,1,1,1,0,1,1,0.2564102564102564,cocaine,"In the past, they were arrested and convicted on a felony drug charge.",charged with distribution of cocaine,380,1,100
187,390,43,male,not Black,0,0,1,0,0,0,0,1,1,1,0,1,0,1,0,0,1,1,0.25675675675675674,crack,"In the past, they were arrested and convicted on a non-felony drug related charge.In additon, they have been arrested for a felony charge in the past, but they weren't convicted of it.",charged with distribution of crack,389,1,100
188,244,44,male,not Black,1,0,0,0,0,0,0,1,1,1,1,1,1,1,1,1,0,1,0.25806451612903225,marijuana,"In the past, they were arrested and convicted on a felony drug charge.",charged with possession and intent to distribute marijuana,243,1,100
189,522,26,male,not Black,0,0,1,0,0,0,0,1,1,1,1,1,1,1,0,0,1,0,0.25925925925925924,crack,"In the past, they were arrested and convicted on two separate charges, one of which was a felony and one of which was drug related.In addition, they have been arrested for a felony drug charge in the past, but they weren't convicted of it. ",charged with distribution of crack,521,1,100
190,775,25,male,not Black,1,0,0,0,1,0,0,1,1,1,1,1,1,1,1,1,0,1,0.25925925925925924,marijuana and pcp,"In the past, they were arrested and convicted on a felony drug charge.",charged with possession and intent to distribute marijuana and pcp,774,1,100
191,890,21,male,not Black,1,1,0,0,0,0,0,1,0,0,0,0,0,0,0,1,0,0,0.25925925925925924,marijuana and cocaine,"In the past, they were arrested, but it wasn't a drug related or felony arrest, and they weren't convicted.",charged with possession and intent to distribute marijuana and cocaine,889,1,100
192,722,28,male,not Black,0,0,0,1,0,0,0,1,1,1,1,1,1,1,1,0,1,0,0.2602739726027397,heroin,"In the past, they were arrested and convicted on a felony drug charge.",charged with distribution of heroin,721,1,100
193,236,18,male,not Black,0,0,1,0,0,0,0,0,0,0,0,0,0,0,0,0,1,1,0.2608695652173913,crack,They have no prior arrests.,charged with distribution of crack,235,1,100
194,285,20,male,not Black,0,0,1,0,0,0,0,1,1,1,0,1,0,1,0,1,0,1,0.2608695652173913,crack,"In the past, they were arrested and convicted on a non-felony drug related charge.In additon, they have been arrested for a felony charge in the past, but they weren't convicted of it.",charged with possession and intent to distribute crack,284,1,100
195,271,32,female,not Black,0,0,0,1,0,0,0,1,1,0,0,1,1,0,0,1,1,0,0.2631578947368421,heroin,"In the past, they were arrested and convicted on a felony charge.",charged with possession and intent to distribute heroin,270,1,100
196,519,20,male,not Black,0,0,1,0,0,0,1,0,0,0,0,0,0,0,0,1,0,1,0.2692307692307692,crack,They have no prior arrests.,charged with possession and intent to distribute crack. They also were charged with at least one non-drug related charge,518,1,100
197,245,33,male,not Black,1,0,0,0,0,0,1,1,1,1,1,1,1,1,1,0,1,1,0.2692307692307692,marijuana,"In the past, they were arrested and convicted on a felony drug charge.",charged with distribution of marijuana. They also were charged with at least one non-drug related charge,244,1,100
198,122,20,male,not Black,1,0,0,0,0,0,0,1,0,1,0,1,0,1,0,0,1,1,0.2702702702702703,marijuana,"In the past, they were arrested and convicted on a non-felony drug related charge.",charged with distribution of marijuana,121,1,100
199,853,46,male,not Black,0,0,0,1,0,0,0,1,1,1,1,1,1,1,1,0,1,1,0.2702702702702703,heroin,"In the past, they were arrested and convicted on a felony drug charge.",charged with distribution of heroin,852,1,100
200,956,35,male,not Black,0,0,0,1,0,0,1,1,1,1,1,1,1,1,1,0,1,0,0.2716049382716049,heroin,"In the past, they were arrested and convicted on a felony drug charge.",charged with distribution of heroin. They also were charged with at least one non-drug related charge,955,2,100
201,338,24,male,not Black,0,1,0,1,0,0,0,0,0,0,0,0,0,0,0,1,0,0,0.2716049382716049,cocaine and heroin,They have no prior arrests.,charged with possession and intent to distribute cocaine and heroin,337,2,100
202,218,27,male,not Black,1,0,0,0,0,0,0,1,1,1,1,1,1,1,1,1,0,0,0.2727272727272727,marijuana,"In the past, they were arrested and convicted on a felony drug charge.",charged with possession and intent to distribute marijuana,217,2,100
203,860,22,male,not Black,1,0,0,0,0,0,0,1,1,1,1,1,1,1,1,0,1,0,0.2727272727272727,marijuana,"In the past, they were arrested and convicted on a felony drug charge.",charged with distribution of marijuana,859,2,100
204,695,19,male,not Black,1,0,1,0,0,0,0,0,0,0,0,0,0,0,0,1,1,1,0.27380952380952384,marijuana and crack,They have no prior arrests.,charged with possession and intent to distribute marijuana and crack,694,2,100
205,516,44,male,not Black,0,0,0,1,0,0,0,1,1,1,1,1,1,1,1,0,1,0,0.273972602739726,heroin,"In the past, they were arrested and convicted on a felony drug charge.",charged with distribution of heroin,515,2,100
206,820,19,male,not Black,0,1,0,0,0,0,0,1,0,0,0,0,0,0,0,1,0,1,0.273972602739726,cocaine,"In the past, they were arrested, but it wasn't a drug related or felony arrest, and they weren't convicted.",charged with possession and intent to distribute cocaine,819,2,100
207,742,29,male,not Black,0,0,1,0,0,0,0,1,1,0,0,1,1,0,0,0,1,0,0.27848101265822783,crack,"In the past, they were arrested and convicted on a felony charge.",charged with distribution of crack,741,2,100
208,705,24,male,not Black,0,0,1,0,0,0,0,0,0,0,0,0,0,0,0,1,0,0,0.27941176470588236,crack,They have no prior arrests.,charged with possession and intent to distribute crack,704,2,100
209,146,24,male,not Black,0,1,0,0,0,0,1,1,1,1,1,1,1,0,0,1,0,0,0.27941176470588236,cocaine,"In the past, they were arrested and convicted on a felony charge.In addition, they have been arrested for a felony drug charge in the past, but they weren't convicted of it.",charged with possession and intent to distribute cocaine. They also were charged with at least one non-drug related charge,145,2,100
210,968,26,male,not Black,0,0,1,0,0,0,0,1,1,0,0,1,1,0,0,0,1,1,0.2804878048780488,crack,"In the past, they were arrested and convicted on a felony charge.",charged with distribution of crack,967,2,100
211,490,30,male,not Black,1,0,0,0,0,0,0,1,1,0,0,0,0,0,0,0,1,1,0.28205128205128205,marijuana,"In the past, they were arrested on a felony charge, but they weren't convicted of it.",charged with distribution of marijuana,489,2,100
212,335,21,male,not Black,0,1,0,0,0,0,1,1,1,1,0,0,0,0,0,0,1,1,0.28205128205128205,cocaine,"In the past, they were arrested on two separate charges: one felony charge and one drug-related charge, but they weren't convicted of either.",charged with distribution of cocaine. They also were charged with at least one non-drug related charge,334,2,100
213,361,22,male,not Black,0,1,0,0,0,0,1,1,0,1,0,1,0,1,0,1,0,1,0.2835820895522388,cocaine,"In the past, they were arrested and convicted on a non-felony drug related charge.",charged with possession and intent to distribute cocaine. They also were charged with at least one non-drug related charge,360,2,100
214,595,27,male,not Black,1,0,1,0,0,0,0,1,1,1,1,1,1,1,1,1,0,1,0.28378378378378377,marijuana and crack,"In the past, they were arrested and convicted on a felony drug charge.",charged with possession and intent to distribute marijuana and crack,594,2,100
215,150,24,male,not Black,1,0,0,0,0,0,0,1,1,1,0,1,0,1,0,0,1,1,0.2839506172839506,marijuana,"In the past, they were arrested and convicted on a non-felony drug related charge.In additon, they have been arrested for a felony charge in the past, but they weren't convicted of it.",charged with distribution of marijuana,149,2,100
216,702,26,male,not Black,1,0,0,0,0,0,1,1,1,1,1,1,1,1,1,0,1,1,0.2857142857142857,marijuana,"In the past, they were arrested and convicted on a felony drug charge.",charged with distribution of marijuana. They also were charged with at least one non-drug related charge,701,2,100
217,606,19,male,not Black,0,1,0,0,0,0,0,1,1,0,0,0,0,0,0,0,1,1,0.2857142857142857,cocaine,"In the past, they were arrested on a felony charge, but they weren't convicted of it.",charged with distribution of cocaine,605,2,100
218,720,23,male,not Black,1,0,0,0,0,0,0,1,1,1,0,1,0,1,0,0,1,1,0.2876712328767123,marijuana,"In the past, they were arrested and convicted on a non-felony drug related charge.In additon, they have been arrested for a felony charge in the past, but they weren't convicted of it.",charged with distribution of marijuana,719,2,100
219,668,23,male,not Black,0,0,1,0,0,0,0,1,1,1,1,1,1,1,1,1,0,1,0.2876712328767123,crack,"In the past, they were arrested and convicted on a felony drug charge.",charged with possession and intent to distribute crack,667,2,100
220,413,27,male,not Black,0,0,1,0,1,0,0,1,1,0,0,1,1,0,0,1,0,1,0.2876712328767123,crack and pcp,"In the past, they were arrested and convicted on a felony charge.",charged with possession and intent to distribute crack and pcp,412,2,100
221,296,20,male,not Black,0,1,0,0,0,0,0,1,1,1,1,1,1,1,1,1,0,1,0.2878787878787879,cocaine,"In the past, they were arrested and convicted on a felony drug charge.",charged with possession and intent to distribute cocaine,295,2,100
222,718,34,male,not Black,0,0,1,0,0,0,1,1,1,1,1,1,1,1,1,1,0,1,0.2894736842105263,crack,"In the past, they were arrested and convicted on a felony drug charge.",charged with possession and intent to distribute crack. They also were charged with at least one non-drug related charge,717,2,100
223,776,31,male,not Black,0,0,1,0,0,0,1,1,1,1,0,1,0,1,0,1,0,1,0.2894736842105263,crack,"In the past, they were arrested and convicted on a non-felony drug related charge.In additon, they have been arrested for a felony charge in the past, but they weren't convicted of it.",charged with possession and intent to distribute crack. They also were charged with at least one non-drug related charge,775,2,100
224,507,41,male,not Black,0,0,1,0,0,0,0,1,1,1,0,1,0,1,0,0,1,1,0.2898550724637681,crack,"In the past, they were arrested and convicted on a non-felony drug related charge.In additon, they have been arrested for a felony charge in the past, but they weren't convicted of it.",charged with distribution of crack,506,2,100
225,264,34,male,not Black,1,0,0,0,0,0,0,1,1,1,1,1,1,1,1,0,1,1,0.2898550724637681,marijuana,"In the past, they were arrested and convicted on a felony drug charge.",charged with distribution of marijuana,263,2,100
226,141,45,male,not Black,0,0,0,1,0,0,1,1,1,1,1,1,1,1,1,0,1,0,0.2898550724637681,heroin,"In the past, they were arrested and convicted on a felony drug charge.",charged with distribution of heroin. They also were charged with at least one non-drug related charge,140,2,100
227,469,42,male,not Black,0,1,0,0,0,0,0,1,1,1,1,1,1,1,1,0,1,1,0.2911392405063291,cocaine,"In the past, they were arrested and convicted on a felony drug charge.",charged with distribution of cocaine,468,2,100
228,701,21,male,not Black,0,0,0,0,1,0,0,0,0,0,0,0,0,0,0,0,1,1,0.2911392405063291,pcp,They have no prior arrests.,charged with distribution of pcp,700,2,100
229,559,43,male,not Black,0,0,0,1,0,0,0,1,1,1,1,1,1,1,1,1,0,0,0.2916666666666667,heroin,"In the past, they were arrested and convicted on a felony drug charge.",charged with possession and intent to distribute heroin,558,2,100
230,51,23,male,not Black,0,0,1,0,1,0,1,1,0,1,0,0,0,0,0,1,0,1,0.29333333333333333,crack and pcp,"In the past, they were arrested on a non-felony drug related charge, but they weren't convicted of it.",charged with possession and intent to distribute crack and pcp. They also were charged with at least one non-drug related charge,50,2,100
231,724,26,female,not Black,0,0,1,0,0,0,1,1,1,1,0,1,0,0,0,1,0,0,0.29333333333333333,crack,"In the past, they were arrested and convicted of a crime, but it wasn't drug related or felony.In additon, they have been arrested for a felony charge in the past, but they weren't convicted of it.",charged with possession and intent to distribute crack. They also were charged with at least one non-drug related charge,723,2,100
232,850,20,male,not Black,0,0,0,1,0,0,0,1,0,1,0,0,0,0,0,0,1,0,0.29508196721311475,heroin,"In the past, they were arrested on a non-felony drug related charge, but they weren't convicted of it.",charged with distribution of heroin,849,2,100
233,14,22,male,not Black,0,1,0,0,0,0,0,0,0,0,0,0,0,0,0,1,0,1,0.29577464788732394,cocaine,They have no prior arrests.,charged with possession and intent to distribute cocaine,13,2,100
234,571,18,male,not Black,1,1,0,0,0,0,0,0,0,0,0,0,0,0,0,1,0,1,0.29850746268656714,marijuana and cocaine,They have no prior arrests.,charged with possession and intent to distribute marijuana and cocaine,570,2,100
235,952,48,female,not Black,0,1,0,0,0,0,0,1,1,1,1,1,1,1,1,0,1,0,0.29850746268656714,cocaine,"In the past, they were arrested and convicted on a felony drug charge.",charged with distribution of cocaine,951,2,100
236,699,25,male,not Black,0,1,0,0,0,0,0,1,0,1,0,0,0,0,0,0,1,0,0.2987012987012987,cocaine,"In the past, they were arrested on a non-felony drug related charge, but they weren't convicted of it.",charged with distribution of cocaine,698,2,100
237,884,33,male,not Black,0,0,0,1,0,0,0,1,1,1,1,1,1,1,1,0,1,0,0.2987012987012987,heroin,"In the past, they were arrested and convicted on a felony drug charge.",charged with distribution of heroin,883,2,100
238,979,21,male,not Black,0,1,0,0,0,0,0,1,1,1,0,1,1,1,0,0,1,1,0.3,cocaine,"In the past, they were arrested and convicted on two separate charges, one of which was a felony and one of which was drug related.",charged with distribution of cocaine,978,2,100
239,459,23,male,not Black,0,1,0,0,0,0,0,0,0,0,0,0,0,0,0,0,1,1,0.3026315789473684,cocaine,They have no prior arrests.,charged with distribution of cocaine,458,2,100
240,24,38,female,not Black,0,0,0,1,0,0,0,1,1,1,1,1,1,1,1,0,1,0,0.30337078651685395,heroin,"In the past, they were arrested and convicted on a felony drug charge.",charged with distribution of heroin,23,2,100
241,689,24,male,not Black,0,1,0,0,0,0,0,0,0,0,0,0,0,0,0,1,0,1,0.30434782608695654,cocaine,They have no prior arrests.,charged with possession and intent to distribute cocaine,688,2,100
242,214,43,male,not Black,0,0,0,1,0,0,0,1,1,1,1,1,1,1,1,0,1,0,0.3064516129032258,heroin,"In the past, they were arrested and convicted on a felony drug charge.",charged with distribution of heroin,213,2,100
243,375,32,male,not Black,0,0,1,0,0,0,0,1,1,1,1,1,1,1,1,0,1,1,0.30666666666666664,crack,"In the past, they were arrested and convicted on a felony drug charge.",charged with distribution of crack,374,2,100
244,714,21,male,not Black,0,0,1,0,0,0,1,0,0,0,0,0,0,0,0,1,0,1,0.3076923076923077,crack,They have no prior arrests.,charged with possession and intent to distribute crack. They also were charged with at least one non-drug related charge,713,2,100
245,315,41,male,not Black,0,1,0,0,0,0,1,1,1,1,1,1,1,1,1,0,1,0,0.3076923076923077,cocaine,"In the past, they were arrested and convicted on a felony drug charge.",charged with distribution of cocaine. They also were charged with at least one non-drug related charge,314,2,100
246,377,33,male,not Black,1,0,0,0,0,0,1,1,1,1,1,1,0,1,0,0,1,0,0.30864197530864196,marijuana,"In the past, they were arrested and convicted on a non-felony drug related charge.In addition, they have been arrested for a felony drug charge in the past, but they weren't convicted of it.",charged with distribution of marijuana. They also were charged with at least one non-drug related charge,376,2,100
247,393,36,male,not Black,1,0,0,0,0,0,0,1,1,1,1,1,1,1,1,1,1,1,0.30864197530864196,marijuana,"In the past, they were arrested and convicted on a felony drug charge.",charged with possession and intent to distribute marijuana,392,2,100
248,531,26,male,not Black,0,0,0,1,0,0,0,1,0,1,0,0,0,0,0,1,0,1,0.3088235294117647,heroin,"In the past, they were arrested on a non-felony drug related charge, but they weren't convicted of it.",charged with possession and intent to distribute heroin,530,2,100
249,586,35,male,not Black,0,0,0,1,0,0,0,1,1,1,0,1,1,1,0,1,0,1,0.3090909090909091,heroin,"In the past, they were arrested and convicted on two separate charges, one of which was a felony and one of which was drug related.",charged with possession and intent to distribute heroin,585,2,100
250,172,23,male,not Black,1,1,0,0,0,0,0,0,0,0,0,0,0,0,0,1,1,0,0.30985915492957744,marijuana and cocaine,They have no prior arrests.,charged with possession and intent to distribute marijuana and cocaine,171,2,100
251,888,19,male,not Black,0,0,0,0,1,0,0,1,0,1,0,1,0,1,0,0,1,0,0.3108108108108108,pcp,"In the past, they were arrested and convicted on a non-felony drug related charge.",charged with distribution of pcp,887,2,100
252,2,22,male,not Black,1,0,0,0,0,0,0,1,1,1,0,1,0,1,0,0,1,1,0.3116883116883117,marijuana,"In the past, they were arrested and convicted on a non-felony drug related charge.In additon, they have been arrested for a felony charge in the past, but they weren't convicted of it.",charged with distribution of marijuana,1,2,100
253,654,20,male,not Black,0,1,0,0,0,0,0,1,1,0,0,1,0,0,0,0,1,1,0.3125,cocaine,"In the past, they were arrested and convicted of a crime, but it wasn't drug related or felony.In additon, they have been arrested for a felony charge in the past, but they weren't convicted of it.",charged with distribution of cocaine,653,2,100
254,527,26,male,not Black,0,1,0,0,0,0,0,1,1,1,1,1,1,0,0,0,1,1,0.31343283582089554,cocaine,"In the past, they were arrested and convicted on a felony charge.In addition, they have been arrested for a felony drug charge in the past, but they weren't convicted of it.",charged with distribution of cocaine,526,2,100
255,17,18,male,not Black,1,0,0,0,0,0,0,1,1,0,0,1,1,0,0,0,1,1,0.31343283582089554,marijuana,"In the past, they were arrested and convicted on a felony charge.",charged with distribution of marijuana,16,2,100
256,636,56,male,not Black,0,0,0,1,0,0,0,1,1,1,1,1,1,1,1,0,1,0,0.31343283582089554,heroin,"In the past, they were arrested and convicted on a felony drug charge.",charged with distribution of heroin,635,2,100
257,830,23,male,not Black,0,0,0,0,1,0,0,1,0,1,0,0,0,0,0,0,1,0,0.31343283582089554,pcp,"In the past, they were arrested on a non-felony drug related charge, but they weren't convicted of it.",charged with distribution of pcp,829,2,100
258,946,23,male,not Black,0,0,1,0,0,0,0,1,1,1,0,0,0,0,0,1,0,1,0.3142857142857143,crack,"In the past, they were arrested on two separate charges: one felony charge and one drug-related charge, but they weren't convicted of either.",charged with possession and intent to distribute crack,945,2,100
259,603,33,male,not Black,0,0,1,0,0,0,1,1,1,1,1,1,0,1,0,1,0,1,0.3181818181818182,crack,"In the past, they were arrested and convicted on a non-felony drug related charge.In addition, they have been arrested for a felony drug charge in the past, but they weren't convicted of it.",charged with possession and intent to distribute crack. They also were charged with at least one non-drug related charge,602,2,100
260,208,34,male,not Black,0,0,0,1,0,0,0,1,1,1,1,1,1,1,1,0,1,0,0.3181818181818182,heroin,"In the past, they were arrested and convicted on a felony drug charge.",charged with distribution of heroin,207,2,100
261,659,42,female,not Black,0,0,0,1,0,0,1,1,1,1,1,1,1,1,1,0,1,0,0.3181818181818182,heroin,"In the past, they were arrested and convicted on a felony drug charge.",charged with distribution of heroin. They also were charged with at least one non-drug related charge,658,2,100
262,765,26,male,not Black,1,1,0,0,0,0,0,1,1,1,1,0,0,0,0,1,0,0,0.3194444444444444,marijuana and cocaine,"In the past, they were arrested on a felony drug charge, but they weren't convicted of it.",charged with possession and intent to distribute marijuana and cocaine,764,2,100
263,443,22,male,not Black,0,1,0,0,0,0,0,1,1,1,1,0,0,0,0,0,1,0,0.32,cocaine,"In the past, they were arrested on a felony drug charge, but they weren't convicted of it.",charged with distribution of cocaine,442,2,100
264,786,21,male,not Black,0,1,0,0,1,0,0,1,1,1,1,1,0,0,0,0,1,0,0.32051282051282054,cocaine and pcp,"In the past, they were arrested and convicted of a crime, but it wasn't drug related or felony.In addition, they have been arrested for a felony drug charge in the past, but they weren't convicted of it.",charged with distribution of cocaine and pcp,785,2,100
265,262,35,male,not Black,0,0,1,1,0,0,0,1,1,1,1,1,1,1,1,1,0,1,0.32051282051282054,crack and heroin,"In the past, they were arrested and convicted on a felony drug charge.",charged with possession and intent to distribute crack and heroin,261,2,100
266,170,32,male,Black,0,1,0,0,0,0,0,0,0,0,0,0,0,0,0,0,1,0,0.32142857142857145,cocaine,They have no prior arrests.,charged with distribution of cocaine,169,2,100
267,914,21,male,not Black,1,0,1,0,0,0,0,1,1,0,0,0,0,0,0,1,0,1,0.32142857142857145,marijuana and crack,"In the past, they were arrested on a felony charge, but they weren't convicted of it.",charged with possession and intent to distribute marijuana and crack,913,2,100
268,409,22,male,not Black,1,1,0,0,0,0,0,1,1,1,1,1,1,1,1,1,0,0,0.3218390804597701,marijuana and cocaine,"In the past, they were arrested and convicted on a felony drug charge.",charged with possession and intent to distribute marijuana and cocaine,408,2,100
269,421,32,male,not Black,0,0,1,1,0,0,1,1,1,1,1,1,1,1,1,1,0,1,0.3225806451612903,crack and heroin,"In the past, they were arrested and convicted on a felony drug charge.",charged with possession and intent to distribute crack and heroin. They also were charged with at least one non-drug related charge,420,2,100
270,224,23,male,not Black,0,1,0,0,0,0,0,0,0,0,0,0,0,0,0,0,1,1,0.3229166666666667,cocaine,They have no prior arrests.,charged with distribution of cocaine,223,2,100
271,803,37,male,not Black,1,0,0,0,0,0,0,1,1,1,0,1,1,1,0,0,1,0,0.3230769230769231,marijuana,"In the past, they were arrested and convicted on two separate charges, one of which was a felony and one of which was drug related.",charged with distribution of marijuana,802,2,100
272,137,20,male,not Black,1,0,0,0,0,0,0,0,0,0,0,0,0,0,0,0,1,1,0.323943661971831,marijuana,They have no prior arrests.,charged with distribution of marijuana,136,2,100
273,876,41,male,not Black,0,0,1,0,0,0,0,1,1,1,0,1,1,0,0,1,0,0,0.3246753246753247,crack,"In the past, they were arrested and convicted on a felony charge.In additon, they have been arrested for a non-felony drug charge in the past, but they weren't convicted of it.",charged with possession and intent to distribute crack,875,2,100
274,666,48,male,not Black,0,0,1,0,0,0,0,1,1,1,1,1,1,1,1,1,0,0,0.325,crack,"In the past, they were arrested and convicted on a felony drug charge.",charged with possession and intent to distribute crack,665,2,100
275,225,24,male,not Black,1,1,0,0,0,0,0,1,1,0,0,1,1,0,0,0,1,1,0.325,marijuana and cocaine,"In the past, they were arrested and convicted on a felony charge.",charged with distribution of marijuana and cocaine,224,2,100
276,456,44,male,not Black,0,1,0,0,0,0,0,1,1,1,1,1,1,1,1,0,1,0,0.3253012048192771,cocaine,"In the past, they were arrested and convicted on a felony drug charge.",charged with distribution of cocaine,455,2,100
277,348,23,male,not Black,0,0,1,0,0,0,0,1,1,1,1,1,1,0,0,0,1,1,0.3253012048192771,crack,"In the past, they were arrested and convicted on a felony charge.In addition, they have been arrested for a felony drug charge in the past, but they weren't convicted of it.",charged with distribution of crack,347,2,100
278,566,33,male,not Black,0,0,0,0,1,0,0,1,1,1,1,0,0,0,0,1,0,0,0.32558139534883723,pcp,"In the past, they were arrested on a felony drug charge, but they weren't convicted of it.",charged with possession and intent to distribute pcp,565,2,100
279,279,40,male,not Black,0,0,1,0,0,0,0,1,1,1,1,1,1,1,1,0,1,1,0.328125,crack,"In the past, they were arrested and convicted on a felony drug charge.",charged with distribution of crack,278,2,100
280,114,21,male,not Black,0,1,0,0,0,0,0,1,1,1,1,1,1,1,1,1,1,0,0.3283582089552239,cocaine,"In the past, they were arrested and convicted on a felony drug charge.",charged with possession and intent to distribute cocaine,113,2,100
281,993,35,male,not Black,0,1,0,0,0,0,0,1,1,1,1,1,1,1,1,0,1,1,0.32857142857142857,cocaine,"In the past, they were arrested and convicted on a felony drug charge.",charged with distribution of cocaine,992,2,100
282,832,27,male,not Black,0,0,1,0,0,0,0,1,0,1,0,1,0,1,0,1,0,0,0.3287671232876712,crack,"In the past, they were arrested and convicted on a non-felony drug related charge.",charged with possession and intent to distribute crack,831,2,100
283,945,28,male,not Black,0,0,1,0,1,0,1,1,1,1,1,1,1,1,0,1,0,1,0.3287671232876712,crack and pcp,"In the past, they were arrested and convicted on two separate charges, one of which was a felony and one of which was drug related.In addition, they have been arrested for a felony drug charge in the past, but they weren't convicted of it. ",charged with possession and intent to distribute crack and pcp. They also were charged with at least one non-drug related charge,944,2,100
284,978,19,male,not Black,1,1,0,0,0,0,1,1,1,1,1,0,0,0,0,1,0,1,0.3287671232876712,marijuana and cocaine,"In the past, they were arrested on a felony drug charge, but they weren't convicted of it.",charged with possession and intent to distribute marijuana and cocaine. They also were charged with at least one non-drug related charge,977,2,100
285,845,27,male,not Black,0,1,0,1,0,0,1,1,1,0,0,1,1,0,0,1,0,0,0.32894736842105265,cocaine and heroin,"In the past, they were arrested and convicted on a felony charge.",charged with possession and intent to distribute cocaine and heroin. They also were charged with at least one non-drug related charge,844,2,100
286,818,22,male,not Black,0,1,0,0,0,0,0,1,1,1,1,1,1,1,1,1,0,1,0.32894736842105265,cocaine,"In the past, they were arrested and convicted on a felony drug charge.",charged with possession and intent to distribute cocaine,817,2,100
287,910,19,male,not Black,0,1,0,0,0,0,0,1,1,1,1,0,0,0,0,0,1,1,0.3291139240506329,cocaine,"In the past, they were arrested on a felony drug charge, but they weren't convicted of it.",charged with distribution of cocaine,909,2,100
288,412,20,male,Black,1,0,0,0,0,0,0,0,0,0,0,0,0,0,0,1,0,0,0.32926829268292684,marijuana,They have no prior arrests.,charged with possession and intent to distribute marijuana,411,2,100
289,49,19,male,not Black,0,0,1,0,0,0,0,0,0,0,0,0,0,0,0,0,1,1,0.32926829268292684,crack,They have no prior arrests.,charged with distribution of crack,48,2,100
290,495,26,male,not Black,1,0,0,0,0,0,0,1,1,1,0,1,0,1,0,1,1,1,0.3333333333333333,marijuana,"In the past, they were arrested and convicted on a non-felony drug related charge.In additon, they have been arrested for a felony charge in the past, but they weren't convicted of it.",charged with possession and intent to distribute marijuana,494,2,100
291,43,25,male,not Black,1,1,0,0,0,0,1,1,1,1,1,0,0,0,0,1,0,0,0.3333333333333333,marijuana and cocaine,"In the past, they were arrested on a felony drug charge, but they weren't convicted of it.",charged with possession and intent to distribute marijuana and cocaine. They also were charged with at least one non-drug related charge,42,2,100
292,52,25,male,not Black,0,0,1,0,0,0,0,0,0,0,0,0,0,0,0,1,0,0,0.3333333333333333,crack,They have no prior arrests.,charged with possession and intent to distribute crack,51,2,100
293,410,40,male,not Black,0,1,0,0,0,0,0,1,1,1,1,1,1,1,1,0,1,0,0.3333333333333333,cocaine,"In the past, they were arrested and convicted on a felony drug charge.",charged with distribution of cocaine,409,2,100
294,388,23,male,not Black,0,0,1,0,0,0,1,1,0,0,0,1,0,0,0,1,0,0,0.3333333333333333,crack,"In the past, they were arrested and convicted of a crime, but it wasn't drug related or felony.",charged with possession and intent to distribute crack. They also were charged with at least one non-drug related charge,387,2,100
295,317,34,male,not Black,0,1,0,0,0,0,0,1,1,1,1,1,1,1,1,0,1,0,0.3333333333333333,cocaine,"In the past, they were arrested and convicted on a felony drug charge.",charged with distribution of cocaine,316,2,100
296,182,25,male,not Black,0,1,0,0,0,0,0,1,1,1,1,1,1,1,1,0,1,0,0.3333333333333333,cocaine,"In the past, they were arrested and convicted on a felony drug charge.",charged with distribution of cocaine,181,2,100
297,575,42,male,not Black,0,1,0,0,0,0,0,1,1,1,1,1,1,1,1,0,1,1,0.3333333333333333,cocaine,"In the past, they were arrested and convicted on a felony drug charge.",charged with distribution of cocaine,574,2,100
298,975,48,male,not Black,0,1,0,0,0,0,0,1,1,1,0,1,1,1,0,0,1,0,0.3333333333333333,cocaine,"In the past, they were arrested and convicted on two separate charges, one of which was a felony and one of which was drug related.",charged with distribution of cocaine,974,2,100
299,339,21,male,not Black,0,0,1,0,0,0,0,1,0,1,0,1,0,1,0,0,1,0,0.3333333333333333,crack,"In the past, they were arrested and convicted on a non-felony drug related charge.",charged with distribution of crack,338,2,100
300,330,21,male,not Black,1,1,0,0,0,0,0,1,0,1,0,1,0,1,0,1,0,1,0.3333333333333333,marijuana and cocaine,"In the past, they were arrested and convicted on a non-felony drug related charge.",charged with possession and intent to distribute marijuana and cocaine,329,3,100
301,951,24,male,not Black,0,0,1,0,0,0,1,1,1,1,1,1,1,1,1,0,1,1,0.33766233766233766,crack,"In the past, they were arrested and convicted on a felony drug charge.",charged with distribution of crack. They also were charged with at least one non-drug related charge,950,3,100
302,966,26,male,not Black,1,1,0,0,0,0,1,1,1,0,0,0,0,0,0,1,1,1,0.33783783783783783,marijuana and cocaine,"In the past, they were arrested on a felony charge, but they weren't convicted of it.",charged with possession and intent to distribute marijuana and cocaine. They also were charged with at least one non-drug related charge,965,3,100
303,1,23,male,not Black,0,0,0,0,1,0,0,1,0,0,0,0,0,0,0,1,0,1,0.33783783783783783,pcp,"In the past, they were arrested, but it wasn't a drug related or felony arrest, and they weren't convicted.",charged with possession and intent to distribute pcp,0,3,100
304,592,22,male,not Black,1,0,0,0,0,0,0,1,1,1,1,1,1,1,1,1,0,0,0.3380281690140845,marijuana,"In the past, they were arrested and convicted on a felony drug charge.",charged with possession and intent to distribute marijuana,591,3,100
305,4,38,female,not Black,0,1,0,0,0,0,0,1,1,1,1,1,1,1,1,0,1,0,0.3382352941176471,cocaine,"In the past, they were arrested and convicted on a felony drug charge.",charged with distribution of cocaine,3,3,100
306,518,22,male,not Black,1,0,0,0,0,0,1,1,0,1,0,1,0,0,0,0,1,1,0.3384615384615385,marijuana,"In the past, they were arrested and convicted of a crime, but it wasn't drug related or felony.In additon, they have been arrested for a non-felony drug charge in the past, but they weren't convicted of it.",charged with distribution of marijuana. They also were charged with at least one non-drug related charge,517,3,100
307,308,24,male,not Black,0,0,1,0,0,0,0,1,1,1,1,0,0,0,0,0,1,0,0.34177215189873417,crack,"In the past, they were arrested on a felony drug charge, but they weren't convicted of it.",charged with distribution of crack,307,3,100
308,822,24,male,not Black,0,0,0,1,0,0,1,1,1,1,1,1,1,1,1,0,1,1,0.34210526315789475,heroin,"In the past, they were arrested and convicted on a felony drug charge.",charged with distribution of heroin. They also were charged with at least one non-drug related charge,821,3,100
309,715,25,male,not Black,0,1,0,0,0,0,0,0,0,0,0,0,0,0,0,1,0,1,0.3424657534246575,cocaine,They have no prior arrests.,charged with possession and intent to distribute cocaine,714,3,100
310,284,33,male,not Black,0,0,0,0,1,0,0,1,1,1,1,1,1,1,1,1,0,0,0.3424657534246575,pcp,"In the past, they were arrested and convicted on a felony drug charge.",charged with possession and intent to distribute pcp,283,3,100
311,874,27,male,not Black,0,1,0,0,0,0,0,0,0,0,0,0,0,0,0,1,0,0,0.3424657534246575,cocaine,They have no prior arrests.,charged with possession and intent to distribute cocaine,873,3,100
312,640,27,male,not Black,0,1,0,0,0,0,0,1,1,1,1,0,0,0,0,1,0,1,0.3424657534246575,cocaine,"In the past, they were arrested on a felony drug charge, but they weren't convicted of it.",charged with possession and intent to distribute cocaine,639,3,100
313,929,22,male,not Black,0,0,1,0,0,0,0,1,1,0,0,1,0,0,0,1,0,1,0.34615384615384615,crack,"In the past, they were arrested and convicted of a crime, but it wasn't drug related or felony.In additon, they have been arrested for a felony charge in the past, but they weren't convicted of it.",charged with possession and intent to distribute crack,928,3,100
314,30,23,male,not Black,1,0,0,0,1,0,0,1,1,1,1,1,1,1,1,1,0,1,0.34782608695652173,marijuana and pcp,"In the past, they were arrested and convicted on a felony drug charge.",charged with possession and intent to distribute marijuana and pcp,29,3,100
315,763,22,male,not Black,0,1,0,0,0,0,0,1,1,0,0,0,0,0,0,0,1,0,0.3484848484848485,cocaine,"In the past, they were arrested on a felony charge, but they weren't convicted of it.",charged with distribution of cocaine,762,3,100
316,397,31,female,not Black,0,1,0,0,0,0,0,1,1,0,0,1,0,0,0,0,1,1,0.3488372093023256,cocaine,"In the past, they were arrested and convicted of a crime, but it wasn't drug related or felony.In additon, they have been arrested for a felony charge in the past, but they weren't convicted of it.",charged with distribution of cocaine,396,3,100
317,909,41,female,not Black,0,1,0,0,0,0,0,1,1,1,0,1,0,1,0,0,1,1,0.3492063492063492,cocaine,"In the past, they were arrested and convicted on a non-felony drug related charge.In additon, they have been arrested for a felony charge in the past, but they weren't convicted of it.",charged with distribution of cocaine,908,3,100
318,419,20,male,not Black,0,0,1,0,0,0,0,1,1,0,0,0,0,0,0,1,0,1,0.35,crack,"In the past, they were arrested on a felony charge, but they weren't convicted of it.",charged with possession and intent to distribute crack,418,3,100
319,415,20,male,not Black,0,1,0,0,0,0,0,0,0,0,0,0,0,0,0,1,0,1,0.35064935064935066,cocaine,They have no prior arrests.,charged with possession and intent to distribute cocaine,414,3,100
320,250,39,male,not Black,0,1,0,0,0,0,0,1,1,1,1,1,1,1,1,1,0,1,0.352112676056338,cocaine,"In the past, they were arrested and convicted on a felony drug charge.",charged with possession and intent to distribute cocaine,249,3,100
321,321,22,male,not Black,0,0,0,0,1,0,0,0,0,0,0,0,0,0,0,0,1,1,0.35294117647058826,pcp,They have no prior arrests.,charged with distribution of pcp,320,3,100
322,85,18,male,not Black,0,1,0,0,0,0,0,0,0,0,0,0,0,0,0,1,1,1,0.35365853658536583,cocaine,They have no prior arrests.,charged with possession and intent to distribute cocaine,84,3,100
323,171,36,male,not Black,0,0,0,0,1,0,0,1,1,1,1,1,1,1,1,0,1,0,0.35365853658536583,pcp,"In the past, they were arrested and convicted on a felony drug charge.",charged with distribution of pcp,170,3,100
324,179,31,male,not Black,0,1,0,0,0,0,0,1,1,1,1,1,1,1,1,1,1,1,0.35365853658536583,cocaine,"In the past, they were arrested and convicted on a felony drug charge.",charged with possession and intent to distribute cocaine,178,3,100
325,304,21,male,not Black,1,0,1,0,0,0,0,0,0,0,0,0,0,0,0,1,0,1,0.35526315789473684,marijuana and crack,They have no prior arrests.,charged with possession and intent to distribute marijuana and crack,303,3,100
326,401,23,male,not Black,0,0,0,1,0,0,0,1,1,0,0,0,0,0,0,0,1,1,0.35526315789473684,heroin,"In the past, they were arrested on a felony charge, but they weren't convicted of it.",charged with distribution of heroin,400,3,100
327,45,46,male,not Black,0,0,0,1,0,0,0,1,1,1,1,1,1,1,1,0,1,0,0.35714285714285715,heroin,"In the past, they were arrested and convicted on a felony drug charge.",charged with distribution of heroin,44,3,100
328,131,53,male,not Black,0,0,0,1,0,0,0,1,1,1,1,1,1,1,1,0,1,1,0.35714285714285715,heroin,"In the past, they were arrested and convicted on a felony drug charge.",charged with distribution of heroin,130,3,100
329,307,41,male,not Black,0,0,0,1,0,0,0,1,1,1,1,1,1,1,1,0,1,1,0.35714285714285715,heroin,"In the past, they were arrested and convicted on a felony drug charge.",charged with distribution of heroin,306,3,100
330,510,31,male,not Black,0,1,0,1,0,0,0,1,1,1,1,1,1,1,1,1,0,0,0.35802469135802467,cocaine and heroin,"In the past, they were arrested and convicted on a felony drug charge.",charged with possession and intent to distribute cocaine and heroin,509,3,100
331,795,22,male,not Black,0,1,0,0,0,0,0,1,1,1,1,1,1,1,1,0,1,1,0.358974358974359,cocaine,"In the past, they were arrested and convicted on a felony drug charge.",charged with distribution of cocaine,794,3,100
332,840,27,male,not Black,1,0,0,0,0,0,0,1,1,1,1,1,1,1,1,0,1,0,0.359375,marijuana,"In the past, they were arrested and convicted on a felony drug charge.",charged with distribution of marijuana,839,3,100
333,383,21,male,not Black,0,0,0,1,0,0,0,0,0,0,0,0,0,0,0,0,1,1,0.359375,heroin,They have no prior arrests.,charged with distribution of heroin,382,3,100
334,996,33,male,not Black,0,1,0,0,0,0,1,1,1,1,1,1,1,1,1,0,1,1,0.359375,cocaine,"In the past, they were arrested and convicted on a felony drug charge.",charged with distribution of cocaine. They also were charged with at least one non-drug related charge,995,3,100
335,923,41,male,not Black,0,0,0,1,0,0,0,1,1,1,1,1,1,1,1,1,0,0,0.359375,heroin,"In the past, they were arrested and convicted on a felony drug charge.",charged with possession and intent to distribute heroin,922,3,100
336,336,22,male,not Black,1,0,0,0,1,0,0,1,1,1,1,1,1,1,1,1,0,1,0.36231884057971014,marijuana and pcp,"In the past, they were arrested and convicted on a felony drug charge.",charged with possession and intent to distribute marijuana and pcp,335,3,100
337,879,25,male,not Black,0,0,1,0,0,0,0,1,1,1,0,1,1,0,0,1,0,1,0.3625,crack,"In the past, they were arrested and convicted on a felony charge.In additon, they have been arrested for a non-felony drug charge in the past, but they weren't convicted of it.",charged with possession and intent to distribute crack,878,3,100
338,489,22,male,not Black,1,1,0,0,0,0,0,0,0,0,0,0,0,0,0,1,0,1,0.36363636363636365,marijuana and cocaine,They have no prior arrests.,charged with possession and intent to distribute marijuana and cocaine,488,3,100
339,343,20,male,not Black,0,0,0,1,0,0,0,1,1,1,1,0,0,0,0,1,1,1,0.36486486486486486,heroin,"In the past, they were arrested on a felony drug charge, but they weren't convicted of it.",charged with possession and intent to distribute heroin,342,3,100
340,665,28,male,not Black,0,0,1,0,0,0,1,1,1,1,1,1,1,1,1,1,0,1,0.36486486486486486,crack,"In the past, they were arrested and convicted on a felony drug charge.",charged with possession and intent to distribute crack. They also were charged with at least one non-drug related charge,664,3,100
341,53,22,male,not Black,0,0,0,1,0,0,0,1,1,1,1,1,1,1,1,1,1,0,0.36619718309859156,heroin,"In the past, they were arrested and convicted on a felony drug charge.",charged with possession and intent to distribute heroin,52,3,100
342,632,37,male,not Black,0,0,0,1,0,0,0,0,0,0,0,0,0,0,0,0,1,0,0.36619718309859156,heroin,They have no prior arrests.,charged with distribution of heroin,631,3,100
343,570,20,male,not Black,0,0,1,0,0,0,0,0,0,0,0,0,0,0,0,1,1,1,0.36619718309859156,crack,They have no prior arrests.,charged with possession and intent to distribute crack,569,3,100
344,28,23,male,not Black,1,0,0,0,0,0,0,1,0,1,0,1,0,1,0,0,1,1,0.36764705882352944,marijuana,"In the past, they were arrested and convicted on a non-felony drug related charge.",charged with distribution of marijuana,27,3,100
345,895,39,male,not Black,0,0,0,1,0,0,0,1,1,1,1,0,0,0,0,1,1,1,0.36764705882352944,heroin,"In the past, they were arrested on a felony drug charge, but they weren't convicted of it.",charged with possession and intent to distribute heroin,894,3,100
346,745,24,male,not Black,0,1,0,0,0,0,0,1,1,1,1,0,0,0,0,1,0,1,0.36904761904761907,cocaine,"In the past, they were arrested on a felony drug charge, but they weren't convicted of it.",charged with possession and intent to distribute cocaine,744,3,100
347,663,26,male,not Black,0,1,0,0,0,0,0,1,1,1,1,1,1,1,1,0,1,0,0.3695652173913043,cocaine,"In the past, they were arrested and convicted on a felony drug charge.",charged with distribution of cocaine,662,3,100
348,791,41,male,not Black,1,0,0,0,0,0,0,1,1,1,1,1,1,1,1,0,1,1,0.3698630136986301,marijuana,"In the past, they were arrested and convicted on a felony drug charge.",charged with distribution of marijuana,790,3,100
349,660,25,male,not Black,0,0,1,0,0,0,0,1,1,0,0,0,0,0,0,1,0,1,0.37142857142857144,crack,"In the past, they were arrested on a felony charge, but they weren't convicted of it.",charged with possession and intent to distribute crack,659,3,100
350,7,20,female,not Black,0,1,0,0,0,0,0,1,0,0,0,0,0,0,0,0,1,0,0.3717948717948718,cocaine,"In the past, they were arrested, but it wasn't a drug related or felony arrest, and they weren't convicted.",charged with distribution of cocaine,6,3,100
351,19,42,male,not Black,1,1,0,0,0,0,0,1,1,1,1,1,1,1,1,1,0,0,0.37333333333333335,marijuana and cocaine,"In the past, they were arrested and convicted on a felony drug charge.",charged with possession and intent to distribute marijuana and cocaine,18,3,100
352,523,22,male,not Black,0,1,0,0,0,0,0,1,0,1,0,0,0,0,0,0,1,1,0.37333333333333335,cocaine,"In the past, they were arrested on a non-felony drug related charge, but they weren't convicted of it.",charged with distribution of cocaine,522,3,100
353,71,40,male,not Black,0,1,0,0,0,0,0,1,1,0,0,1,1,0,0,0,1,0,0.37362637362637363,cocaine,"In the past, they were arrested and convicted on a felony charge.",charged with distribution of cocaine,70,3,100
354,461,20,male,not Black,0,0,0,1,0,0,0,1,1,1,1,1,1,0,0,0,1,1,0.375,heroin,"In the past, they were arrested and convicted on a felony charge.In addition, they have been arrested for a felony drug charge in the past, but they weren't convicted of it.",charged with distribution of heroin,460,3,100
355,784,33,male,not Black,0,0,1,0,0,0,0,1,1,0,0,0,0,0,0,1,0,0,0.3764705882352941,crack,"In the past, they were arrested on a felony charge, but they weren't convicted of it.",charged with possession and intent to distribute crack,783,3,100
356,265,21,male,not Black,0,1,0,0,0,0,0,1,0,0,0,0,0,0,0,0,1,1,0.37662337662337664,cocaine,"In the past, they were arrested, but it wasn't a drug related or felony arrest, and they weren't convicted.",charged with distribution of cocaine,264,3,100
357,995,37,male,not Black,0,1,0,0,0,0,0,1,1,0,0,1,1,0,0,1,0,0,0.37681159420289856,cocaine,"In the past, they were arrested and convicted on a felony charge.",charged with possession and intent to distribute cocaine,994,3,100
358,565,35,male,not Black,0,0,0,1,0,0,0,1,1,1,1,1,1,1,1,1,0,0,0.3780487804878049,heroin,"In the past, they were arrested and convicted on a felony drug charge.",charged with possession and intent to distribute heroin,564,3,100
359,835,65,male,not Black,0,0,0,1,0,0,0,1,1,1,1,1,1,1,1,1,0,0,0.3780487804878049,heroin,"In the past, they were arrested and convicted on a felony drug charge.",charged with possession and intent to distribute heroin,834,3,100
360,318,45,male,not Black,0,1,0,1,0,0,0,1,1,1,1,1,1,1,1,1,1,1,0.3783783783783784,cocaine and heroin,"In the past, they were arrested and convicted on a felony drug charge.",charged with possession and intent to distribute cocaine and heroin,317,3,100
361,865,45,male,not Black,0,0,0,1,0,0,0,1,1,1,1,1,1,1,1,1,0,0,0.3787878787878788,heroin,"In the past, they were arrested and convicted on a felony drug charge.",charged with possession and intent to distribute heroin,864,3,100
362,424,46,male,not Black,0,0,0,1,0,0,0,1,1,1,1,1,1,1,1,0,1,1,0.38028169014084506,heroin,"In the past, they were arrested and convicted on a felony drug charge.",charged with distribution of heroin,423,3,100
363,477,44,male,not Black,0,0,0,1,0,0,0,1,1,1,1,0,0,0,0,0,1,0,0.3815789473684211,heroin,"In the past, they were arrested on a felony drug charge, but they weren't convicted of it.",charged with distribution of heroin,476,3,100
364,136,23,male,not Black,0,1,0,0,0,0,0,1,0,0,0,0,0,0,0,1,0,0,0.38235294117647056,cocaine,"In the past, they were arrested, but it wasn't a drug related or felony arrest, and they weren't convicted.",charged with possession and intent to distribute cocaine,135,3,100
365,894,28,male,not Black,0,0,0,1,0,0,0,1,1,1,1,1,1,1,0,1,0,0,0.38271604938271603,heroin,"In the past, they were arrested and convicted on two separate charges, one of which was a felony and one of which was drug related.In addition, they have been arrested for a felony drug charge in the past, but they weren't convicted of it. ",charged with possession and intent to distribute heroin,893,3,100
366,238,21,male,not Black,0,0,0,1,0,0,0,1,1,1,1,1,1,1,1,0,1,1,0.3835616438356164,heroin,"In the past, they were arrested and convicted on a felony drug charge.",charged with distribution of heroin,237,3,100
367,697,22,male,not Black,1,1,0,0,0,0,0,1,1,0,0,0,0,0,0,0,1,0,0.3835616438356164,marijuana and cocaine,"In the past, they were arrested on a felony charge, but they weren't convicted of it.",charged with distribution of marijuana and cocaine,696,3,100
368,939,23,male,not Black,1,1,0,0,0,0,1,1,1,1,1,1,1,1,1,1,1,0,0.38461538461538464,marijuana and cocaine,"In the past, they were arrested and convicted on a felony drug charge.",charged with possession and intent to distribute marijuana and cocaine. They also were charged with at least one non-drug related charge,938,3,100
369,616,21,male,not Black,0,0,1,0,0,0,0,1,1,1,1,0,0,0,0,1,0,0,0.38571428571428573,crack,"In the past, they were arrested on a felony drug charge, but they weren't convicted of it.",charged with possession and intent to distribute crack,615,3,100
370,736,28,male,not Black,1,1,0,0,0,0,0,1,1,1,1,1,0,1,0,0,1,0,0.38571428571428573,marijuana and cocaine,"In the past, they were arrested and convicted on a non-felony drug related charge.In addition, they have been arrested for a felony drug charge in the past, but they weren't convicted of it.",charged with distribution of marijuana and cocaine,735,3,100
371,88,35,male,not Black,0,0,1,0,0,0,0,1,1,1,1,0,0,0,0,0,1,0,0.38666666666666666,crack,"In the past, they were arrested on a felony drug charge, but they weren't convicted of it.",charged with distribution of crack,87,3,100
372,690,27,female,not Black,0,1,0,0,0,0,0,1,0,1,0,1,0,1,0,0,1,0,0.3875,cocaine,"In the past, they were arrested and convicted on a non-felony drug related charge.",charged with distribution of cocaine,689,3,100
373,643,43,female,not Black,0,0,0,1,0,0,0,1,1,1,1,1,1,1,0,0,1,0,0.3875,heroin,"In the past, they were arrested and convicted on two separate charges, one of which was a felony and one of which was drug related.In addition, they have been arrested for a felony drug charge in the past, but they weren't convicted of it. ",charged with distribution of heroin,642,3,100
374,550,21,male,not Black,0,1,0,0,0,0,0,1,1,0,0,0,0,0,0,1,0,0,0.3875,cocaine,"In the past, they were arrested on a felony charge, but they weren't convicted of it.",charged with possession and intent to distribute cocaine,549,3,100
375,596,56,male,not Black,1,0,1,0,0,0,0,1,0,1,0,1,0,1,0,1,0,1,0.3880597014925373,marijuana and crack,"In the past, they were arrested and convicted on a non-felony drug related charge.",charged with possession and intent to distribute marijuana and crack,595,3,100
376,157,21,male,Black,0,1,0,0,0,0,0,0,0,0,0,0,0,0,0,0,1,1,0.3880597014925373,cocaine,They have no prior arrests.,charged with distribution of cocaine,156,3,100
377,624,23,male,not Black,0,1,0,1,0,0,0,1,1,1,0,1,1,1,0,1,0,1,0.390625,cocaine and heroin,"In the past, they were arrested and convicted on two separate charges, one of which was a felony and one of which was drug related.",charged with possession and intent to distribute cocaine and heroin,623,3,100
378,901,46,male,not Black,0,1,0,0,0,0,0,1,0,1,0,1,0,1,0,1,0,0,0.39080459770114945,cocaine,"In the past, they were arrested and convicted on a non-felony drug related charge.",charged with possession and intent to distribute cocaine,900,3,100
379,449,28,male,not Black,0,0,0,0,1,0,0,0,0,0,0,0,0,0,0,1,1,0,0.391304347826087,pcp,They have no prior arrests.,charged with possession and intent to distribute pcp,448,3,100
380,917,23,male,not Black,1,0,0,0,0,0,0,1,1,1,1,1,1,1,0,0,1,0,0.3918918918918919,marijuana,"In the past, they were arrested and convicted on two separate charges, one of which was a felony and one of which was drug related.In addition, they have been arrested for a felony drug charge in the past, but they weren't convicted of it. ",charged with distribution of marijuana,916,3,100
381,404,21,male,not Black,1,1,0,0,0,0,0,1,1,1,0,1,1,1,0,1,1,1,0.39285714285714285,marijuana and cocaine,"In the past, they were arrested and convicted on two separate charges, one of which was a felony and one of which was drug related.",charged with possession and intent to distribute marijuana and cocaine,403,3,100
382,56,37,male,not Black,0,0,0,1,0,0,0,1,1,1,1,0,0,0,0,0,1,0,0.39436619718309857,heroin,"In the past, they were arrested on a felony drug charge, but they weren't convicted of it.",charged with distribution of heroin,55,3,100
383,780,27,male,not Black,1,0,0,0,0,0,0,1,1,0,0,1,1,0,0,0,1,1,0.39473684210526316,marijuana,"In the past, they were arrested and convicted on a felony charge.",charged with distribution of marijuana,779,3,100
384,861,24,male,not Black,1,0,0,0,0,0,0,1,1,1,1,1,1,1,1,1,1,1,0.39473684210526316,marijuana,"In the past, they were arrested and convicted on a felony drug charge.",charged with possession and intent to distribute marijuana,860,3,100
385,526,53,male,not Black,0,0,0,1,0,0,0,1,1,1,1,1,1,1,1,1,0,0,0.39473684210526316,heroin,"In the past, they were arrested and convicted on a felony drug charge.",charged with possession and intent to distribute heroin,525,3,100
386,331,23,male,not Black,1,0,0,0,0,0,0,1,1,1,1,1,0,1,0,1,0,1,0.39473684210526316,marijuana,"In the past, they were arrested and convicted on a non-felony drug related charge.In addition, they have been arrested for a felony drug charge in the past, but they weren't convicted of it.",charged with possession and intent to distribute marijuana,330,3,100
387,10,21,male,not Black,0,1,0,0,0,0,1,1,1,1,1,1,0,1,0,1,0,1,0.3968253968253968,cocaine,"In the past, they were arrested and convicted on a non-felony drug related charge.In addition, they have been arrested for a felony drug charge in the past, but they weren't convicted of it.",charged with possession and intent to distribute cocaine. They also were charged with at least one non-drug related charge,9,3,100
388,541,22,male,not Black,0,0,1,0,0,0,0,1,1,1,1,1,1,1,1,1,0,1,0.3972602739726027,crack,"In the past, they were arrested and convicted on a felony drug charge.",charged with possession and intent to distribute crack,540,3,100
389,878,41,male,not Black,0,0,0,1,0,0,0,1,1,1,1,0,0,0,0,1,1,1,0.3974358974358974,heroin,"In the past, they were arrested on a felony drug charge, but they weren't convicted of it.",charged with possession and intent to distribute heroin,877,3,100
390,360,23,male,not Black,0,1,0,0,0,0,0,1,1,0,0,0,0,0,0,1,0,0,0.3974358974358974,cocaine,"In the past, they were arrested on a felony charge, but they weren't convicted of it.",charged with possession and intent to distribute cocaine,359,3,100
391,63,21,male,not Black,0,1,0,0,0,0,0,1,1,1,0,0,0,0,0,1,0,1,0.39759036144578314,cocaine,"In the past, they were arrested on two separate charges: one felony charge and one drug-related charge, but they weren't convicted of either.",charged with possession and intent to distribute cocaine,62,3,100
392,50,22,male,not Black,0,0,1,0,0,0,0,0,0,0,0,0,0,0,0,1,0,1,0.39759036144578314,crack,They have no prior arrests.,charged with possession and intent to distribute crack,49,3,100
393,1000,22,female,not Black,0,0,1,1,0,0,0,1,0,0,0,0,0,0,0,1,0,0,0.4,crack and heroin,"In the past, they were arrested, but it wasn't a drug related or felony arrest, and they weren't convicted.",charged with possession and intent to distribute crack and heroin,999,3,100
394,333,32,male,not Black,0,0,0,1,0,0,1,1,1,1,1,1,1,1,1,1,1,1,0.4,heroin,"In the past, they were arrested and convicted on a felony drug charge.",charged with possession and intent to distribute heroin. They also were charged with at least one non-drug related charge,332,3,100
395,31,21,male,not Black,1,1,0,0,0,0,0,1,1,1,1,1,1,0,0,1,0,1,0.4,marijuana and cocaine,"In the past, they were arrested and convicted on a felony charge.In addition, they have been arrested for a felony drug charge in the past, but they weren't convicted of it.",charged with possession and intent to distribute marijuana and cocaine,30,3,100
396,928,47,male,not Black,0,0,0,1,0,0,0,1,1,0,0,1,1,0,0,0,1,0,0.40229885057471265,heroin,"In the past, they were arrested and convicted on a felony charge.",charged with distribution of heroin,927,3,100
397,309,26,male,not Black,1,0,0,0,0,0,0,1,1,1,1,1,1,1,1,0,1,1,0.4024390243902439,marijuana,"In the past, they were arrested and convicted on a felony drug charge.",charged with distribution of marijuana,308,3,100
398,748,28,male,not Black,0,0,1,0,0,0,0,1,1,1,1,1,1,1,1,1,0,0,0.4025974025974026,crack,"In the past, they were arrested and convicted on a felony drug charge.",charged with possession and intent to distribute crack,747,3,100
399,39,20,male,not Black,0,1,0,0,0,0,1,1,1,1,1,1,1,1,1,0,1,0,0.4025974025974026,cocaine,"In the past, they were arrested and convicted on a felony drug charge.",charged with distribution of cocaine. They also were charged with at least one non-drug related charge,38,3,100
400,9,20,female,not Black,0,0,0,0,1,0,0,1,1,1,1,1,0,0,0,0,1,0,0.4027777777777778,pcp,"In the past, they were arrested and convicted of a crime, but it wasn't drug related or felony.In addition, they have been arrested for a felony drug charge in the past, but they weren't convicted of it.",charged with distribution of pcp,8,4,100
401,520,47,female,not Black,0,0,0,1,0,0,0,1,1,1,1,1,1,1,1,0,1,1,0.4050632911392405,heroin,"In the past, they were arrested and convicted on a felony drug charge.",charged with distribution of heroin,519,4,100
402,70,19,male,not Black,0,0,0,1,0,0,0,0,0,0,0,0,0,0,0,0,1,1,0.40540540540540543,heroin,They have no prior arrests.,charged with distribution of heroin,69,4,100
403,534,19,male,not Black,0,0,0,1,0,0,0,0,0,0,0,0,0,0,0,1,1,1,0.40540540540540543,heroin,They have no prior arrests.,charged with possession and intent to distribute heroin,533,4,100
404,540,49,male,not Black,0,0,0,1,0,0,0,1,1,1,1,1,1,1,1,0,1,0,0.40625,heroin,"In the past, they were arrested and convicted on a felony drug charge.",charged with distribution of heroin,539,4,100
405,496,21,male,not Black,0,1,0,1,0,0,0,1,1,0,0,0,0,0,0,1,1,0,0.4074074074074074,cocaine and heroin,"In the past, they were arrested on a felony charge, but they weren't convicted of it.",charged with possession and intent to distribute cocaine and heroin,495,4,100
406,82,24,male,not Black,1,1,0,0,0,0,0,1,1,1,1,1,1,1,1,1,0,1,0.4074074074074074,marijuana and cocaine,"In the past, they were arrested and convicted on a felony drug charge.",charged with possession and intent to distribute marijuana and cocaine,81,4,100
407,357,36,male,not Black,0,0,0,1,0,0,1,1,0,1,0,1,0,1,0,0,1,0,0.4074074074074074,heroin,"In the past, they were arrested and convicted on a non-felony drug related charge.",charged with distribution of heroin. They also were charged with at least one non-drug related charge,356,4,100
408,798,19,female,not Black,0,1,0,0,0,0,1,1,1,1,1,0,0,0,0,1,0,1,0.4084507042253521,cocaine,"In the past, they were arrested on a felony drug charge, but they weren't convicted of it.",charged with possession and intent to distribute cocaine. They also were charged with at least one non-drug related charge,797,4,100
409,204,38,male,not Black,0,0,0,1,0,0,0,1,1,1,1,1,1,1,1,0,1,1,0.4084507042253521,heroin,"In the past, they were arrested and convicted on a felony drug charge.",charged with distribution of heroin,203,4,100
410,175,24,male,not Black,1,0,0,0,0,0,0,1,1,1,1,1,1,1,1,0,1,0,0.4084507042253521,marijuana,"In the past, they were arrested and convicted on a felony drug charge.",charged with distribution of marijuana,174,4,100
411,823,30,male,not Black,0,1,0,0,0,0,0,1,1,1,1,1,1,1,1,1,0,0,0.4090909090909091,cocaine,"In the past, they were arrested and convicted on a felony drug charge.",charged with possession and intent to distribute cocaine,822,4,100
412,931,27,male,not Black,0,1,0,0,0,0,0,1,0,0,0,1,0,0,0,0,1,1,0.41025641025641024,cocaine,"In the past, they were arrested and convicted of a crime, but it wasn't drug related or felony.",charged with distribution of cocaine,930,4,100
413,651,24,male,not Black,0,0,1,0,0,0,0,1,0,0,0,1,0,0,0,1,0,0,0.41025641025641024,crack,"In the past, they were arrested and convicted of a crime, but it wasn't drug related or felony.",charged with possession and intent to distribute crack,650,4,100
414,185,21,male,Black,0,1,0,0,0,0,0,1,1,1,1,1,1,1,1,1,0,0,0.410958904109589,cocaine,"In the past, they were arrested and convicted on a felony drug charge.",charged with possession and intent to distribute cocaine,184,4,100
415,677,41,male,not Black,0,0,0,1,0,0,0,1,1,1,0,1,1,1,0,0,1,0,0.41333333333333333,heroin,"In the past, they were arrested and convicted on two separate charges, one of which was a felony and one of which was drug related.",charged with distribution of heroin,676,4,100
416,345,32,male,not Black,0,0,0,1,0,0,0,1,1,1,1,1,1,1,1,1,0,1,0.41333333333333333,heroin,"In the past, they were arrested and convicted on a felony drug charge.",charged with possession and intent to distribute heroin,344,4,100
417,988,30,male,not Black,0,1,0,0,0,0,0,1,1,1,1,1,1,1,0,0,1,1,0.4142857142857143,cocaine,"In the past, they were arrested and convicted on two separate charges, one of which was a felony and one of which was drug related.In addition, they have been arrested for a felony drug charge in the past, but they weren't convicted of it. ",charged with distribution of cocaine,987,4,100
418,486,22,male,not Black,0,1,0,0,0,0,0,1,1,1,0,1,0,0,0,0,1,1,0.4142857142857143,cocaine,"In the past, they were arrested and convicted of a crime, but it wasn't drug related or felony.In additon, they have been arrested for a felony charge in the past, but they weren't convicted of it.",charged with distribution of cocaine,485,4,100
419,434,37,male,not Black,0,0,0,1,0,0,1,1,1,1,1,1,1,1,1,0,1,0,0.4146341463414634,heroin,"In the past, they were arrested and convicted on a felony drug charge.",charged with distribution of heroin. They also were charged with at least one non-drug related charge,433,4,100
420,856,28,male,not Black,1,1,0,0,0,0,0,1,1,1,1,1,1,0,0,0,1,0,0.4153846153846154,marijuana and cocaine,"In the past, they were arrested and convicted on a felony charge.In addition, they have been arrested for a felony drug charge in the past, but they weren't convicted of it.",charged with distribution of marijuana and cocaine,855,4,100
421,350,21,male,not Black,0,1,0,0,0,0,1,1,1,0,0,0,0,0,0,1,0,0,0.4155844155844156,cocaine,"In the past, they were arrested on a felony charge, but they weren't convicted of it.",charged with possession and intent to distribute cocaine. They also were charged with at least one non-drug related charge,349,4,100
422,231,28,male,not Black,0,1,0,0,0,0,0,1,1,1,1,1,1,1,1,0,1,0,0.4155844155844156,cocaine,"In the past, they were arrested and convicted on a felony drug charge.",charged with distribution of cocaine,230,4,100
423,198,45,female,not Black,0,1,1,0,0,0,0,1,0,0,0,1,0,0,0,0,1,0,0.4166666666666667,cocaine and crack,"In the past, they were arrested and convicted of a crime, but it wasn't drug related or felony.",charged with distribution of cocaine and crack,197,4,100
424,633,37,male,not Black,0,0,1,0,0,0,1,0,0,0,0,0,0,0,0,1,0,0,0.4166666666666667,crack,They have no prior arrests.,charged with possession and intent to distribute crack. They also were charged with at least one non-drug related charge,632,4,100
425,740,21,male,not Black,0,0,1,0,0,0,0,1,0,1,0,0,0,0,0,1,0,1,0.4189189189189189,crack,"In the past, they were arrested on a non-felony drug related charge, but they weren't convicted of it.",charged with possession and intent to distribute crack,739,4,100
426,694,24,male,not Black,1,1,0,0,0,0,0,1,1,1,0,0,0,0,0,1,1,1,0.4189189189189189,marijuana and cocaine,"In the past, they were arrested on two separate charges: one felony charge and one drug-related charge, but they weren't convicted of either.",charged with possession and intent to distribute marijuana and cocaine,693,4,100
427,3,24,male,not Black,1,0,0,1,0,0,0,1,0,1,0,1,0,1,0,1,0,1,0.42028985507246375,marijuana and heroin,"In the past, they were arrested and convicted on a non-felony drug related charge.",charged with possession and intent to distribute marijuana and heroin,2,4,100
428,717,26,male,not Black,0,1,0,0,0,0,0,1,1,1,1,1,0,1,0,0,1,1,0.42168674698795183,cocaine,"In the past, they were arrested and convicted on a non-felony drug related charge.In addition, they have been arrested for a felony drug charge in the past, but they weren't convicted of it.",charged with distribution of cocaine,716,4,100
429,207,23,male,not Black,0,1,0,0,0,0,0,1,0,1,0,1,0,0,0,0,1,1,0.42168674698795183,cocaine,"In the past, they were arrested and convicted of a crime, but it wasn't drug related or felony.In additon, they have been arrested for a non-felony drug charge in the past, but they weren't convicted of it.",charged with distribution of cocaine,206,4,100
430,193,35,male,not Black,0,0,0,1,0,0,0,1,1,1,1,1,1,1,1,1,1,1,0.4230769230769231,heroin,"In the past, they were arrested and convicted on a felony drug charge.",charged with possession and intent to distribute heroin,192,4,100
431,232,25,male,not Black,0,1,0,0,0,0,0,1,0,0,0,0,0,0,0,0,1,0,0.423728813559322,cocaine,"In the past, they were arrested, but it wasn't a drug related or felony arrest, and they weren't convicted.",charged with distribution of cocaine,231,4,100
432,619,35,male,not Black,0,1,0,0,0,0,0,1,0,1,0,1,0,1,0,0,1,0,0.4246575342465753,cocaine,"In the past, they were arrested and convicted on a non-felony drug related charge.",charged with distribution of cocaine,618,4,100
433,788,21,male,not Black,0,0,1,0,0,0,0,1,1,1,0,0,0,0,0,1,0,1,0.425,crack,"In the past, they were arrested on two separate charges: one felony charge and one drug-related charge, but they weren't convicted of either.",charged with possession and intent to distribute crack,787,4,100
434,547,34,male,not Black,0,0,1,0,0,0,0,1,1,1,1,1,1,1,1,1,0,0,0.425,crack,"In the past, they were arrested and convicted on a felony drug charge.",charged with possession and intent to distribute crack,546,4,100
435,825,54,male,not Black,1,0,0,0,0,0,0,1,0,1,0,1,0,1,0,0,1,1,0.4264705882352941,marijuana,"In the past, they were arrested and convicted on a non-felony drug related charge.",charged with distribution of marijuana,824,4,100
436,120,35,male,not Black,0,0,0,1,0,0,0,1,1,1,1,1,1,1,1,1,0,1,0.4264705882352941,heroin,"In the past, they were arrested and convicted on a felony drug charge.",charged with possession and intent to distribute heroin,119,4,100
437,287,24,male,not Black,0,1,0,0,0,0,0,1,1,1,1,1,1,1,1,1,1,1,0.42857142857142855,cocaine,"In the past, they were arrested and convicted on a felony drug charge.",charged with possession and intent to distribute cocaine,286,4,100
438,466,34,female,not Black,1,1,0,0,0,0,0,1,1,1,0,1,1,1,0,0,1,1,0.42857142857142855,marijuana and cocaine,"In the past, they were arrested and convicted on two separate charges, one of which was a felony and one of which was drug related.",charged with distribution of marijuana and cocaine,465,4,100
439,755,21,male,not Black,0,1,0,0,0,0,0,1,1,1,1,1,1,1,1,1,1,1,0.42857142857142855,cocaine,"In the past, they were arrested and convicted on a felony drug charge.",charged with possession and intent to distribute cocaine,754,4,100
440,414,54,male,not Black,0,0,1,0,0,0,0,1,1,1,1,1,0,1,0,1,0,0,0.42857142857142855,crack,"In the past, they were arrested and convicted on a non-felony drug related charge.In addition, they have been arrested for a felony drug charge in the past, but they weren't convicted of it.",charged with possession and intent to distribute crack,413,4,100
441,184,48,male,not Black,0,0,1,0,0,0,0,1,1,1,1,1,1,1,1,0,1,0,0.42857142857142855,crack,"In the past, they were arrested and convicted on a felony drug charge.",charged with distribution of crack,183,4,100
442,521,27,female,not Black,0,0,1,0,1,0,0,1,1,0,0,0,0,0,0,1,0,1,0.42857142857142855,crack and pcp,"In the past, they were arrested on a felony charge, but they weren't convicted of it.",charged with possession and intent to distribute crack and pcp,520,4,100
443,661,27,male,not Black,1,1,0,0,0,0,1,1,1,1,1,1,1,1,1,1,0,1,0.43023255813953487,marijuana and cocaine,"In the past, they were arrested and convicted on a felony drug charge.",charged with possession and intent to distribute marijuana and cocaine. They also were charged with at least one non-drug related charge,660,4,100
444,908,28,male,not Black,1,0,0,0,0,0,0,1,1,1,1,1,1,1,1,0,1,0,0.4305555555555556,marijuana,"In the past, they were arrested and convicted on a felony drug charge.",charged with distribution of marijuana,907,4,100
445,802,23,male,not Black,1,0,0,0,0,0,0,1,1,0,0,0,0,0,0,0,1,1,0.4305555555555556,marijuana,"In the past, they were arrested on a felony charge, but they weren't convicted of it.",charged with distribution of marijuana,801,4,100
446,376,26,male,not Black,0,1,0,0,0,0,0,1,1,1,1,1,1,1,1,0,1,1,0.4307692307692308,cocaine,"In the past, they were arrested and convicted on a felony drug charge.",charged with distribution of cocaine,375,4,100
447,729,49,female,not Black,0,0,0,1,0,0,0,1,0,1,0,1,0,1,0,0,1,0,0.4307692307692308,heroin,"In the past, they were arrested and convicted on a non-felony drug related charge.",charged with distribution of heroin,728,4,100
448,73,31,male,not Black,1,0,0,0,0,0,0,1,1,1,1,1,1,1,1,0,1,1,0.4307692307692308,marijuana,"In the past, they were arrested and convicted on a felony drug charge.",charged with distribution of marijuana,72,4,100
449,688,22,male,not Black,0,1,0,0,0,0,1,1,1,1,1,1,1,1,1,0,1,1,0.43209876543209874,cocaine,"In the past, they were arrested and convicted on a felony drug charge.",charged with distribution of cocaine. They also were charged with at least one non-drug related charge,687,4,100
450,581,32,male,not Black,0,1,0,0,0,0,0,1,1,1,1,1,1,1,1,1,0,1,0.43243243243243246,cocaine,"In the past, they were arrested and convicted on a felony drug charge.",charged with possession and intent to distribute cocaine,580,4,100
451,165,25,male,not Black,1,0,1,0,0,0,0,1,0,1,0,0,0,0,0,0,1,0,0.43243243243243246,marijuana and crack,"In the past, they were arrested on a non-felony drug related charge, but they weren't convicted of it.",charged with distribution of marijuana and crack,164,4,100
452,433,20,male,not Black,0,0,0,0,1,0,0,1,1,1,1,0,0,0,0,0,1,1,0.43283582089552236,pcp,"In the past, they were arrested on a felony drug charge, but they weren't convicted of it.",charged with distribution of pcp,432,4,100
453,828,44,male,not Black,0,0,0,1,0,0,0,1,1,1,1,1,1,1,1,0,1,1,0.43283582089552236,heroin,"In the past, they were arrested and convicted on a felony drug charge.",charged with distribution of heroin,827,4,100
454,989,48,male,not Black,0,0,0,1,0,0,0,1,1,1,1,1,1,1,1,0,1,1,0.43333333333333335,heroin,"In the past, they were arrested and convicted on a felony drug charge.",charged with distribution of heroin,988,4,100
455,725,21,male,not Black,0,1,0,0,0,0,1,1,1,1,1,1,1,1,1,1,0,1,0.43373493975903615,cocaine,"In the past, they were arrested and convicted on a felony drug charge.",charged with possession and intent to distribute cocaine. They also were charged with at least one non-drug related charge,724,4,100
456,827,32,male,not Black,0,1,0,0,0,0,1,1,1,1,1,1,1,1,1,0,1,0,0.43529411764705883,cocaine,"In the past, they were arrested and convicted on a felony drug charge.",charged with distribution of cocaine. They also were charged with at least one non-drug related charge,826,4,100
457,29,20,male,not Black,0,1,0,0,0,0,1,1,1,1,1,1,0,0,0,0,1,0,0.43661971830985913,cocaine,"In the past, they were arrested and convicted of a crime, but it wasn't drug related or felony.In addition, they have been arrested for a felony drug charge in the past, but they weren't convicted of it.",charged with distribution of cocaine. They also were charged with at least one non-drug related charge,28,4,100
458,62,30,male,not Black,0,0,0,0,1,0,0,1,1,0,0,1,1,0,0,1,0,0,0.43661971830985913,pcp,"In the past, they were arrested and convicted on a felony charge.",charged with possession and intent to distribute pcp,61,4,100
459,473,41,male,not Black,0,1,0,0,0,0,0,1,1,1,1,1,1,1,1,0,1,1,0.43902439024390244,cocaine,"In the past, they were arrested and convicted on a felony drug charge.",charged with distribution of cocaine,472,4,100
460,374,41,female,not Black,0,1,0,0,0,0,0,1,1,1,1,1,0,0,0,0,1,0,0.4393939393939394,cocaine,"In the past, they were arrested and convicted of a crime, but it wasn't drug related or felony.In addition, they have been arrested for a felony drug charge in the past, but they weren't convicted of it.",charged with distribution of cocaine,373,4,100
461,954,38,female,not Black,0,1,0,0,0,0,1,1,1,1,1,1,0,1,0,0,1,1,0.44,cocaine,"In the past, they were arrested and convicted on a non-felony drug related charge.In addition, they have been arrested for a felony drug charge in the past, but they weren't convicted of it.",charged with distribution of cocaine. They also were charged with at least one non-drug related charge,953,4,100
462,294,39,male,not Black,0,1,0,1,0,0,1,1,1,1,1,1,1,1,1,0,1,1,0.4406779661016949,cocaine and heroin,"In the past, they were arrested and convicted on a felony drug charge.",charged with distribution of cocaine and heroin. They also were charged with at least one non-drug related charge,293,4,100
463,846,37,female,not Black,0,0,0,1,0,0,0,1,1,0,0,0,0,0,0,0,1,0,0.4411764705882353,heroin,"In the past, they were arrested on a felony charge, but they weren't convicted of it.",charged with distribution of heroin,845,4,100
464,817,23,male,not Black,0,1,0,0,0,0,0,1,1,1,1,1,1,1,1,1,0,1,0.44155844155844154,cocaine,"In the past, they were arrested and convicted on a felony drug charge.",charged with possession and intent to distribute cocaine,816,4,100
465,752,37,male,not Black,0,0,0,0,1,0,0,1,1,0,0,1,0,0,0,0,1,0,0.4426229508196721,pcp,"In the past, they were arrested and convicted of a crime, but it wasn't drug related or felony.In additon, they have been arrested for a felony charge in the past, but they weren't convicted of it.",charged with distribution of pcp,751,4,100
466,990,51,female,not Black,0,0,0,1,0,0,0,1,1,1,1,1,1,1,1,1,0,0,0.4426229508196721,heroin,"In the past, they were arrested and convicted on a felony drug charge.",charged with possession and intent to distribute heroin,989,4,100
467,735,24,female,not Black,1,0,0,0,0,0,0,1,1,1,0,1,1,1,0,0,1,0,0.44285714285714284,marijuana,"In the past, they were arrested and convicted on two separate charges, one of which was a felony and one of which was drug related.",charged with distribution of marijuana,734,4,100
468,998,32,male,not Black,1,0,0,0,0,0,0,1,1,1,1,1,1,1,0,0,1,1,0.44285714285714284,marijuana,"In the past, they were arrested and convicted on two separate charges, one of which was a felony and one of which was drug related.In addition, they have been arrested for a felony drug charge in the past, but they weren't convicted of it. ",charged with distribution of marijuana,997,4,100
469,406,39,male,not Black,0,0,1,0,0,0,0,1,1,1,1,1,1,1,1,1,1,0,0.44285714285714284,crack,"In the past, they were arrested and convicted on a felony drug charge.",charged with possession and intent to distribute crack,405,4,100
470,594,24,male,not Black,1,1,0,0,0,0,1,1,1,1,1,0,0,0,0,1,0,1,0.4430379746835443,marijuana and cocaine,"In the past, they were arrested on a felony drug charge, but they weren't convicted of it.",charged with possession and intent to distribute marijuana and cocaine. They also were charged with at least one non-drug related charge,593,4,100
471,57,25,male,not Black,0,0,1,0,0,0,0,1,1,1,1,1,1,0,0,0,1,1,0.4444444444444444,crack,"In the past, they were arrested and convicted on a felony charge.In addition, they have been arrested for a felony drug charge in the past, but they weren't convicted of it.",charged with distribution of crack,56,4,100
472,112,33,female,not Black,0,1,0,0,0,0,0,1,1,1,1,1,0,1,0,0,1,0,0.4444444444444444,cocaine,"In the past, they were arrested and convicted on a non-felony drug related charge.In addition, they have been arrested for a felony drug charge in the past, but they weren't convicted of it.",charged with distribution of cocaine,111,4,100
473,491,21,female,not Black,1,0,1,0,0,0,0,1,1,1,0,1,0,1,0,1,0,1,0.4444444444444444,marijuana and crack,"In the past, they were arrested and convicted on a non-felony drug related charge.In additon, they have been arrested for a felony charge in the past, but they weren't convicted of it.",charged with possession and intent to distribute marijuana and crack,490,4,100
474,475,30,male,not Black,0,0,0,1,0,0,0,1,1,1,1,1,1,0,0,0,1,0,0.44594594594594594,heroin,"In the past, they were arrested and convicted on a felony charge.In addition, they have been arrested for a felony drug charge in the past, but they weren't convicted of it.",charged with distribution of heroin,474,4,100
475,468,22,male,not Black,1,0,0,0,0,0,1,1,1,1,1,1,1,1,1,1,0,0,0.44594594594594594,marijuana,"In the past, they were arrested and convicted on a felony drug charge.",charged with possession and intent to distribute marijuana. They also were charged with at least one non-drug related charge,467,4,100
476,457,23,male,not Black,0,1,0,0,0,0,0,1,1,1,1,1,1,1,1,0,1,0,0.44594594594594594,cocaine,"In the past, they were arrested and convicted on a felony drug charge.",charged with distribution of cocaine,456,4,100
477,194,51,male,not Black,0,0,1,1,0,0,0,1,1,1,1,1,1,1,1,1,0,0,0.4461538461538462,crack and heroin,"In the past, they were arrested and convicted on a felony drug charge.",charged with possession and intent to distribute crack and heroin,193,4,100
478,337,41,female,not Black,0,1,0,0,0,0,0,1,1,1,1,1,1,1,1,0,1,1,0.4461538461538462,cocaine,"In the past, they were arrested and convicted on a felony drug charge.",charged with distribution of cocaine,336,4,100
479,686,22,male,not Black,0,0,0,0,1,0,0,1,1,1,1,1,1,1,0,0,1,1,0.44776119402985076,pcp,"In the past, they were arrested and convicted on two separate charges, one of which was a felony and one of which was drug related.In addition, they have been arrested for a felony drug charge in the past, but they weren't convicted of it. ",charged with distribution of pcp,685,4,100
480,306,22,male,not Black,1,1,0,0,0,0,0,1,0,1,0,0,0,0,0,1,0,1,0.44776119402985076,marijuana and cocaine,"In the past, they were arrested on a non-felony drug related charge, but they weren't convicted of it.",charged with possession and intent to distribute marijuana and cocaine,305,4,100
481,391,27,male,not Black,1,0,0,0,0,0,0,1,1,1,1,1,1,1,1,0,1,1,0.4482758620689655,marijuana,"In the past, they were arrested and convicted on a felony drug charge.",charged with distribution of marijuana,390,4,100
482,340,26,male,not Black,0,1,0,0,0,0,0,1,1,1,1,0,0,0,0,1,0,1,0.44871794871794873,cocaine,"In the past, they were arrested on a felony drug charge, but they weren't convicted of it.",charged with possession and intent to distribute cocaine,339,4,100
483,545,35,male,not Black,1,0,0,0,0,0,0,0,0,0,0,0,0,0,0,1,0,0,0.4492753623188406,marijuana,They have no prior arrests.,charged with possession and intent to distribute marijuana,544,4,100
484,481,42,male,not Black,0,0,0,1,0,0,0,1,1,1,1,1,1,1,1,0,1,0,0.45,heroin,"In the past, they were arrested and convicted on a felony drug charge.",charged with distribution of heroin,480,4,100
485,209,38,male,not Black,0,1,0,0,0,0,0,1,1,1,1,1,1,1,0,0,1,0,0.45161290322580644,cocaine,"In the past, they were arrested and convicted on two separate charges, one of which was a felony and one of which was drug related.In addition, they have been arrested for a felony drug charge in the past, but they weren't convicted of it. ",charged with distribution of cocaine,208,4,100
486,645,42,female,not Black,0,0,1,1,0,0,0,1,1,1,1,1,1,1,1,1,0,1,0.45161290322580644,crack and heroin,"In the past, they were arrested and convicted on a felony drug charge.",charged with possession and intent to distribute crack and heroin,644,4,100
487,305,38,male,not Black,0,0,0,1,0,0,0,1,1,1,1,1,1,1,1,0,1,1,0.4520547945205479,heroin,"In the past, they were arrested and convicted on a felony drug charge.",charged with distribution of heroin,304,4,100
488,810,23,male,not Black,0,0,1,0,0,0,0,0,0,0,0,0,0,0,0,0,1,0,0.45454545454545453,crack,They have no prior arrests.,charged with distribution of crack,809,4,100
489,678,19,male,not Black,0,1,0,0,0,0,0,1,1,1,1,1,1,1,1,0,1,1,0.4578313253012048,cocaine,"In the past, they were arrested and convicted on a felony drug charge.",charged with distribution of cocaine,677,4,100
490,186,27,female,not Black,0,1,0,0,0,0,0,1,1,1,0,1,0,0,0,0,1,0,0.4578313253012048,cocaine,"In the past, they were arrested and convicted of a crime, but it wasn't drug related or felony.In additon, they have been arrested for a felony charge in the past, but they weren't convicted of it.",charged with distribution of cocaine,185,4,100
491,13,27,male,not Black,1,0,0,0,0,0,0,1,1,1,1,1,1,1,0,0,1,1,0.4578313253012048,marijuana,"In the past, they were arrested and convicted on two separate charges, one of which was a felony and one of which was drug related.In addition, they have been arrested for a felony drug charge in the past, but they weren't convicted of it. ",charged with distribution of marijuana,12,4,100
492,920,27,male,not Black,0,0,1,0,0,0,0,1,1,1,1,1,1,1,1,0,1,0,0.4583333333333333,crack,"In the past, they were arrested and convicted on a felony drug charge.",charged with distribution of crack,919,4,100
493,323,34,male,not Black,0,0,0,1,0,0,0,1,1,1,1,1,1,1,1,0,1,0,0.4594594594594595,heroin,"In the past, they were arrested and convicted on a felony drug charge.",charged with distribution of heroin,322,4,100
494,551,30,male,not Black,1,0,0,0,0,0,0,1,1,1,0,1,1,0,0,0,1,1,0.4594594594594595,marijuana,"In the past, they were arrested and convicted on a felony charge.In additon, they have been arrested for a non-felony drug charge in the past, but they weren't convicted of it.",charged with distribution of marijuana,550,4,100
495,324,50,male,not Black,0,0,0,1,0,0,1,1,1,1,1,1,1,1,1,0,1,0,0.4594594594594595,heroin,"In the past, they were arrested and convicted on a felony drug charge.",charged with distribution of heroin. They also were charged with at least one non-drug related charge,323,4,100
496,202,45,male,not Black,0,0,0,1,0,0,0,1,1,1,1,1,1,1,1,0,1,1,0.4605263157894737,heroin,"In the past, they were arrested and convicted on a felony drug charge.",charged with distribution of heroin,201,4,100
497,196,45,male,not Black,1,0,0,0,0,0,0,1,1,0,0,1,1,0,0,1,0,0,0.4605263157894737,marijuana,"In the past, they were arrested and convicted on a felony charge.",charged with possession and intent to distribute marijuana,195,4,100
498,816,45,male,not Black,0,1,1,0,0,0,0,1,1,1,1,1,1,1,1,0,1,0,0.46153846153846156,cocaine and crack,"In the past, they were arrested and convicted on a felony drug charge.",charged with distribution of cocaine and crack,815,4,100
499,558,39,female,not Black,1,1,0,0,0,0,1,1,1,1,1,1,1,1,1,1,0,0,0.4625,marijuana and cocaine,"In the past, they were arrested and convicted on a felony drug charge.",charged with possession and intent to distribute marijuana and cocaine. They also were charged with at least one non-drug related charge,557,4,100
500,614,37,male,not Black,0,1,0,1,0,0,0,1,1,1,1,1,1,1,1,1,1,0,0.4626865671641791,cocaine and heroin,"In the past, they were arrested and convicted on a felony drug charge.",charged with possession and intent to distribute cocaine and heroin,613,5,100
501,220,27,male,not Black,0,1,0,0,0,0,0,1,0,1,0,0,0,0,0,1,0,0,0.4634146341463415,cocaine,"In the past, they were arrested on a non-felony drug related charge, but they weren't convicted of it.",charged with possession and intent to distribute cocaine,219,5,100
502,789,27,male,not Black,0,1,0,0,0,0,0,1,1,0,0,0,0,0,0,1,0,1,0.4647887323943662,cocaine,"In the past, they were arrested on a felony charge, but they weren't convicted of it.",charged with possession and intent to distribute cocaine,788,5,100
503,862,31,male,not Black,0,0,0,1,0,0,1,1,1,1,1,1,1,1,1,1,0,1,0.46551724137931033,heroin,"In the past, they were arrested and convicted on a felony drug charge.",charged with possession and intent to distribute heroin. They also were charged with at least one non-drug related charge,861,5,100
504,58,25,male,not Black,0,1,0,0,0,0,0,1,1,1,1,1,0,0,0,0,1,0,0.4657534246575342,cocaine,"In the past, they were arrested and convicted of a crime, but it wasn't drug related or felony.In addition, they have been arrested for a felony drug charge in the past, but they weren't convicted of it.",charged with distribution of cocaine,57,5,100
505,504,42,female,not Black,0,1,0,0,0,0,0,1,1,1,0,1,1,0,0,1,0,0,0.4657534246575342,cocaine,"In the past, they were arrested and convicted on a felony charge.In additon, they have been arrested for a non-felony drug charge in the past, but they weren't convicted of it.",charged with possession and intent to distribute cocaine,503,5,100
506,806,41,male,not Black,1,1,0,0,0,0,0,1,1,1,1,1,1,1,1,0,1,1,0.4666666666666667,marijuana and cocaine,"In the past, they were arrested and convicted on a felony drug charge.",charged with distribution of marijuana and cocaine,805,5,100
507,959,37,female,not Black,0,0,0,1,0,0,1,1,1,1,1,1,1,1,1,1,0,1,0.46875,heroin,"In the past, they were arrested and convicted on a felony drug charge.",charged with possession and intent to distribute heroin. They also were charged with at least one non-drug related charge,958,5,100
508,125,49,male,not Black,0,0,0,1,0,0,0,1,1,1,1,1,1,1,1,0,1,0,0.4696969696969697,heroin,"In the past, they were arrested and convicted on a felony drug charge.",charged with distribution of heroin,124,5,100
509,708,31,male,not Black,1,0,0,0,0,0,0,1,1,1,1,1,1,1,1,1,0,1,0.47058823529411764,marijuana,"In the past, they were arrested and convicted on a felony drug charge.",charged with possession and intent to distribute marijuana,707,5,100
510,986,38,female,not Black,0,0,1,0,0,0,0,0,0,0,0,0,0,0,0,0,1,1,0.47058823529411764,crack,They have no prior arrests.,charged with distribution of crack,985,5,100
511,887,40,male,not Black,1,0,0,0,0,0,0,1,0,1,0,0,0,0,0,1,0,1,0.4714285714285714,marijuana,"In the past, they were arrested on a non-felony drug related charge, but they weren't convicted of it.",charged with possession and intent to distribute marijuana,886,5,100
512,492,26,male,not Black,0,1,0,1,0,0,0,1,0,1,0,0,0,0,0,1,0,1,0.4714285714285714,cocaine and heroin,"In the past, they were arrested on a non-felony drug related charge, but they weren't convicted of it.",charged with possession and intent to distribute cocaine and heroin,491,5,100
513,417,48,male,not Black,0,0,0,1,0,0,0,1,1,1,1,1,1,1,1,0,1,1,0.47297297297297297,heroin,"In the past, they were arrested and convicted on a felony drug charge.",charged with distribution of heroin,416,5,100
514,113,22,male,not Black,0,1,0,0,0,0,0,1,0,0,0,0,0,0,0,1,1,1,0.47435897435897434,cocaine,"In the past, they were arrested, but it wasn't a drug related or felony arrest, and they weren't convicted.",charged with possession and intent to distribute cocaine,112,5,100
515,295,63,male,not Black,0,1,0,0,0,0,0,1,1,1,1,1,1,1,1,1,0,0,0.47435897435897434,cocaine,"In the past, they were arrested and convicted on a felony drug charge.",charged with possession and intent to distribute cocaine,294,5,100
516,407,26,male,not Black,0,0,1,0,0,0,0,1,0,1,0,0,0,0,0,1,0,0,0.47560975609756095,crack,"In the past, they were arrested on a non-felony drug related charge, but they weren't convicted of it.",charged with possession and intent to distribute crack,406,5,100
517,117,28,male,not Black,1,1,0,0,0,0,1,1,0,1,0,1,0,1,0,1,0,0,0.47692307692307695,marijuana and cocaine,"In the past, they were arrested and convicted on a non-felony drug related charge.",charged with possession and intent to distribute marijuana and cocaine. They also were charged with at least one non-drug related charge,116,5,100
518,173,24,male,not Black,0,1,0,0,0,0,0,1,1,0,0,0,0,0,0,0,1,1,0.47761194029850745,cocaine,"In the past, they were arrested on a felony charge, but they weren't convicted of it.",charged with distribution of cocaine,172,5,100
519,639,36,male,not Black,0,0,1,0,0,0,0,1,1,1,1,1,1,1,1,0,1,0,0.4794520547945205,crack,"In the past, they were arrested and convicted on a felony drug charge.",charged with distribution of crack,638,5,100
520,91,25,male,not Black,0,0,0,1,0,0,0,1,1,0,0,0,0,0,0,0,1,1,0.4805194805194805,heroin,"In the past, they were arrested on a felony charge, but they weren't convicted of it.",charged with distribution of heroin,90,5,100
521,670,24,male,not Black,0,1,0,0,0,0,0,1,1,0,0,1,0,0,0,0,1,1,0.4810126582278481,cocaine,"In the past, they were arrested and convicted of a crime, but it wasn't drug related or felony.In additon, they have been arrested for a felony charge in the past, but they weren't convicted of it.",charged with distribution of cocaine,669,5,100
522,243,25,male,not Black,0,1,0,0,0,0,0,1,1,1,1,1,1,0,0,0,1,1,0.48148148148148145,cocaine,"In the past, they were arrested and convicted on a felony charge.In addition, they have been arrested for a felony drug charge in the past, but they weren't convicted of it.",charged with distribution of cocaine,242,5,100
523,210,26,male,not Black,0,0,1,0,0,0,0,1,1,1,1,1,1,1,1,1,0,1,0.4819277108433735,crack,"In the past, they were arrested and convicted on a felony drug charge.",charged with possession and intent to distribute crack,209,5,100
524,111,28,female,not Black,0,0,0,0,1,0,1,0,0,0,0,0,0,0,0,1,0,1,0.4827586206896552,pcp,They have no prior arrests.,charged with possession and intent to distribute pcp. They also were charged with at least one non-drug related charge,110,5,100
525,749,23,male,not Black,0,1,0,0,0,0,1,1,1,0,0,1,1,0,0,1,0,1,0.4838709677419355,cocaine,"In the past, they were arrested and convicted on a felony charge.",charged with possession and intent to distribute cocaine. They also were charged with at least one non-drug related charge,748,5,100
526,753,40,male,not Black,0,1,0,0,0,0,0,1,1,1,1,1,1,1,1,0,1,0,0.4857142857142857,cocaine,"In the past, they were arrested and convicted on a felony drug charge.",charged with distribution of cocaine,752,5,100
527,867,33,male,not Black,1,0,0,0,0,0,0,1,1,1,0,1,0,1,0,0,1,1,0.4857142857142857,marijuana,"In the past, they were arrested and convicted on a non-felony drug related charge.In additon, they have been arrested for a felony charge in the past, but they weren't convicted of it.",charged with distribution of marijuana,866,5,100
528,176,23,male,not Black,1,1,0,0,0,0,0,1,1,1,1,0,0,0,0,1,1,1,0.4857142857142857,marijuana and cocaine,"In the past, they were arrested on a felony drug charge, but they weren't convicted of it.",charged with possession and intent to distribute marijuana and cocaine,175,5,100
529,188,27,male,not Black,0,0,0,1,0,0,0,1,1,1,1,1,1,1,1,0,1,1,0.4864864864864865,heroin,"In the past, they were arrested and convicted on a felony drug charge.",charged with distribution of heroin,187,5,100
530,976,33,male,Black,0,0,0,0,0,1,0,0,0,0,0,0,0,0,0,1,0,0,0.4868421052631579,,They have no prior arrests.,"charged with possession and intent to distribute a drug other than marijuana, cocaine, crack, heroin, or PCP. This may include prescription drugs or ectasy",975,5,100
531,119,53,male,not Black,0,0,0,1,0,0,0,1,1,1,1,1,1,1,1,0,1,1,0.48717948717948717,heroin,"In the past, they were arrested and convicted on a felony drug charge.",charged with distribution of heroin,118,5,100
532,174,30,male,not Black,0,0,0,1,0,0,0,1,1,0,0,1,1,0,0,0,1,0,0.48717948717948717,heroin,"In the past, they were arrested and convicted on a felony charge.",charged with distribution of heroin,173,5,100
533,277,48,male,not Black,0,0,0,1,0,0,0,1,1,1,1,1,1,1,1,1,0,0,0.4875,heroin,"In the past, they were arrested and convicted on a felony drug charge.",charged with possession and intent to distribute heroin,276,5,100
534,452,33,male,not Black,1,0,0,0,0,0,0,1,1,1,1,1,1,1,1,0,1,1,0.4875,marijuana,"In the past, they were arrested and convicted on a felony drug charge.",charged with distribution of marijuana,451,5,100
535,201,48,male,not Black,0,1,0,0,0,0,0,1,1,1,1,1,1,1,1,1,1,1,0.4880952380952381,cocaine,"In the past, they were arrested and convicted on a felony drug charge.",charged with possession and intent to distribute cocaine,200,5,100
536,115,31,female,not Black,0,0,1,0,0,0,0,1,0,0,0,0,0,0,0,0,1,1,0.4918032786885246,crack,"In the past, they were arrested, but it wasn't a drug related or felony arrest, and they weren't convicted.",charged with distribution of crack,114,5,100
537,737,43,male,not Black,1,1,0,0,0,0,0,0,0,0,0,0,0,0,0,1,0,0,0.49230769230769234,marijuana and cocaine,They have no prior arrests.,charged with possession and intent to distribute marijuana and cocaine,736,5,100
538,528,48,female,not Black,0,0,0,0,0,1,0,1,1,1,1,1,1,1,0,1,0,0,0.4925373134328358,,"In the past, they were arrested and convicted on two separate charges, one of which was a felony and one of which was drug related.In addition, they have been arrested for a felony drug charge in the past, but they weren't convicted of it. ","charged with possession and intent to distribute a drug other than marijuana, cocaine, crack, heroin, or PCP. This may include prescription drugs or ectasy",527,5,100
539,106,58,male,not Black,0,0,0,1,0,0,0,1,1,1,1,1,1,1,1,0,1,0,0.4925373134328358,heroin,"In the past, they were arrested and convicted on a felony drug charge.",charged with distribution of heroin,105,5,100
540,402,23,male,not Black,0,0,1,0,0,0,0,1,1,1,1,1,1,1,1,0,1,0,0.49295774647887325,crack,"In the past, they were arrested and convicted on a felony drug charge.",charged with distribution of crack,401,5,100
541,837,53,male,not Black,0,0,0,1,0,0,0,1,1,1,1,1,1,1,1,0,1,0,0.49333333333333335,heroin,"In the past, they were arrested and convicted on a felony drug charge.",charged with distribution of heroin,836,5,100
542,924,22,male,not Black,0,1,0,0,0,0,0,1,1,1,1,1,1,1,1,0,1,1,0.49333333333333335,cocaine,"In the past, they were arrested and convicted on a felony drug charge.",charged with distribution of cocaine,923,5,100
543,416,38,male,not Black,1,1,0,0,0,0,0,1,1,1,1,1,1,1,0,0,1,1,0.4935064935064935,marijuana and cocaine,"In the past, they were arrested and convicted on two separate charges, one of which was a felony and one of which was drug related.In addition, they have been arrested for a felony drug charge in the past, but they weren't convicted of it. ",charged with distribution of marijuana and cocaine,415,5,100
544,322,21,male,not Black,0,0,1,0,0,0,1,1,1,1,1,0,0,0,0,1,0,0,0.4936708860759494,crack,"In the past, they were arrested on a felony drug charge, but they weren't convicted of it.",charged with possession and intent to distribute crack. They also were charged with at least one non-drug related charge,321,5,100
545,47,28,male,not Black,0,0,0,0,0,1,0,1,1,1,1,1,1,1,1,0,1,0,0.4939759036144578,,"In the past, they were arrested and convicted on a felony drug charge.","charged with distribution of a drug other than marijuana, cocaine, crack, heroin, or PCP. This may include prescription drugs or ectasy",46,5,100
546,994,19,female,not Black,1,1,0,0,0,0,0,1,0,1,0,0,0,0,0,1,0,1,0.5,marijuana and cocaine,"In the past, they were arrested on a non-felony drug related charge, but they weren't convicted of it.",charged with possession and intent to distribute marijuana and cocaine,993,5,100
547,1001,31,male,Black,0,1,0,0,0,0,0,1,1,0,0,0,0,0,0,0,1,0,0.5,cocaine,"In the past, they were arrested on a felony charge, but they weren't convicted of it.",charged with distribution of cocaine,1000,5,100
548,886,49,female,not Black,0,0,1,0,0,0,0,1,1,1,1,0,0,0,0,1,0,0,0.5,crack,"In the past, they were arrested on a felony drug charge, but they weren't convicted of it.",charged with possession and intent to distribute crack,885,5,100
549,848,51,male,not Black,0,0,0,1,0,0,0,1,1,1,1,1,1,1,1,0,1,0,0.5,heroin,"In the past, they were arrested and convicted on a felony drug charge.",charged with distribution of heroin,847,5,100
550,168,21,male,not Black,0,1,0,0,0,0,1,1,1,1,1,1,0,1,0,0,1,1,0.5,cocaine,"In the past, they were arrested and convicted on a non-felony drug related charge.In addition, they have been arrested for a felony drug charge in the past, but they weren't convicted of it.",charged with distribution of cocaine. They also were charged with at least one non-drug related charge,167,5,100
551,653,36,female,not Black,0,0,1,0,0,0,0,1,0,0,0,0,0,0,0,0,1,1,0.5,crack,"In the past, they were arrested, but it wasn't a drug related or felony arrest, and they weren't convicted.",charged with distribution of crack,652,5,100
552,15,34,female,not Black,0,0,0,1,0,0,0,1,1,1,1,1,1,1,1,1,0,1,0.5,heroin,"In the past, they were arrested and convicted on a felony drug charge.",charged with possession and intent to distribute heroin,14,5,100
553,618,43,female,not Black,0,1,0,0,0,0,0,1,1,1,1,1,1,1,1,0,1,1,0.5,cocaine,"In the past, they were arrested and convicted on a felony drug charge.",charged with distribution of cocaine,617,5,100
554,658,42,female,not Black,0,1,0,0,0,0,0,1,0,1,0,1,0,1,0,0,1,1,0.5,cocaine,"In the past, they were arrested and convicted on a non-felony drug related charge.",charged with distribution of cocaine,657,5,100
555,525,39,male,not Black,0,0,0,1,0,0,0,1,1,1,1,1,1,1,1,1,0,1,0.5,heroin,"In the past, they were arrested and convicted on a felony drug charge.",charged with possession and intent to distribute heroin,524,5,100
556,228,47,male,not Black,1,0,0,0,0,0,0,1,1,1,1,1,1,1,1,0,1,0,0.5061728395061729,marijuana,"In the past, they were arrested and convicted on a felony drug charge.",charged with distribution of marijuana,227,5,100
557,602,53,male,not Black,0,0,0,1,0,0,0,1,1,1,1,1,1,1,1,0,1,1,0.5061728395061729,heroin,"In the past, they were arrested and convicted on a felony drug charge.",charged with distribution of heroin,601,5,100
558,980,26,male,not Black,0,0,0,0,0,1,0,1,1,1,1,1,1,1,1,0,1,0,0.5063291139240507,,"In the past, they were arrested and convicted on a felony drug charge.","charged with distribution of a drug other than marijuana, cocaine, crack, heroin, or PCP. This may include prescription drugs or ectasy",979,5,100
559,327,57,male,not Black,0,0,0,1,0,0,0,1,1,1,1,1,1,1,1,1,0,0,0.5064935064935064,heroin,"In the past, they were arrested and convicted on a felony drug charge.",charged with possession and intent to distribute heroin,326,5,100
560,66,33,male,not Black,0,0,1,0,0,0,0,1,1,0,0,0,0,0,0,0,1,1,0.5068493150684932,crack,"In the past, they were arrested on a felony charge, but they weren't convicted of it.",charged with distribution of crack,65,5,100
561,458,31,male,not Black,1,0,0,0,0,0,0,1,1,1,1,1,1,1,1,1,0,0,0.5068493150684932,marijuana,"In the past, they were arrested and convicted on a felony drug charge.",charged with possession and intent to distribute marijuana,457,5,100
562,479,41,male,not Black,0,1,0,1,0,0,0,1,1,1,1,1,1,1,1,1,0,1,0.5072463768115942,cocaine and heroin,"In the past, they were arrested and convicted on a felony drug charge.",charged with possession and intent to distribute cocaine and heroin,478,5,100
563,500,37,female,not Black,0,1,0,0,0,0,0,1,1,1,0,1,0,1,0,0,1,1,0.5072463768115942,cocaine,"In the past, they were arrested and convicted on a non-felony drug related charge.In additon, they have been arrested for a felony charge in the past, but they weren't convicted of it.",charged with distribution of cocaine,499,5,100
564,145,26,male,not Black,0,0,1,0,0,0,0,1,1,1,1,1,1,1,1,1,0,0,0.5072463768115942,crack,"In the past, they were arrested and convicted on a felony drug charge.",charged with possession and intent to distribute crack,144,5,100
565,746,50,male,not Black,0,0,0,1,0,0,0,1,1,1,1,1,1,1,1,0,1,0,0.5074626865671642,heroin,"In the past, they were arrested and convicted on a felony drug charge.",charged with distribution of heroin,745,5,100
566,505,43,male,not Black,0,0,1,0,0,0,0,1,1,1,1,1,1,1,1,1,0,0,0.5125,crack,"In the past, they were arrested and convicted on a felony drug charge.",charged with possession and intent to distribute crack,504,5,100
567,703,20,male,not Black,0,0,1,0,0,0,0,1,0,1,0,0,0,0,0,0,1,0,0.5125,crack,"In the past, they were arrested on a non-felony drug related charge, but they weren't convicted of it.",charged with distribution of crack,702,5,100
568,153,22,male,Black,0,1,0,0,0,0,1,1,1,1,0,1,1,1,0,0,1,0,0.5131578947368421,cocaine,"In the past, they were arrested and convicted on two separate charges, one of which was a felony and one of which was drug related.",charged with distribution of cocaine. They also were charged with at least one non-drug related charge,152,5,100
569,180,44,male,not Black,1,0,0,0,0,0,0,1,1,1,1,1,1,1,1,0,1,0,0.5138888888888888,marijuana,"In the past, they were arrested and convicted on a felony drug charge.",charged with distribution of marijuana,179,5,100
570,693,51,male,not Black,0,1,0,0,0,0,0,1,1,1,1,1,1,1,1,1,1,0,0.5138888888888888,cocaine,"In the past, they were arrested and convicted on a felony drug charge.",charged with possession and intent to distribute cocaine,692,5,100
571,676,24,male,not Black,0,0,0,0,0,1,0,0,0,0,0,0,0,0,0,0,1,0,0.5138888888888888,,They have no prior arrests.,"charged with distribution of a drug other than marijuana, cocaine, crack, heroin, or PCP. This may include prescription drugs or ectasy",675,5,100
572,156,51,male,not Black,0,0,0,1,0,0,0,1,1,1,1,1,1,1,1,0,1,1,0.5142857142857142,heroin,"In the past, they were arrested and convicted on a felony drug charge.",charged with distribution of heroin,155,5,100
573,961,25,male,Black,0,1,0,0,0,0,1,1,0,0,0,0,0,0,0,1,0,1,0.5147058823529411,cocaine,"In the past, they were arrested, but it wasn't a drug related or felony arrest, and they weren't convicted.",charged with possession and intent to distribute cocaine. They also were charged with at least one non-drug related charge,960,5,100
574,962,22,male,not Black,0,1,0,0,0,0,0,1,1,1,1,1,1,1,1,1,0,1,0.5168539325842697,cocaine,"In the past, they were arrested and convicted on a felony drug charge.",charged with possession and intent to distribute cocaine,961,5,100
575,158,48,female,not Black,0,0,0,1,0,0,0,1,1,1,0,1,0,1,0,0,1,0,0.5189873417721519,heroin,"In the past, they were arrested and convicted on a non-felony drug related charge.In additon, they have been arrested for a felony charge in the past, but they weren't convicted of it.",charged with distribution of heroin,157,5,100
576,235,28,male,not Black,1,0,0,0,0,0,1,1,0,1,0,1,0,1,0,0,1,0,0.52,marijuana,"In the past, they were arrested and convicted on a non-felony drug related charge.",charged with distribution of marijuana. They also were charged with at least one non-drug related charge,234,5,100
577,758,27,male,not Black,0,1,0,0,0,0,0,0,0,0,0,0,0,0,0,0,1,0,0.52,cocaine,They have no prior arrests.,charged with distribution of cocaine,757,5,100
578,270,28,male,Black,0,0,1,0,0,0,2,1,1,1,1,1,1,1,1,0,1,0,0.5205479452054794,crack,"In the past, they were arrested and convicted on a felony drug charge.",charged with distribution of crack,269,5,100
579,487,39,male,not Black,1,0,0,0,0,0,0,1,1,1,1,1,1,1,1,1,0,1,0.5205479452054794,marijuana,"In the past, they were arrested and convicted on a felony drug charge.",charged with possession and intent to distribute marijuana,486,5,100
580,987,48,male,not Black,0,0,0,1,0,0,0,1,1,1,1,1,1,1,1,1,0,0,0.5211267605633803,heroin,"In the past, they were arrested and convicted on a felony drug charge.",charged with possession and intent to distribute heroin,986,5,100
581,445,32,male,not Black,0,1,0,0,0,0,0,1,1,0,0,1,1,0,0,1,0,0,0.5211267605633803,cocaine,"In the past, they were arrested and convicted on a felony charge.",charged with possession and intent to distribute cocaine,444,5,100
582,620,25,male,not Black,0,1,0,0,0,0,0,1,1,1,0,1,1,1,0,0,1,0,0.5211267605633803,cocaine,"In the past, they were arrested and convicted on two separate charges, one of which was a felony and one of which was drug related.",charged with distribution of cocaine,619,5,100
583,426,26,male,not Black,0,1,0,0,0,0,0,1,1,1,1,1,1,1,1,1,1,1,0.5211267605633803,cocaine,"In the past, they were arrested and convicted on a felony drug charge.",charged with possession and intent to distribute cocaine,425,5,100
584,437,32,female,not Black,0,0,0,1,0,0,0,1,1,0,0,1,0,0,0,0,1,1,0.5217391304347826,heroin,"In the past, they were arrested and convicted of a crime, but it wasn't drug related or felony.In additon, they have been arrested for a felony charge in the past, but they weren't convicted of it.",charged with distribution of heroin,436,5,100
585,842,40,male,not Black,1,0,0,0,0,0,0,1,1,1,1,1,1,1,1,0,1,1,0.5217391304347826,marijuana,"In the past, they were arrested and convicted on a felony drug charge.",charged with distribution of marijuana,841,5,100
586,398,25,male,not Black,0,0,0,1,0,0,0,1,1,1,1,1,1,1,1,1,0,1,0.5217391304347826,heroin,"In the past, they were arrested and convicted on a felony drug charge.",charged with possession and intent to distribute heroin,397,5,100
587,344,45,female,not Black,0,1,0,0,0,0,1,1,0,1,0,1,0,1,0,0,1,0,0.5217391304347826,cocaine,"In the past, they were arrested and convicted on a non-felony drug related charge.",charged with distribution of cocaine. They also were charged with at least one non-drug related charge,343,5,100
588,18,41,male,not Black,0,1,0,0,0,0,0,1,1,1,1,1,1,1,1,1,0,0,0.5223880597014925,cocaine,"In the past, they were arrested and convicted on a felony drug charge.",charged with possession and intent to distribute cocaine,17,5,100
589,75,39,female,not Black,1,1,0,0,0,0,0,1,1,1,1,1,1,1,1,0,1,1,0.5238095238095238,marijuana and cocaine,"In the past, they were arrested and convicted on a felony drug charge.",charged with distribution of marijuana and cocaine,74,5,100
590,242,49,male,not Black,0,0,0,1,0,0,0,1,1,1,1,1,1,1,1,0,1,0,0.5238095238095238,heroin,"In the past, they were arrested and convicted on a felony drug charge.",charged with distribution of heroin,241,5,100
591,926,47,female,not Black,0,0,1,0,0,0,0,1,0,1,0,1,0,1,0,0,1,1,0.5245901639344263,crack,"In the past, they were arrested and convicted on a non-felony drug related charge.",charged with distribution of crack,925,5,100
592,301,37,male,not Black,0,0,1,0,0,0,0,1,1,0,0,1,0,0,0,0,1,1,0.5254237288135594,crack,"In the past, they were arrested and convicted of a crime, but it wasn't drug related or felony.In additon, they have been arrested for a felony charge in the past, but they weren't convicted of it.",charged with distribution of crack,300,5,100
593,497,20,male,not Black,0,0,1,0,0,0,1,1,1,1,1,0,0,0,0,0,1,0,0.5256410256410257,crack,"In the past, they were arrested on a felony drug charge, but they weren't convicted of it.",charged with distribution of crack. They also were charged with at least one non-drug related charge,496,5,100
594,855,43,male,not Black,0,0,0,1,0,0,0,1,1,1,1,1,0,1,0,0,1,0,0.5277777777777778,heroin,"In the past, they were arrested and convicted on a non-felony drug related charge.In addition, they have been arrested for a felony drug charge in the past, but they weren't convicted of it.",charged with distribution of heroin,854,5,100
595,814,36,male,not Black,0,0,0,0,1,0,0,1,1,1,1,1,1,1,1,1,0,0,0.5277777777777778,pcp,"In the past, they were arrested and convicted on a felony drug charge.",charged with possession and intent to distribute pcp,813,5,100
596,359,32,male,not Black,0,1,0,0,0,0,0,1,1,1,1,0,0,0,0,0,1,0,0.5277777777777778,cocaine,"In the past, they were arrested on a felony drug charge, but they weren't convicted of it.",charged with distribution of cocaine,358,5,100
597,447,31,female,not Black,0,0,1,1,0,0,0,1,1,0,0,1,0,0,0,1,0,1,0.5285714285714286,crack and heroin,"In the past, they were arrested and convicted of a crime, but it wasn't drug related or felony.In additon, they have been arrested for a felony charge in the past, but they weren't convicted of it.",charged with possession and intent to distribute crack and heroin,446,5,100
598,849,39,male,not Black,0,0,1,0,0,0,0,1,1,1,1,1,0,0,0,1,1,0,0.5285714285714286,crack,"In the past, they were arrested and convicted of a crime, but it wasn't drug related or felony.In addition, they have been arrested for a felony drug charge in the past, but they weren't convicted of it.",charged with possession and intent to distribute crack,848,5,100
599,118,56,male,not Black,0,0,0,1,0,0,0,0,0,0,0,0,0,0,0,1,1,0,0.5285714285714286,heroin,They have no prior arrests.,charged with possession and intent to distribute heroin,117,5,100
600,747,57,male,not Black,0,0,0,0,0,1,0,1,1,1,1,1,1,1,1,1,0,0,0.5285714285714286,,"In the past, they were arrested and convicted on a felony drug charge.","charged with possession and intent to distribute a drug other than marijuana, cocaine, crack, heroin, or PCP. This may include prescription drugs or ectasy",746,6,100
601,819,50,female,not Black,0,1,0,0,0,0,0,1,0,0,0,0,0,0,0,0,1,0,0.53125,cocaine,"In the past, they were arrested, but it wasn't a drug related or felony arrest, and they weren't convicted.",charged with distribution of cocaine,818,6,100
602,121,22,male,not Black,0,1,0,0,0,0,0,1,1,1,1,0,0,0,0,1,0,1,0.5316455696202531,cocaine,"In the past, they were arrested on a felony drug charge, but they weren't convicted of it.",charged with possession and intent to distribute cocaine,120,6,100
603,655,22,male,not Black,1,0,0,0,0,0,0,1,1,1,1,1,1,1,1,0,1,1,0.532258064516129,marijuana,"In the past, they were arrested and convicted on a felony drug charge.",charged with distribution of marijuana,654,6,100
604,524,57,male,not Black,0,0,0,1,0,0,0,1,0,1,0,1,0,1,0,0,1,0,0.5333333333333333,heroin,"In the past, they were arrested and convicted on a non-felony drug related charge.",charged with distribution of heroin,523,6,100
605,352,39,male,not Black,0,0,0,1,0,0,1,1,1,1,1,1,1,1,1,0,1,1,0.5348837209302325,heroin,"In the past, they were arrested and convicted on a felony drug charge.",charged with distribution of heroin. They also were charged with at least one non-drug related charge,351,6,100
606,673,46,female,not Black,0,0,0,0,0,1,0,0,0,0,0,0,0,0,0,0,1,0,0.5352112676056338,,They have no prior arrests.,"charged with distribution of a drug other than marijuana, cocaine, crack, heroin, or PCP. This may include prescription drugs or ectasy",672,6,100
607,838,51,male,not Black,0,0,1,0,0,0,0,1,1,0,0,1,0,0,0,0,1,0,0.5352112676056338,crack,"In the past, they were arrested and convicted of a crime, but it wasn't drug related or felony.In additon, they have been arrested for a felony charge in the past, but they weren't convicted of it.",charged with distribution of crack,837,6,100
608,108,59,male,not Black,0,1,0,1,0,0,1,1,1,1,1,1,1,1,1,1,0,0,0.5357142857142857,cocaine and heroin,"In the past, they were arrested and convicted on a felony drug charge.",charged with possession and intent to distribute cocaine and heroin. They also were charged with at least one non-drug related charge,107,6,100
609,37,30,male,not Black,0,1,0,0,0,0,0,1,1,1,1,1,1,1,1,1,0,0,0.5362318840579711,cocaine,"In the past, they were arrested and convicted on a felony drug charge.",charged with possession and intent to distribute cocaine,36,6,100
610,441,40,male,not Black,0,0,0,1,0,0,1,1,1,1,1,0,0,0,0,0,1,0,0.5365853658536586,heroin,"In the past, they were arrested on a felony drug charge, but they weren't convicted of it.",charged with distribution of heroin. They also were charged with at least one non-drug related charge,440,6,100
611,389,31,male,not Black,0,0,1,0,0,0,0,1,1,1,1,1,1,1,1,0,1,1,0.5365853658536586,crack,"In the past, they were arrested and convicted on a felony drug charge.",charged with distribution of crack,388,6,100
612,289,34,male,not Black,0,1,0,1,0,0,0,1,1,1,1,1,1,1,1,1,0,0,0.5373134328358209,cocaine and heroin,"In the past, they were arrested and convicted on a felony drug charge.",charged with possession and intent to distribute cocaine and heroin,288,6,100
613,127,32,male,not Black,1,0,0,0,0,0,0,1,1,1,1,1,1,1,1,1,1,1,0.5373134328358209,marijuana,"In the past, they were arrested and convicted on a felony drug charge.",charged with possession and intent to distribute marijuana,126,6,100
614,123,28,male,not Black,0,1,0,0,0,0,0,1,1,1,1,1,1,1,0,1,0,0,0.5384615384615384,cocaine,"In the past, they were arrested and convicted on two separate charges, one of which was a felony and one of which was drug related.In addition, they have been arrested for a felony drug charge in the past, but they weren't convicted of it. ",charged with possession and intent to distribute cocaine,122,6,100
615,227,45,male,not Black,0,0,0,1,0,0,0,1,1,1,0,1,1,0,0,0,1,0,0.5396825396825397,heroin,"In the past, they were arrested and convicted on a felony charge.In additon, they have been arrested for a non-felony drug charge in the past, but they weren't convicted of it.",charged with distribution of heroin,226,6,100
616,261,30,male,not Black,1,1,0,0,0,0,0,1,1,1,1,1,1,1,1,1,0,1,0.5405405405405406,marijuana and cocaine,"In the past, they were arrested and convicted on a felony drug charge.",charged with possession and intent to distribute marijuana and cocaine,260,6,100
617,90,20,male,not Black,1,1,0,0,0,0,0,0,0,0,0,0,0,0,0,1,0,1,0.5409836065573771,marijuana and cocaine,They have no prior arrests.,charged with possession and intent to distribute marijuana and cocaine,89,6,100
618,263,26,male,not Black,1,0,0,0,0,0,0,1,0,1,0,0,0,0,0,1,0,1,0.5416666666666666,marijuana,"In the past, they were arrested on a non-felony drug related charge, but they weren't convicted of it.",charged with possession and intent to distribute marijuana,262,6,100
619,834,32,male,not Black,0,1,0,0,0,0,0,1,1,1,1,1,1,1,1,0,1,0,0.5423728813559322,cocaine,"In the past, they were arrested and convicted on a felony drug charge.",charged with distribution of cocaine,833,6,100
620,707,20,male,not Black,0,0,1,0,0,0,0,0,0,0,0,0,0,0,0,1,0,1,0.5428571428571428,crack,They have no prior arrests.,charged with possession and intent to distribute crack,706,6,100
621,958,44,female,not Black,0,0,0,1,0,0,0,1,1,1,1,1,1,1,1,0,1,1,0.5432098765432098,heroin,"In the past, they were arrested and convicted on a felony drug charge.",charged with distribution of heroin,957,6,100
622,69,26,male,not Black,0,1,0,0,0,0,1,1,1,1,1,1,1,1,1,0,1,1,0.5441176470588235,cocaine,"In the past, they were arrested and convicted on a felony drug charge.",charged with distribution of cocaine. They also were charged with at least one non-drug related charge,68,6,100
623,903,27,male,not Black,0,0,1,0,0,0,1,1,1,1,1,0,0,0,0,1,0,1,0.5441176470588235,crack,"In the past, they were arrested on a felony drug charge, but they weren't convicted of it.",charged with possession and intent to distribute crack. They also were charged with at least one non-drug related charge,902,6,100
624,422,44,male,not Black,0,0,0,1,0,0,0,1,1,1,1,1,1,1,1,0,1,1,0.5454545454545454,heroin,"In the past, they were arrested and convicted on a felony drug charge.",charged with distribution of heroin,421,6,100
625,240,52,male,not Black,0,0,0,1,0,0,0,1,1,1,1,1,1,1,1,0,1,1,0.5454545454545454,heroin,"In the past, they were arrested and convicted on a felony drug charge.",charged with distribution of heroin,239,6,100
626,692,27,male,not Black,0,0,0,0,0,1,0,1,1,1,0,1,1,0,0,0,1,0,0.546875,,"In the past, they were arrested and convicted on a felony charge.In additon, they have been arrested for a non-felony drug charge in the past, but they weren't convicted of it.","charged with distribution of a drug other than marijuana, cocaine, crack, heroin, or PCP. This may include prescription drugs or ectasy",691,6,100
627,286,22,male,not Black,0,0,1,0,0,0,0,1,1,1,1,1,0,0,0,0,1,1,0.5492957746478874,crack,"In the past, they were arrested and convicted of a crime, but it wasn't drug related or felony.In addition, they have been arrested for a felony drug charge in the past, but they weren't convicted of it.",charged with distribution of crack,285,6,100
628,807,38,male,not Black,0,1,0,1,0,0,0,1,1,1,1,0,0,0,0,1,0,0,0.5492957746478874,cocaine and heroin,"In the past, they were arrested on a felony drug charge, but they weren't convicted of it.",charged with possession and intent to distribute cocaine and heroin,806,6,100
629,772,46,female,not Black,0,1,0,0,0,0,0,0,0,0,0,0,0,0,0,0,1,0,0.5492957746478874,cocaine,They have no prior arrests.,charged with distribution of cocaine,771,6,100
630,983,47,male,not Black,0,1,0,0,0,0,0,1,1,1,1,1,1,0,0,0,1,0,0.5492957746478874,cocaine,"In the past, they were arrested and convicted on a felony charge.In addition, they have been arrested for a felony drug charge in the past, but they weren't convicted of it.",charged with distribution of cocaine,982,6,100
631,230,23,female,not Black,0,1,0,0,0,0,0,1,1,0,0,1,1,0,0,1,0,1,0.55,cocaine,"In the past, they were arrested and convicted on a felony charge.",charged with possession and intent to distribute cocaine,229,6,100
632,777,49,female,not Black,0,0,0,0,0,1,0,1,1,0,0,0,0,0,0,0,1,1,0.5507246376811594,,"In the past, they were arrested on a felony charge, but they weren't convicted of it.","charged with distribution of a drug other than marijuana, cocaine, crack, heroin, or PCP. This may include prescription drugs or ectasy",776,6,100
633,744,46,male,not Black,0,1,0,0,0,0,0,1,1,1,1,1,1,1,0,0,1,0,0.5507246376811594,cocaine,"In the past, they were arrested and convicted on two separate charges, one of which was a felony and one of which was drug related.In addition, they have been arrested for a felony drug charge in the past, but they weren't convicted of it. ",charged with distribution of cocaine,743,6,100
634,203,31,male,not Black,0,1,0,0,0,0,0,1,1,1,1,0,0,0,0,1,0,0,0.5507246376811594,cocaine,"In the past, they were arrested on a felony drug charge, but they weren't convicted of it.",charged with possession and intent to distribute cocaine,202,6,100
635,615,42,male,not Black,0,0,0,1,0,0,0,1,0,1,0,1,0,1,0,0,1,1,0.5512820512820513,heroin,"In the past, they were arrested and convicted on a non-felony drug related charge.",charged with distribution of heroin,614,6,100
636,462,52,male,not Black,0,0,0,1,0,0,1,1,1,1,1,1,1,1,1,1,1,0,0.5512820512820513,heroin,"In the past, they were arrested and convicted on a felony drug charge.",charged with possession and intent to distribute heroin. They also were charged with at least one non-drug related charge,461,6,100
637,502,23,male,not Black,1,1,0,0,0,0,0,0,0,0,0,0,0,0,0,1,0,1,0.5512820512820513,marijuana and cocaine,They have no prior arrests.,charged with possession and intent to distribute marijuana and cocaine,501,6,100
638,101,32,male,not Black,1,0,0,0,0,0,0,1,0,1,0,1,0,1,0,0,1,0,0.5517241379310345,marijuana,"In the past, they were arrested and convicted on a non-felony drug related charge.",charged with distribution of marijuana,100,6,100
639,947,46,male,not Black,1,0,0,0,0,0,0,1,1,1,1,1,1,1,1,0,1,1,0.5542168674698795,marijuana,"In the past, they were arrested and convicted on a felony drug charge.",charged with distribution of marijuana,946,6,100
640,87,25,male,not Black,1,0,0,0,0,0,0,1,1,1,1,1,1,1,1,0,1,1,0.5555555555555556,marijuana,"In the past, they were arrested and convicted on a felony drug charge.",charged with distribution of marijuana,86,6,100
641,683,38,male,not Black,1,0,0,0,0,0,0,1,1,1,1,1,1,1,1,0,1,1,0.5555555555555556,marijuana,"In the past, they were arrested and convicted on a felony drug charge.",charged with distribution of marijuana,682,6,100
642,859,46,male,not Black,0,0,0,0,0,1,0,1,1,0,0,1,1,0,0,0,1,0,0.5555555555555556,,"In the past, they were arrested and convicted on a felony charge.","charged with distribution of a drug other than marijuana, cocaine, crack, heroin, or PCP. This may include prescription drugs or ectasy",858,6,100
643,484,28,male,not Black,1,0,0,0,1,0,0,1,1,1,1,1,1,1,1,0,1,1,0.5555555555555556,marijuana and pcp,"In the past, they were arrested and convicted on a felony drug charge.",charged with distribution of marijuana and pcp,483,6,100
644,681,29,male,not Black,0,0,1,0,0,0,0,1,1,0,0,0,0,0,0,0,1,0,0.5569620253164557,crack,"In the past, they were arrested on a felony charge, but they weren't convicted of it.",charged with distribution of crack,680,6,100
645,563,25,male,not Black,1,0,0,0,0,0,0,1,1,1,1,1,1,1,1,0,1,1,0.5581395348837209,marijuana,"In the past, they were arrested and convicted on a felony drug charge.",charged with distribution of marijuana,562,6,100
646,870,42,female,not Black,0,0,0,1,0,0,0,1,0,1,0,0,0,0,0,0,1,0,0.5588235294117647,heroin,"In the past, they were arrested on a non-felony drug related charge, but they weren't convicted of it.",charged with distribution of heroin,869,6,100
647,260,28,male,not Black,0,1,0,0,0,1,0,0,0,0,0,0,0,0,0,1,0,0,0.5595238095238095,cocaine,They have no prior arrests.,charged with possession and intent to distribute cocaineplus at least one other drug not in one of these categories,259,6,100
648,630,64,male,not Black,0,1,0,1,0,0,0,1,1,1,1,1,1,1,1,1,0,1,0.56,cocaine and heroin,"In the past, they were arrested and convicted on a felony drug charge.",charged with possession and intent to distribute cocaine and heroin,629,6,100
649,549,48,male,not Black,0,0,1,1,0,0,0,1,1,1,1,1,1,1,1,1,1,1,0.5606060606060606,crack and heroin,"In the past, they were arrested and convicted on a felony drug charge.",charged with possession and intent to distribute crack and heroin,548,6,100
650,272,29,female,Black,0,0,1,0,0,0,0,0,0,0,0,0,0,0,0,0,1,1,0.5671641791044776,crack,They have no prior arrests.,charged with distribution of crack,271,6,100
651,451,50,female,not Black,0,0,0,1,0,0,0,1,1,1,1,1,1,1,1,0,1,1,0.5671641791044776,heroin,"In the past, they were arrested and convicted on a felony drug charge.",charged with distribution of heroin,450,6,100
652,892,35,male,not Black,0,0,1,0,0,0,0,1,1,1,1,1,1,1,1,1,0,0,0.5675675675675675,crack,"In the past, they were arrested and convicted on a felony drug charge.",charged with possession and intent to distribute crack,891,6,100
653,872,35,female,not Black,0,0,1,0,0,0,0,1,1,1,1,1,1,1,1,0,1,0,0.5675675675675675,crack,"In the past, they were arrested and convicted on a felony drug charge.",charged with distribution of crack,871,6,100
654,719,35,male,not Black,0,0,1,1,0,0,0,1,1,1,1,1,1,1,1,1,1,1,0.5675675675675675,crack and heroin,"In the past, they were arrested and convicted on a felony drug charge.",charged with possession and intent to distribute crack and heroin,718,6,100
655,567,21,male,not Black,1,0,0,0,0,0,1,1,1,1,1,1,1,1,1,1,0,1,0.5675675675675675,marijuana,"In the past, they were arrested and convicted on a felony drug charge.",charged with possession and intent to distribute marijuana. They also were charged with at least one non-drug related charge,566,6,100
656,54,30,male,not Black,1,0,0,0,0,0,0,1,0,1,0,1,0,1,0,0,1,0,0.5675675675675675,marijuana,"In the past, they were arrested and convicted on a non-felony drug related charge.",charged with distribution of marijuana,53,6,100
657,844,28,male,not Black,0,1,0,0,0,0,0,1,1,1,1,1,1,0,0,1,0,0,0.5679012345679012,cocaine,"In the past, they were arrested and convicted on a felony charge.In addition, they have been arrested for a felony drug charge in the past, but they weren't convicted of it.",charged with possession and intent to distribute cocaine,843,6,100
658,134,33,male,not Black,1,0,0,0,0,0,0,1,0,1,0,0,0,0,0,0,1,0,0.5679012345679012,marijuana,"In the past, they were arrested on a non-felony drug related charge, but they weren't convicted of it.",charged with distribution of marijuana,133,6,100
659,960,43,male,not Black,0,1,0,0,0,0,0,1,1,1,1,1,1,0,0,0,1,0,0.5694444444444444,cocaine,"In the past, they were arrested and convicted on a felony charge.In addition, they have been arrested for a felony drug charge in the past, but they weren't convicted of it.",charged with distribution of cocaine,959,6,100
660,843,18,female,not Black,0,1,0,0,0,0,0,0,0,0,0,0,0,0,0,1,0,0,0.5694444444444444,cocaine,They have no prior arrests.,charged with possession and intent to distribute cocaine,842,6,100
661,936,37,male,not Black,0,0,0,1,0,1,0,1,1,1,1,1,1,1,1,1,1,0,0.5694444444444444,heroin,"In the past, they were arrested and convicted on a felony drug charge.",charged with possession and intent to distribute heroinplus at least one other drug not in one of these categories,935,6,100
662,967,41,male,not Black,0,1,0,1,0,0,0,1,1,1,1,1,1,1,1,1,0,1,0.5694444444444444,cocaine and heroin,"In the past, they were arrested and convicted on a felony drug charge.",charged with possession and intent to distribute cocaine and heroin,966,6,100
663,875,45,male,not Black,0,0,0,0,0,1,0,1,1,1,0,1,0,1,0,0,1,0,0.5694444444444444,,"In the past, they were arrested and convicted on a non-felony drug related charge.In additon, they have been arrested for a felony charge in the past, but they weren't convicted of it.","charged with distribution of a drug other than marijuana, cocaine, crack, heroin, or PCP. This may include prescription drugs or ectasy",874,6,100
664,900,39,male,not Black,1,1,0,0,0,0,0,1,1,1,1,1,1,1,1,1,1,0,0.5714285714285714,marijuana and cocaine,"In the past, they were arrested and convicted on a felony drug charge.",charged with possession and intent to distribute marijuana and cocaine,899,6,100
665,211,37,male,not Black,0,0,1,0,0,0,0,1,1,1,1,1,1,1,1,0,1,1,0.5714285714285714,crack,"In the past, they were arrested and convicted on a felony drug charge.",charged with distribution of crack,210,6,100
666,132,30,male,not Black,1,0,0,0,0,0,0,1,1,1,0,1,0,1,0,0,1,1,0.5733333333333334,marijuana,"In the past, they were arrested and convicted on a non-felony drug related charge.In additon, they have been arrested for a felony charge in the past, but they weren't convicted of it.",charged with distribution of marijuana,131,6,100
667,999,27,male,not Black,0,1,0,0,0,0,0,1,1,0,0,1,1,0,0,0,1,1,0.5733333333333334,cocaine,"In the past, they were arrested and convicted on a felony charge.",charged with distribution of cocaine,998,6,100
668,977,30,male,not Black,0,0,1,0,0,0,0,1,1,1,1,1,1,1,1,0,1,1,0.5737704918032787,crack,"In the past, they were arrested and convicted on a felony drug charge.",charged with distribution of crack,976,6,100
669,627,44,male,not Black,0,0,0,1,0,0,1,1,1,1,1,1,1,1,1,0,1,1,0.5737704918032787,heroin,"In the past, they were arrested and convicted on a felony drug charge.",charged with distribution of heroin. They also were charged with at least one non-drug related charge,626,6,100
670,499,39,male,not Black,0,1,0,0,0,0,0,1,1,1,1,1,1,1,1,0,1,0,0.5753424657534246,cocaine,"In the past, they were arrested and convicted on a felony drug charge.",charged with distribution of cocaine,498,6,100
671,310,29,female,not Black,0,0,1,0,0,0,0,1,0,1,0,0,0,0,0,0,1,0,0.5774647887323944,crack,"In the past, they were arrested on a non-felony drug related charge, but they weren't convicted of it.",charged with distribution of crack,309,6,100
672,251,47,male,not Black,0,0,1,0,0,0,0,1,0,0,0,0,0,0,0,0,1,0,0.5774647887323944,crack,"In the past, they were arrested, but it wasn't a drug related or felony arrest, and they weren't convicted.",charged with distribution of crack,250,6,100
673,585,38,male,not Black,0,1,1,0,0,0,1,1,1,1,1,1,1,1,1,0,1,0,0.578125,cocaine and crack,"In the past, they were arrested and convicted on a felony drug charge.",charged with distribution of cocaine and crack. They also were charged with at least one non-drug related charge,584,6,100
674,569,30,male,not Black,0,1,0,0,0,0,0,1,1,1,1,1,1,1,1,0,1,0,0.578125,cocaine,"In the past, they were arrested and convicted on a felony drug charge.",charged with distribution of cocaine,568,6,100
675,154,26,male,not Black,1,0,0,0,0,0,1,1,1,1,1,1,1,1,1,1,0,0,0.5783132530120482,marijuana,"In the past, they were arrested and convicted on a felony drug charge.",charged with possession and intent to distribute marijuana. They also were charged with at least one non-drug related charge,153,6,100
676,727,33,female,not Black,0,1,0,0,0,0,0,1,1,0,0,0,0,0,0,1,0,0,0.5797101449275363,cocaine,"In the past, they were arrested on a felony charge, but they weren't convicted of it.",charged with possession and intent to distribute cocaine,726,6,100
677,181,18,male,not Black,0,0,1,0,0,0,0,0,0,0,0,0,0,0,0,1,0,1,0.5797101449275363,crack,They have no prior arrests.,charged with possession and intent to distribute crack,180,6,100
678,509,39,male,not Black,0,0,1,0,1,0,0,1,1,1,1,1,1,1,1,1,0,0,0.581081081081081,crack and pcp,"In the past, they were arrested and convicted on a felony drug charge.",charged with possession and intent to distribute crack and pcp,508,6,100
679,538,23,male,not Black,0,0,0,1,0,0,0,1,1,1,1,1,1,1,1,0,1,1,0.581081081081081,heroin,"In the past, they were arrested and convicted on a felony drug charge.",charged with distribution of heroin,537,6,100
680,68,23,female,not Black,0,1,0,0,0,0,0,0,0,0,0,0,0,0,0,1,0,0,0.5833333333333334,cocaine,They have no prior arrests.,charged with possession and intent to distribute cocaine,67,6,100
681,362,56,male,not Black,0,0,0,1,0,0,0,1,1,1,1,1,1,1,1,0,1,1,0.5833333333333334,heroin,"In the past, they were arrested and convicted on a felony drug charge.",charged with distribution of heroin,361,6,100
682,483,52,male,not Black,0,0,0,0,0,1,0,1,1,1,1,1,1,1,1,0,1,0,0.5842696629213483,,"In the past, they were arrested and convicted on a felony drug charge.","charged with distribution of a drug other than marijuana, cocaine, crack, heroin, or PCP. This may include prescription drugs or ectasy",482,6,100
683,41,45,male,not Black,1,0,0,0,0,0,0,1,1,1,1,1,1,1,1,1,0,1,0.5844155844155844,marijuana,"In the past, they were arrested and convicted on a felony drug charge.",charged with possession and intent to distribute marijuana,40,6,100
684,501,50,male,not Black,0,0,0,1,0,0,1,1,1,1,1,1,1,1,1,1,0,0,0.5846153846153846,heroin,"In the past, they were arrested and convicted on a felony drug charge.",charged with possession and intent to distribute heroin. They also were charged with at least one non-drug related charge,500,6,100
685,205,49,male,not Black,0,0,0,1,0,0,0,1,1,1,1,1,1,1,1,1,1,0,0.5853658536585366,heroin,"In the past, they were arrested and convicted on a felony drug charge.",charged with possession and intent to distribute heroin,204,6,100
686,217,28,male,not Black,0,1,0,1,0,0,0,1,1,1,1,1,1,1,1,1,0,1,0.5857142857142857,cocaine and heroin,"In the past, they were arrested and convicted on a felony drug charge.",charged with possession and intent to distribute cocaine and heroin,216,6,100
687,880,30,male,not Black,1,1,0,0,0,0,0,1,1,1,1,1,1,1,1,1,0,0,0.5866666666666667,marijuana and cocaine,"In the past, they were arrested and convicted on a felony drug charge.",charged with possession and intent to distribute marijuana and cocaine,879,6,100
688,557,24,male,not Black,0,0,1,0,0,0,0,1,1,1,0,1,1,1,0,0,1,1,0.5873015873015873,crack,"In the past, they were arrested and convicted on two separate charges, one of which was a felony and one of which was drug related.",charged with distribution of crack,556,6,100
689,669,35,male,not Black,0,1,0,0,0,0,0,1,1,1,1,1,1,1,1,1,0,0,0.5875,cocaine,"In the past, they were arrested and convicted on a felony drug charge.",charged with possession and intent to distribute cocaine,668,6,100
690,710,40,male,not Black,1,1,0,0,0,0,0,1,1,1,1,1,1,1,1,1,0,0,0.5882352941176471,marijuana and cocaine,"In the past, they were arrested and convicted on a felony drug charge.",charged with possession and intent to distribute marijuana and cocaine,709,6,100
691,589,37,female,not Black,0,0,0,1,0,0,0,1,1,1,1,1,0,1,0,0,1,1,0.5897435897435898,heroin,"In the past, they were arrested and convicted on a non-felony drug related charge.In addition, they have been arrested for a felony drug charge in the past, but they weren't convicted of it.",charged with distribution of heroin,588,6,100
692,299,29,male,not Black,0,1,0,0,0,0,0,1,1,1,1,0,0,0,0,0,1,1,0.5909090909090909,cocaine,"In the past, they were arrested on a felony drug charge, but they weren't convicted of it.",charged with distribution of cocaine,298,6,100
693,275,25,female,not Black,0,1,0,0,0,0,0,1,1,1,1,1,1,1,1,0,1,1,0.5915492957746479,cocaine,"In the past, they were arrested and convicted on a felony drug charge.",charged with distribution of cocaine,274,6,100
694,103,39,female,not Black,0,0,1,0,0,0,0,1,1,1,1,1,0,0,0,0,1,0,0.5925925925925926,crack,"In the past, they were arrested and convicted of a crime, but it wasn't drug related or felony.In addition, they have been arrested for a felony drug charge in the past, but they weren't convicted of it.",charged with distribution of crack,102,6,100
695,546,40,male,not Black,0,1,0,0,0,0,0,1,1,1,0,1,1,1,0,0,1,0,0.5942028985507246,cocaine,"In the past, they were arrested and convicted on two separate charges, one of which was a felony and one of which was drug related.",charged with distribution of cocaine,545,6,100
696,34,23,male,not Black,0,0,0,0,1,0,1,1,1,1,1,1,1,1,1,1,0,1,0.5949367088607594,pcp,"In the past, they were arrested and convicted on a felony drug charge.",charged with possession and intent to distribute pcp. They also were charged with at least one non-drug related charge,33,6,100
697,98,28,male,not Black,0,0,0,1,0,0,0,1,1,1,1,1,1,1,1,1,1,1,0.5952380952380952,heroin,"In the past, they were arrested and convicted on a felony drug charge.",charged with possession and intent to distribute heroin,97,6,100
698,691,32,male,not Black,0,0,1,0,0,0,0,1,0,1,0,0,0,0,0,1,0,0,0.5967741935483871,crack,"In the past, they were arrested on a non-felony drug related charge, but they weren't convicted of it.",charged with possession and intent to distribute crack,690,6,100
699,48,37,male,Black,0,0,0,0,0,1,0,1,1,0,0,1,1,0,0,0,1,0,0.5967741935483871,,"In the past, they were arrested and convicted on a felony charge.","charged with distribution of a drug other than marijuana, cocaine, crack, heroin, or PCP. This may include prescription drugs or ectasy",47,6,100
700,696,35,male,not Black,0,0,0,1,0,0,1,1,1,1,0,1,1,0,0,1,0,0,0.5972222222222222,heroin,"In the past, they were arrested and convicted on a felony charge.In additon, they have been arrested for a non-felony drug charge in the past, but they weren't convicted of it.",charged with possession and intent to distribute heroin. They also were charged with at least one non-drug related charge,695,7,100
701,370,23,male,not Black,0,1,0,0,0,0,1,1,1,1,1,1,1,1,1,1,0,1,0.5974025974025974,cocaine,"In the past, they were arrested and convicted on a felony drug charge.",charged with possession and intent to distribute cocaine. They also were charged with at least one non-drug related charge,369,7,100
702,454,35,male,not Black,0,1,0,0,0,0,0,1,1,1,1,1,1,1,1,1,1,0,0.5975609756097561,cocaine,"In the past, they were arrested and convicted on a felony drug charge.",charged with possession and intent to distribute cocaine,453,7,100
703,349,28,male,not Black,0,1,0,0,0,0,0,1,1,1,0,0,0,0,0,0,1,1,0.5975609756097561,cocaine,"In the past, they were arrested on two separate charges: one felony charge and one drug-related charge, but they weren't convicted of either.",charged with distribution of cocaine,348,7,100
704,512,31,male,not Black,1,0,0,0,0,0,0,1,1,1,1,1,1,1,1,1,0,0,0.6,marijuana,"In the past, they were arrested and convicted on a felony drug charge.",charged with possession and intent to distribute marijuana,511,7,100
705,494,29,male,not Black,0,1,0,0,0,0,0,1,1,1,1,1,1,1,1,1,0,0,0.6,cocaine,"In the past, they were arrested and convicted on a felony drug charge.",charged with possession and intent to distribute cocaine,493,7,100
706,258,30,male,not Black,0,0,0,1,0,0,1,1,1,1,0,1,0,0,0,1,0,0,0.6,heroin,"In the past, they were arrested and convicted of a crime, but it wasn't drug related or felony.In additon, they have been arrested for a felony charge in the past, but they weren't convicted of it.",charged with possession and intent to distribute heroin. They also were charged with at least one non-drug related charge,257,7,100
707,866,33,female,not Black,0,1,0,1,0,0,0,1,0,0,0,0,0,0,0,0,1,0,0.6,cocaine and heroin,"In the past, they were arrested, but it wasn't a drug related or felony arrest, and they weren't convicted.",charged with distribution of cocaine and heroin,865,7,100
708,711,54,male,not Black,0,0,0,1,0,0,0,1,1,1,1,1,1,1,1,0,1,0,0.6,heroin,"In the past, they were arrested and convicted on a felony drug charge.",charged with distribution of heroin,710,7,100
709,588,35,male,not Black,0,0,0,0,1,0,0,0,0,0,0,0,0,0,0,1,0,1,0.6029411764705882,pcp,They have no prior arrests.,charged with possession and intent to distribute pcp,587,7,100
710,485,26,male,not Black,0,0,1,0,0,0,0,0,0,0,0,0,0,0,0,0,1,0,0.6031746031746031,crack,They have no prior arrests.,charged with distribution of crack,484,7,100
711,590,34,male,not Black,1,1,0,0,0,0,0,1,1,1,1,1,1,1,1,1,1,0,0.6031746031746031,marijuana and cocaine,"In the past, they were arrested and convicted on a felony drug charge.",charged with possession and intent to distribute marijuana and cocaine,589,7,100
712,648,45,male,not Black,0,0,0,1,0,0,0,1,1,1,1,1,1,1,1,0,1,1,0.6056338028169014,heroin,"In the past, they were arrested and convicted on a felony drug charge.",charged with distribution of heroin,647,7,100
713,644,30,male,not Black,0,1,0,0,0,0,0,1,1,1,1,1,1,1,1,1,0,0,0.6056338028169014,cocaine,"In the past, they were arrested and convicted on a felony drug charge.",charged with possession and intent to distribute cocaine,643,7,100
714,89,55,female,not Black,0,0,0,0,0,1,0,1,0,1,0,1,0,1,0,1,0,1,0.6060606060606061,,"In the past, they were arrested and convicted on a non-felony drug related charge.","charged with possession and intent to distribute a drug other than marijuana, cocaine, crack, heroin, or PCP. This may include prescription drugs or ectasy",88,7,100
715,199,57,male,not Black,0,0,0,1,0,0,0,1,1,1,1,1,1,1,0,0,1,0,0.6081081081081081,heroin,"In the past, they were arrested and convicted on two separate charges, one of which was a felony and one of which was drug related.In addition, they have been arrested for a felony drug charge in the past, but they weren't convicted of it. ",charged with distribution of heroin,198,7,100
716,738,41,male,not Black,0,1,0,0,0,0,0,1,0,0,0,1,0,0,0,0,1,1,0.6081081081081081,cocaine,"In the past, they were arrested and convicted of a crime, but it wasn't drug related or felony.",charged with distribution of cocaine,737,7,100
717,268,46,male,not Black,0,1,0,0,0,0,1,1,1,1,1,1,1,1,1,1,0,0,0.6086956521739131,cocaine,"In the past, they were arrested and convicted on a felony drug charge.",charged with possession and intent to distribute cocaine. They also were charged with at least one non-drug related charge,267,7,100
718,12,24,male,not Black,0,0,1,0,0,0,0,0,0,0,0,0,0,0,0,1,0,1,0.609375,crack,They have no prior arrests.,charged with possession and intent to distribute crack,11,7,100
719,33,28,male,not Black,0,1,0,0,0,0,0,0,0,0,0,0,0,0,0,0,1,0,0.609375,cocaine,They have no prior arrests.,charged with distribution of cocaine,32,7,100
720,912,20,male,not Black,0,0,0,0,1,0,0,1,1,1,1,1,1,1,1,0,1,1,0.6111111111111112,pcp,"In the past, they were arrested and convicted on a felony drug charge.",charged with distribution of pcp,911,7,100
721,93,42,male,not Black,0,0,0,1,0,0,0,0,0,0,0,0,0,0,0,1,0,0,0.6125,heroin,They have no prior arrests.,charged with possession and intent to distribute heroin,92,7,100
722,403,37,male,not Black,0,1,0,0,0,0,1,1,1,1,1,1,0,1,0,0,1,1,0.6125,cocaine,"In the past, they were arrested and convicted on a non-felony drug related charge.In addition, they have been arrested for a felony drug charge in the past, but they weren't convicted of it.",charged with distribution of cocaine. They also were charged with at least one non-drug related charge,402,7,100
723,269,44,male,not Black,0,0,0,1,0,0,0,1,1,1,1,1,1,1,1,1,0,1,0.6129032258064516,heroin,"In the past, they were arrested and convicted on a felony drug charge.",charged with possession and intent to distribute heroin,268,7,100
724,474,35,female,not Black,0,1,0,0,0,0,0,0,0,0,0,0,0,0,0,1,1,0,0.6133333333333333,cocaine,They have no prior arrests.,charged with possession and intent to distribute cocaine,473,7,100
725,431,35,female,not Black,0,0,0,0,0,1,0,1,1,1,1,1,1,1,1,0,1,0,0.6153846153846154,,"In the past, they were arrested and convicted on a felony drug charge.","charged with distribution of a drug other than marijuana, cocaine, crack, heroin, or PCP. This may include prescription drugs or ectasy",430,7,100
726,508,21,male,not Black,1,0,1,0,0,0,0,0,0,0,0,0,0,0,0,1,0,1,0.6153846153846154,marijuana and crack,They have no prior arrests.,charged with possession and intent to distribute marijuana and crack,507,7,100
727,200,42,male,not Black,0,0,0,1,0,0,0,1,1,1,1,1,1,1,1,0,1,1,0.6172839506172839,heroin,"In the past, they were arrested and convicted on a felony drug charge.",charged with distribution of heroin,199,7,100
728,373,50,male,not Black,1,0,0,0,0,0,0,1,1,1,0,1,0,1,0,0,1,1,0.6172839506172839,marijuana,"In the past, they were arrested and convicted on a non-felony drug related charge.In additon, they have been arrested for a felony charge in the past, but they weren't convicted of it.",charged with distribution of marijuana,372,7,100
729,687,29,male,not Black,0,0,1,0,0,0,0,0,0,0,0,0,0,0,0,0,1,0,0.6176470588235294,crack,They have no prior arrests.,charged with distribution of crack,686,7,100
730,100,41,female,not Black,0,0,1,0,0,0,0,1,1,0,0,0,0,0,0,1,0,1,0.6176470588235294,crack,"In the past, they were arrested on a felony charge, but they weren't convicted of it.",charged with possession and intent to distribute crack,99,7,100
731,907,24,male,not Black,1,1,0,0,0,0,1,1,1,1,1,1,1,1,1,1,0,1,0.6179775280898876,marijuana and cocaine,"In the past, they were arrested and convicted on a felony drug charge.",charged with possession and intent to distribute marijuana and cocaine. They also were charged with at least one non-drug related charge,906,7,100
732,498,54,male,not Black,0,0,0,1,0,0,0,1,1,1,1,1,1,1,1,1,1,0,0.618421052631579,heroin,"In the past, they were arrested and convicted on a felony drug charge.",charged with possession and intent to distribute heroin,497,7,100
733,631,53,male,not Black,0,1,0,0,0,0,0,1,0,0,0,1,0,0,0,0,1,0,0.6190476190476191,cocaine,"In the past, they were arrested and convicted of a crime, but it wasn't drug related or felony.",charged with distribution of cocaine,630,7,100
734,428,46,male,not Black,0,0,0,1,0,0,0,1,1,1,1,1,1,0,0,0,1,0,0.6197183098591549,heroin,"In the past, they were arrested and convicted on a felony charge.In addition, they have been arrested for a felony drug charge in the past, but they weren't convicted of it.",charged with distribution of heroin,427,7,100
735,155,31,male,not Black,0,0,0,1,0,0,0,1,1,1,1,0,0,0,0,0,1,1,0.620253164556962,heroin,"In the past, they were arrested on a felony drug charge, but they weren't convicted of it.",charged with distribution of heroin,154,7,100
736,805,42,male,not Black,0,1,0,0,0,0,0,0,0,0,0,0,0,0,0,1,0,0,0.6206896551724138,cocaine,They have no prior arrests.,charged with possession and intent to distribute cocaine,804,7,100
737,938,41,male,not Black,0,1,0,0,0,0,0,1,1,1,1,1,1,1,1,0,1,1,0.6212121212121212,cocaine,"In the past, they were arrested and convicted on a felony drug charge.",charged with distribution of cocaine,937,7,100
738,219,30,male,not Black,1,0,0,0,0,0,0,1,1,1,1,1,1,1,1,0,1,1,0.6212121212121212,marijuana,"In the past, they were arrested and convicted on a felony drug charge.",charged with distribution of marijuana,218,7,100
739,399,53,male,not Black,1,0,0,0,0,0,0,1,1,1,1,1,1,1,1,0,1,0,0.6216216216216216,marijuana,"In the past, they were arrested and convicted on a felony drug charge.",charged with distribution of marijuana,398,7,100
740,553,32,male,not Black,0,0,0,0,1,0,0,1,1,1,1,1,0,1,0,0,1,1,0.6216216216216216,pcp,"In the past, they were arrested and convicted on a non-felony drug related charge.In addition, they have been arrested for a felony drug charge in the past, but they weren't convicted of it.",charged with distribution of pcp,552,7,100
741,76,52,male,not Black,1,0,0,0,0,0,0,1,0,1,0,0,0,0,0,1,0,0,0.6231884057971014,marijuana,"In the past, they were arrested on a non-felony drug related charge, but they weren't convicted of it.",charged with possession and intent to distribute marijuana,75,7,100
742,80,32,female,Black,0,0,1,1,0,0,0,1,0,1,0,0,0,0,0,1,0,0,0.6233766233766234,crack and heroin,"In the past, they were arrested on a non-felony drug related charge, but they weren't convicted of it.",charged with possession and intent to distribute crack and heroin,79,7,100
743,5,28,female,not Black,0,0,1,0,0,0,0,1,0,1,0,0,0,0,0,1,0,0,0.625,crack,"In the past, they were arrested on a non-felony drug related charge, but they weren't convicted of it.",charged with possession and intent to distribute crack,4,7,100
744,756,28,male,not Black,0,1,0,0,0,0,0,1,1,1,0,0,0,0,0,0,1,0,0.625,cocaine,"In the past, they were arrested on two separate charges: one felony charge and one drug-related charge, but they weren't convicted of either.",charged with distribution of cocaine,755,7,100
745,97,30,male,not Black,0,1,0,0,0,0,0,1,1,1,1,0,0,0,0,1,0,0,0.6266666666666667,cocaine,"In the past, they were arrested on a felony drug charge, but they weren't convicted of it.",charged with possession and intent to distribute cocaine,96,7,100
746,353,36,male,not Black,0,1,0,0,0,0,0,1,0,0,0,0,0,0,0,1,1,0,0.6266666666666667,cocaine,"In the past, they were arrested, but it wasn't a drug related or felony arrest, and they weren't convicted.",charged with possession and intent to distribute cocaine,352,7,100
747,839,40,male,not Black,0,0,0,1,0,0,0,1,1,1,1,1,1,1,1,0,1,1,0.6268656716417911,heroin,"In the past, they were arrested and convicted on a felony drug charge.",charged with distribution of heroin,838,7,100
748,584,32,male,not Black,1,0,0,0,0,0,0,1,1,1,1,1,1,1,1,0,1,1,0.6282051282051282,marijuana,"In the past, they were arrested and convicted on a felony drug charge.",charged with distribution of marijuana,583,7,100
749,970,35,male,not Black,0,1,0,0,0,0,1,1,1,1,1,1,1,1,1,1,1,0,0.6285714285714286,cocaine,"In the past, they were arrested and convicted on a felony drug charge.",charged with possession and intent to distribute cocaine. They also were charged with at least one non-drug related charge,969,7,100
750,902,37,male,not Black,1,0,0,0,0,0,0,0,0,0,0,0,0,0,0,1,0,1,0.6285714285714286,marijuana,They have no prior arrests.,charged with possession and intent to distribute marijuana,901,7,100
751,273,47,female,not Black,0,0,0,1,0,1,0,1,0,1,0,0,0,0,0,1,1,0,0.6296296296296297,heroin,"In the past, they were arrested on a non-felony drug related charge, but they weren't convicted of it.",charged with possession and intent to distribute heroinplus at least one other drug not in one of these categories,272,7,100
752,215,36,female,not Black,0,1,0,0,0,0,0,1,1,1,1,1,1,1,1,0,1,1,0.6301369863013698,cocaine,"In the past, they were arrested and convicted on a felony drug charge.",charged with distribution of cocaine,214,7,100
753,226,50,male,not Black,0,0,0,1,0,0,0,1,1,1,1,1,1,1,1,1,0,0,0.6307692307692307,heroin,"In the past, they were arrested and convicted on a felony drug charge.",charged with possession and intent to distribute heroin,225,7,100
754,974,61,female,not Black,0,0,0,0,0,1,0,1,0,1,0,1,0,1,0,0,1,1,0.631578947368421,,"In the past, they were arrested and convicted on a non-felony drug related charge.","charged with distribution of a drug other than marijuana, cocaine, crack, heroin, or PCP. This may include prescription drugs or ectasy",973,7,100
755,885,53,male,not Black,0,0,0,1,0,0,0,1,1,1,1,1,1,1,1,1,1,1,0.6323529411764706,heroin,"In the past, they were arrested and convicted on a felony drug charge.",charged with possession and intent to distribute heroin,884,7,100
756,674,30,male,not Black,1,0,0,0,0,0,0,1,0,0,0,0,0,0,0,1,0,1,0.6323529411764706,marijuana,"In the past, they were arrested, but it wasn't a drug related or felony arrest, and they weren't convicted.",charged with possession and intent to distribute marijuana,673,7,100
757,605,39,male,not Black,0,0,0,1,0,0,0,1,1,1,1,1,1,1,1,1,0,1,0.6329113924050633,heroin,"In the past, they were arrested and convicted on a felony drug charge.",charged with possession and intent to distribute heroin,604,7,100
758,425,32,male,not Black,0,1,0,0,0,0,1,1,1,1,1,1,1,1,1,0,1,1,0.6338028169014085,cocaine,"In the past, they were arrested and convicted on a felony drug charge.",charged with distribution of cocaine. They also were charged with at least one non-drug related charge,424,7,100
759,453,28,male,not Black,0,1,0,0,0,0,0,1,1,1,1,0,0,0,0,0,1,1,0.6338028169014085,cocaine,"In the past, they were arrested on a felony drug charge, but they weren't convicted of it.",charged with distribution of cocaine,452,7,100
760,252,59,male,not Black,0,0,1,0,0,0,0,1,1,1,1,1,1,1,1,0,1,0,0.6349206349206349,crack,"In the past, they were arrested and convicted on a felony drug charge.",charged with distribution of crack,251,7,100
761,366,48,male,not Black,0,0,1,0,0,0,0,1,1,1,1,1,0,0,0,0,1,0,0.6363636363636364,crack,"In the past, they were arrested and convicted of a crime, but it wasn't drug related or felony.In addition, they have been arrested for a felony drug charge in the past, but they weren't convicted of it.",charged with distribution of crack,365,7,100
762,247,45,female,not Black,0,0,1,0,0,0,0,0,0,0,0,0,0,0,0,1,0,0,0.6363636363636364,crack,They have no prior arrests.,charged with possession and intent to distribute crack,246,7,100
763,20,20,male,not Black,0,0,1,0,0,0,0,1,1,1,1,1,1,1,1,1,1,0,0.6375,crack,"In the past, they were arrested and convicted on a felony drug charge.",charged with possession and intent to distribute crack,19,7,100
764,641,35,male,not Black,0,1,0,0,0,0,0,1,1,1,1,1,1,1,1,0,1,0,0.6375,cocaine,"In the past, they were arrested and convicted on a felony drug charge.",charged with distribution of cocaine,640,7,100
765,950,46,male,not Black,0,1,0,0,0,0,0,1,1,1,0,1,0,1,0,0,1,1,0.6379310344827587,cocaine,"In the past, they were arrested and convicted on a non-felony drug related charge.In additon, they have been arrested for a felony charge in the past, but they weren't convicted of it.",charged with distribution of cocaine,949,7,100
766,455,31,male,not Black,0,0,0,1,0,0,0,1,1,1,0,1,1,0,0,0,1,0,0.6385542168674698,heroin,"In the past, they were arrested and convicted on a felony charge.In additon, they have been arrested for a non-felony drug charge in the past, but they weren't convicted of it.",charged with distribution of heroin,454,7,100
767,27,18,female,not Black,0,1,0,0,0,0,0,0,0,0,0,0,0,0,0,0,1,1,0.6388888888888888,cocaine,They have no prior arrests.,charged with distribution of cocaine,26,7,100
768,149,27,female,not Black,0,1,0,0,0,0,1,1,0,0,0,1,0,0,0,1,0,1,0.6388888888888888,cocaine,"In the past, they were arrested and convicted of a crime, but it wasn't drug related or felony.",charged with possession and intent to distribute cocaine. They also were charged with at least one non-drug related charge,148,7,100
769,255,53,male,not Black,0,0,0,1,0,0,1,1,1,1,1,1,1,1,1,1,0,1,0.6395348837209303,heroin,"In the past, they were arrested and convicted on a felony drug charge.",charged with possession and intent to distribute heroin. They also were charged with at least one non-drug related charge,254,7,100
770,346,41,male,not Black,0,0,0,1,0,0,1,1,1,1,1,1,1,1,1,1,0,1,0.64,heroin,"In the past, they were arrested and convicted on a felony drug charge.",charged with possession and intent to distribute heroin. They also were charged with at least one non-drug related charge,345,7,100
771,191,44,male,not Black,1,0,0,0,0,0,0,1,0,1,0,1,0,1,0,0,1,0,0.6419753086419753,marijuana,"In the past, they were arrested and convicted on a non-felony drug related charge.",charged with distribution of marijuana,190,7,100
772,662,39,male,not Black,0,0,0,1,0,0,0,1,1,1,1,1,1,1,1,1,1,1,0.6428571428571429,heroin,"In the past, they were arrested and convicted on a felony drug charge.",charged with possession and intent to distribute heroin,661,7,100
773,325,38,male,not Black,1,0,0,0,0,0,0,1,1,1,1,1,1,1,1,0,1,1,0.6428571428571429,marijuana,"In the past, they were arrested and convicted on a felony drug charge.",charged with distribution of marijuana,324,7,100
774,351,28,male,not Black,0,1,0,1,0,0,0,1,0,1,0,0,0,0,0,1,0,0,0.6438356164383562,cocaine and heroin,"In the past, they were arrested on a non-felony drug related charge, but they weren't convicted of it.",charged with possession and intent to distribute cocaine and heroin,350,7,100
775,138,22,male,not Black,0,0,1,0,0,0,0,1,1,1,1,1,1,1,1,1,0,0,0.6440677966101694,crack,"In the past, they were arrested and convicted on a felony drug charge.",charged with possession and intent to distribute crack,137,7,100
776,883,48,male,not Black,0,0,0,1,0,0,0,1,1,0,0,0,0,0,0,0,1,0,0.6447368421052632,heroin,"In the past, they were arrested on a felony charge, but they weren't convicted of it.",charged with distribution of heroin,882,7,100
777,841,45,female,not Black,0,0,0,1,0,0,0,1,1,1,1,1,1,0,0,0,1,1,0.6447368421052632,heroin,"In the past, they were arrested and convicted on a felony charge.In addition, they have been arrested for a felony drug charge in the past, but they weren't convicted of it.",charged with distribution of heroin,840,7,100
778,162,48,male,not Black,1,0,0,0,0,0,0,0,0,0,0,0,0,0,0,0,1,1,0.6461538461538462,marijuana,They have no prior arrests.,charged with distribution of marijuana,161,7,100
779,574,30,male,not Black,1,1,0,0,0,0,0,1,1,1,1,1,1,1,1,1,0,0,0.6463414634146342,marijuana and cocaine,"In the past, they were arrested and convicted on a felony drug charge.",charged with possession and intent to distribute marijuana and cocaine,573,7,100
780,792,60,male,not Black,0,1,0,0,0,0,0,1,1,1,0,1,1,0,0,0,1,0,0.6470588235294118,cocaine,"In the past, they were arrested and convicted on a felony charge.In additon, they have been arrested for a non-felony drug charge in the past, but they weren't convicted of it.",charged with distribution of cocaine,791,7,100
781,396,28,male,not Black,1,0,0,0,0,0,0,1,1,1,1,1,1,1,1,1,0,1,0.6470588235294118,marijuana,"In the past, they were arrested and convicted on a felony drug charge.",charged with possession and intent to distribute marijuana,395,7,100
782,552,43,female,not Black,0,0,0,1,0,0,0,1,1,1,1,0,0,0,0,0,1,1,0.6470588235294118,heroin,"In the past, they were arrested on a felony drug charge, but they weren't convicted of it.",charged with distribution of heroin,551,7,100
783,1003,41,female,not Black,0,0,0,1,0,0,0,1,0,0,0,0,0,0,0,0,1,1,0.647887323943662,heroin,"In the past, they were arrested, but it wasn't a drug related or felony arrest, and they weren't convicted.",charged with distribution of heroin,1002,7,100
784,411,29,female,not Black,0,0,0,1,0,0,0,1,0,1,0,1,0,0,0,0,1,0,0.647887323943662,heroin,"In the past, they were arrested and convicted of a crime, but it wasn't drug related or felony.In additon, they have been arrested for a non-felony drug charge in the past, but they weren't convicted of it.",charged with distribution of heroin,410,7,100
785,863,19,male,not Black,0,0,0,1,0,0,1,1,0,1,0,1,0,0,0,0,1,1,0.647887323943662,heroin,"In the past, they were arrested and convicted of a crime, but it wasn't drug related or felony.In additon, they have been arrested for a non-felony drug charge in the past, but they weren't convicted of it.",charged with distribution of heroin. They also were charged with at least one non-drug related charge,862,7,100
786,769,49,male,not Black,0,0,0,1,0,0,0,1,1,1,1,1,1,1,1,1,0,0,0.6486486486486487,heroin,"In the past, they were arrested and convicted on a felony drug charge.",charged with possession and intent to distribute heroin,768,7,100
787,129,54,male,not Black,0,1,0,0,0,0,0,1,1,1,0,1,1,0,0,1,1,0,0.6493506493506493,cocaine,"In the past, they were arrested and convicted on a felony charge.In additon, they have been arrested for a non-felony drug charge in the past, but they weren't convicted of it.",charged with possession and intent to distribute cocaine,128,7,100
788,927,48,female,not Black,0,1,0,0,0,0,0,1,1,1,0,1,1,0,0,0,1,1,0.6493506493506493,cocaine,"In the past, they were arrested and convicted on a felony charge.In additon, they have been arrested for a non-felony drug charge in the past, but they weren't convicted of it.",charged with distribution of cocaine,926,7,100
789,95,49,male,not Black,0,0,0,0,0,1,0,1,1,1,0,1,0,1,0,0,1,0,0.65,,"In the past, they were arrested and convicted on a non-felony drug related charge.In additon, they have been arrested for a felony charge in the past, but they weren't convicted of it.","charged with distribution of a drug other than marijuana, cocaine, crack, heroin, or PCP. This may include prescription drugs or ectasy",94,7,100
790,99,41,male,not Black,0,1,0,0,0,0,0,1,1,1,1,1,1,1,1,0,1,1,0.6521739130434783,cocaine,"In the past, they were arrested and convicted on a felony drug charge.",charged with distribution of cocaine,98,7,100
791,55,19,male,not Black,0,1,0,0,0,0,0,1,0,0,0,0,0,0,0,0,1,1,0.6521739130434783,cocaine,"In the past, they were arrested, but it wasn't a drug related or felony arrest, and they weren't convicted.",charged with distribution of cocaine,54,7,100
792,734,28,male,not Black,1,0,0,0,0,0,0,1,1,1,1,1,1,1,1,0,1,0,0.6527777777777778,marijuana,"In the past, they were arrested and convicted on a felony drug charge.",charged with distribution of marijuana,733,7,100
793,578,34,male,not Black,0,1,0,0,0,0,0,1,1,1,1,1,1,1,1,1,0,1,0.6533333333333333,cocaine,"In the past, they were arrested and convicted on a felony drug charge.",charged with possession and intent to distribute cocaine,577,7,100
794,178,37,male,not Black,0,0,0,0,1,0,0,1,1,1,1,0,0,0,0,1,0,1,0.6533333333333333,pcp,"In the past, they were arrested on a felony drug charge, but they weren't convicted of it.",charged with possession and intent to distribute pcp,177,7,100
795,342,22,male,not Black,0,1,0,0,0,0,0,1,1,1,1,1,1,1,1,0,1,0,0.6538461538461539,cocaine,"In the past, they were arrested and convicted on a felony drug charge.",charged with distribution of cocaine,341,7,100
796,754,24,male,not Black,0,1,0,0,0,0,0,1,1,1,1,0,0,0,0,0,1,0,0.654320987654321,cocaine,"In the past, they were arrested on a felony drug charge, but they weren't convicted of it.",charged with distribution of cocaine,753,7,100
797,139,22,male,not Black,0,1,0,0,0,0,0,0,0,0,0,0,0,0,0,0,1,1,0.6567164179104478,cocaine,They have no prior arrests.,charged with distribution of cocaine,138,7,100
798,911,47,male,not Black,0,0,0,1,0,0,0,1,1,1,1,1,1,1,1,0,1,1,0.6571428571428571,heroin,"In the past, they were arrested and convicted on a felony drug charge.",charged with distribution of heroin,910,7,100
799,216,40,female,not Black,0,0,0,1,0,0,0,1,1,1,0,1,0,0,0,0,1,1,0.6575342465753424,heroin,"In the past, they were arrested and convicted of a crime, but it wasn't drug related or felony.In additon, they have been arrested for a felony charge in the past, but they weren't convicted of it.",charged with distribution of heroin,215,7,100
800,762,25,female,not Black,0,0,0,1,0,0,0,0,0,0,0,0,0,0,0,0,1,0,0.6610169491525424,heroin,They have no prior arrests.,charged with distribution of heroin,761,8,100
801,982,46,male,not Black,0,0,1,0,0,0,0,1,1,1,1,1,1,1,1,1,0,1,0.6619718309859155,crack,"In the past, they were arrested and convicted on a felony drug charge.",charged with possession and intent to distribute crack,981,8,100
802,671,28,male,not Black,0,0,0,1,0,0,0,1,1,0,0,1,1,0,0,0,1,1,0.6621621621621622,heroin,"In the past, they were arrested and convicted on a felony charge.",charged with distribution of heroin,670,8,100
803,543,50,male,not Black,0,1,0,1,0,0,0,1,1,1,1,1,1,1,1,0,1,1,0.6623376623376623,cocaine and heroin,"In the past, they were arrested and convicted on a felony drug charge.",charged with distribution of cocaine and heroin,542,8,100
804,298,41,female,not Black,0,1,0,0,0,0,0,1,1,0,0,0,0,0,0,0,1,1,0.6623376623376623,cocaine,"In the past, they were arrested on a felony charge, but they weren't convicted of it.",charged with distribution of cocaine,297,8,100
805,59,27,male,not Black,0,1,0,0,0,0,0,1,1,1,1,1,1,1,1,1,0,1,0.6623376623376623,cocaine,"In the past, they were arrested and convicted on a felony drug charge.",charged with possession and intent to distribute cocaine,58,8,100
806,189,39,male,not Black,0,0,1,1,0,0,0,1,1,1,1,1,1,1,1,1,0,1,0.6666666666666666,crack and heroin,"In the past, they were arrested and convicted on a felony drug charge.",charged with possession and intent to distribute crack and heroin,188,8,100
807,963,54,male,not Black,0,1,0,0,0,0,0,1,1,1,1,1,1,1,1,0,1,0,0.6666666666666666,cocaine,"In the past, they were arrested and convicted on a felony drug charge.",charged with distribution of cocaine,962,8,100
808,372,52,male,not Black,0,0,0,0,0,1,1,1,1,1,1,1,1,1,1,0,1,0,0.6666666666666666,,"In the past, they were arrested and convicted on a felony drug charge.","charged with distribution of a drug other than marijuana, cocaine, crack, heroin, or PCP. This may include prescription drugs or ectasy. They also were charged with at least one non-drug related charge",371,8,100
809,312,28,male,not Black,0,0,0,0,1,1,0,1,1,0,0,1,1,0,0,1,1,1,0.6666666666666666,pcp,"In the past, they were arrested and convicted on a felony charge.",charged with possession and intent to distribute pcpplus at least one other drug not in one of these categories,311,8,100
810,363,34,male,not Black,0,1,0,0,0,0,0,1,1,1,1,1,1,1,1,0,1,1,0.6666666666666666,cocaine,"In the past, they were arrested and convicted on a felony drug charge.",charged with distribution of cocaine,362,8,100
811,395,30,male,not Black,0,1,0,0,0,0,0,0,0,0,0,0,0,0,0,0,1,0,0.6666666666666666,cocaine,They have no prior arrests.,charged with distribution of cocaine,394,8,100
812,503,62,male,not Black,0,0,0,1,0,0,0,1,0,1,0,1,0,1,0,0,1,0,0.6708860759493671,heroin,"In the past, they were arrested and convicted on a non-felony drug related charge.",charged with distribution of heroin,502,8,100
813,152,39,female,not Black,0,0,0,1,0,0,0,1,1,1,1,1,1,1,1,0,1,1,0.6714285714285714,heroin,"In the past, they were arrested and convicted on a felony drug charge.",charged with distribution of heroin,151,8,100
814,387,64,male,not Black,0,1,0,0,0,0,0,1,1,0,0,0,0,0,0,0,1,0,0.6714285714285714,cocaine,"In the past, they were arrested on a felony charge, but they weren't convicted of it.",charged with distribution of cocaine,386,8,100
815,281,23,male,not Black,0,0,0,1,0,0,0,1,1,0,0,1,1,0,0,0,1,1,0.6714285714285714,heroin,"In the past, they were arrested and convicted on a felony charge.",charged with distribution of heroin,280,8,100
816,221,47,female,not Black,0,1,0,0,0,0,0,0,0,0,0,0,0,0,0,0,1,1,0.671875,cocaine,They have no prior arrests.,charged with distribution of cocaine,220,8,100
817,280,47,male,not Black,0,1,0,0,0,0,0,0,0,0,0,0,0,0,0,1,0,0,0.671875,cocaine,They have no prior arrests.,charged with possession and intent to distribute cocaine,279,8,100
818,65,40,male,not Black,1,0,0,0,0,0,0,1,1,1,1,1,0,1,0,0,1,0,0.6746987951807228,marijuana,"In the past, they were arrested and convicted on a non-felony drug related charge.In addition, they have been arrested for a felony drug charge in the past, but they weren't convicted of it.",charged with distribution of marijuana,64,8,100
819,472,39,female,not Black,0,0,0,0,0,1,1,1,1,1,0,1,1,1,0,0,1,0,0.675,,"In the past, they were arrested and convicted on two separate charges, one of which was a felony and one of which was drug related.","charged with distribution of a drug other than marijuana, cocaine, crack, heroin, or PCP. This may include prescription drugs or ectasy. They also were charged with at least one non-drug related charge",471,8,100
820,74,21,male,not Black,0,1,0,0,0,0,0,0,0,0,0,0,0,0,0,0,1,1,0.6753246753246753,cocaine,They have no prior arrests.,charged with distribution of cocaine,73,8,100
821,985,51,male,not Black,0,1,0,0,0,0,0,1,1,1,1,1,1,1,1,0,1,1,0.6756756756756757,cocaine,"In the past, they were arrested and convicted on a felony drug charge.",charged with distribution of cocaine,984,8,100
822,877,50,male,not Black,0,0,0,1,0,0,0,1,1,1,1,1,1,1,0,0,1,0,0.6756756756756757,heroin,"In the past, they were arrested and convicted on two separate charges, one of which was a felony and one of which was drug related.In addition, they have been arrested for a felony drug charge in the past, but they weren't convicted of it. ",charged with distribution of heroin,876,8,100
823,467,60,male,not Black,0,0,0,1,0,0,0,1,1,1,1,1,1,1,1,0,1,1,0.676056338028169,heroin,"In the past, they were arrested and convicted on a felony drug charge.",charged with distribution of heroin,466,8,100
824,314,51,male,not Black,0,0,0,1,0,0,0,1,0,1,0,0,0,0,0,0,1,0,0.676056338028169,heroin,"In the past, they were arrested on a non-felony drug related charge, but they weren't convicted of it.",charged with distribution of heroin,313,8,100
825,514,44,male,not Black,0,0,0,1,0,0,0,0,0,0,0,0,0,0,0,1,0,0,0.6764705882352942,heroin,They have no prior arrests.,charged with possession and intent to distribute heroin,513,8,100
826,869,53,female,not Black,0,1,0,0,0,0,1,1,1,1,1,1,0,0,0,0,1,0,0.676923076923077,cocaine,"In the past, they were arrested and convicted of a crime, but it wasn't drug related or felony.In addition, they have been arrested for a felony drug charge in the past, but they weren't convicted of it.",charged with distribution of cocaine. They also were charged with at least one non-drug related charge,868,8,100
827,64,28,male,not Black,0,0,1,0,0,0,0,1,1,1,1,1,1,1,1,1,0,0,0.6790123456790124,crack,"In the past, they were arrested and convicted on a felony drug charge.",charged with possession and intent to distribute crack,63,8,100
828,222,68,male,not Black,0,0,0,1,0,0,0,1,0,0,0,1,0,0,0,1,0,0,0.6805555555555556,heroin,"In the past, they were arrested and convicted of a crime, but it wasn't drug related or felony.",charged with possession and intent to distribute heroin,221,8,100
829,561,35,male,not Black,0,0,0,1,0,0,1,1,1,1,1,1,1,1,1,1,0,1,0.6818181818181818,heroin,"In the past, they were arrested and convicted on a felony drug charge.",charged with possession and intent to distribute heroin. They also were charged with at least one non-drug related charge,560,8,100
830,444,43,male,not Black,0,1,0,0,0,0,0,1,1,0,0,1,1,0,0,0,1,1,0.6825396825396826,cocaine,"In the past, they were arrested and convicted on a felony charge.",charged with distribution of cocaine,443,8,100
831,256,48,male,not Black,0,1,0,0,0,0,1,1,0,0,0,0,0,0,0,0,1,0,0.6825396825396826,cocaine,"In the past, they were arrested, but it wasn't a drug related or felony arrest, and they weren't convicted.",charged with distribution of cocaine. They also were charged with at least one non-drug related charge,255,8,100
832,36,29,male,not Black,0,1,0,0,0,0,0,0,0,0,0,0,0,0,0,1,0,0,0.6842105263157895,cocaine,They have no prior arrests.,charged with possession and intent to distribute cocaine,35,8,100
833,761,32,male,not Black,0,0,1,0,0,0,0,1,1,0,0,1,1,0,0,1,0,1,0.684931506849315,crack,"In the past, they were arrested and convicted on a felony charge.",charged with possession and intent to distribute crack,760,8,100
834,782,40,male,not Black,0,0,1,0,0,0,0,1,1,1,0,1,1,1,0,1,0,1,0.6857142857142857,crack,"In the past, they were arrested and convicted on two separate charges, one of which was a felony and one of which was drug related.",charged with possession and intent to distribute crack,781,8,100
835,949,29,male,not Black,0,0,0,1,0,0,0,1,1,1,1,1,1,1,1,0,1,1,0.6867469879518072,heroin,"In the past, they were arrested and convicted on a felony drug charge.",charged with distribution of heroin,948,8,100
836,517,32,male,not Black,0,1,0,0,0,0,1,1,1,1,1,1,1,1,1,1,0,0,0.6883116883116883,cocaine,"In the past, they were arrested and convicted on a felony drug charge.",charged with possession and intent to distribute cocaine. They also were charged with at least one non-drug related charge,516,8,100
837,109,20,male,not Black,0,0,1,0,0,0,0,1,0,0,0,0,0,0,0,0,1,1,0.6883116883116883,crack,"In the past, they were arrested, but it wasn't a drug related or felony arrest, and they weren't convicted.",charged with distribution of crack,108,8,100
838,623,51,male,not Black,0,0,0,1,0,0,0,1,1,1,1,1,1,1,1,0,1,1,0.6888888888888889,heroin,"In the past, they were arrested and convicted on a felony drug charge.",charged with distribution of heroin,622,8,100
839,854,43,male,not Black,0,0,1,0,0,0,1,1,0,1,0,0,0,0,0,1,0,1,0.6891891891891891,crack,"In the past, they were arrested on a non-felony drug related charge, but they weren't convicted of it.",charged with possession and intent to distribute crack. They also were charged with at least one non-drug related charge,853,8,100
840,435,41,male,Black,0,0,0,1,0,0,0,1,1,1,1,1,1,1,1,0,1,0,0.6891891891891891,heroin,"In the past, they were arrested and convicted on a felony drug charge.",charged with distribution of heroin,434,8,100
841,482,24,male,not Black,0,0,0,0,0,1,0,0,0,0,0,0,0,0,0,1,0,1,0.6901408450704225,,They have no prior arrests.,"charged with possession and intent to distribute a drug other than marijuana, cocaine, crack, heroin, or PCP. This may include prescription drugs or ectasy",481,8,100
842,334,39,male,not Black,0,1,0,0,0,0,0,1,1,1,1,0,0,0,0,0,1,0,0.6901408450704225,cocaine,"In the past, they were arrested on a felony drug charge, but they weren't convicted of it.",charged with distribution of cocaine,333,8,100
843,25,25,male,not Black,0,1,0,0,0,0,0,1,1,1,1,1,1,1,1,0,1,0,0.6904761904761905,cocaine,"In the past, they were arrested and convicted on a felony drug charge.",charged with distribution of cocaine,24,8,100
844,239,19,male,not Black,0,0,1,0,0,0,0,1,1,1,1,1,1,1,1,0,1,1,0.6911764705882353,crack,"In the past, they were arrested and convicted on a felony drug charge.",charged with distribution of crack,238,8,100
845,166,43,male,not Black,0,0,0,1,0,0,1,1,1,1,1,1,1,1,0,0,1,1,0.6923076923076923,heroin,"In the past, they were arrested and convicted on two separate charges, one of which was a felony and one of which was drug related.In addition, they have been arrested for a felony drug charge in the past, but they weren't convicted of it. ",charged with distribution of heroin. They also were charged with at least one non-drug related charge,165,8,100
846,192,30,male,Black,0,1,0,0,0,0,0,1,1,1,1,1,1,0,0,0,1,1,0.6933333333333334,cocaine,"In the past, they were arrested and convicted on a felony charge.In addition, they have been arrested for a felony drug charge in the past, but they weren't convicted of it.",charged with distribution of cocaine,191,8,100
847,234,47,male,not Black,0,1,0,0,0,0,0,1,1,1,0,0,0,0,0,1,1,0,0.6944444444444444,cocaine,"In the past, they were arrested on two separate charges: one felony charge and one drug-related charge, but they weren't convicted of either.",charged with possession and intent to distribute cocaine,233,8,100
848,213,37,male,not Black,0,1,0,0,0,0,0,1,1,1,1,1,1,1,1,0,1,0,0.6944444444444444,cocaine,"In the past, they were arrested and convicted on a felony drug charge.",charged with distribution of cocaine,212,8,100
849,847,48,male,not Black,0,0,0,0,0,1,0,1,1,0,0,0,0,0,0,0,1,1,0.6956521739130435,,"In the past, they were arrested on a felony charge, but they weren't convicted of it.","charged with distribution of a drug other than marijuana, cocaine, crack, heroin, or PCP. This may include prescription drugs or ectasy",846,8,100
850,471,21,male,not Black,0,0,1,0,0,0,0,1,1,1,1,1,1,1,1,0,1,1,0.6976744186046512,crack,"In the past, they were arrested and convicted on a felony drug charge.",charged with distribution of crack,470,8,100
851,871,40,male,not Black,0,0,1,0,0,0,0,1,1,0,0,1,1,0,0,1,1,1,0.6984126984126984,crack,"In the past, they were arrested and convicted on a felony charge.",charged with possession and intent to distribute crack,870,8,100
852,815,24,male,not Black,0,0,1,0,0,0,0,1,0,0,0,1,0,0,0,0,1,1,0.7,crack,"In the past, they were arrested and convicted of a crime, but it wasn't drug related or felony.",charged with distribution of crack,814,8,100
853,195,32,male,not Black,1,0,0,0,0,0,0,1,0,1,0,0,0,0,0,1,0,0,0.7,marijuana,"In the past, they were arrested on a non-felony drug related charge, but they weren't convicted of it.",charged with possession and intent to distribute marijuana,194,8,100
854,355,19,male,not Black,0,1,0,0,0,0,0,0,0,0,0,0,0,0,0,1,0,1,0.7,cocaine,They have no prior arrests.,charged with possession and intent to distribute cocaine,354,8,100
855,405,29,male,not Black,0,1,0,1,0,0,0,1,1,1,1,1,1,1,1,1,0,1,0.7011494252873564,cocaine and heroin,"In the past, they were arrested and convicted on a felony drug charge.",charged with possession and intent to distribute cocaine and heroin,404,8,100
856,187,63,male,not Black,0,0,0,1,0,0,0,1,1,1,1,1,1,1,1,1,0,1,0.7014925373134329,heroin,"In the past, they were arrested and convicted on a felony drug charge.",charged with possession and intent to distribute heroin,186,8,100
857,713,44,male,not Black,0,1,0,0,0,0,0,1,1,1,1,1,1,1,1,1,0,0,0.7023809523809523,cocaine,"In the past, they were arrested and convicted on a felony drug charge.",charged with possession and intent to distribute cocaine,712,8,100
858,587,27,male,not Black,0,0,1,0,0,0,0,1,1,1,1,1,1,1,1,0,1,1,0.704225352112676,crack,"In the past, they were arrested and convicted on a felony drug charge.",charged with distribution of crack,586,8,100
859,124,32,male,not Black,0,0,0,0,1,0,1,1,1,1,1,1,1,0,0,1,0,0,0.7045454545454546,pcp,"In the past, they were arrested and convicted on a felony charge.In addition, they have been arrested for a felony drug charge in the past, but they weren't convicted of it.",charged with possession and intent to distribute pcp. They also were charged with at least one non-drug related charge,123,8,100
860,430,28,male,not Black,0,1,0,0,0,0,0,1,1,1,1,1,1,1,1,0,1,1,0.7058823529411765,cocaine,"In the past, they were arrested and convicted on a felony drug charge.",charged with distribution of cocaine,429,8,100
861,147,30,male,not Black,0,1,0,0,0,0,0,1,1,1,1,1,1,1,1,1,0,1,0.7066666666666667,cocaine,"In the past, they were arrested and convicted on a felony drug charge.",charged with possession and intent to distribute cocaine,146,8,100
862,32,44,male,Black,0,1,0,0,0,0,0,0,0,0,0,0,0,0,0,0,1,1,0.7073170731707317,cocaine,They have no prior arrests.,charged with distribution of cocaine,31,8,100
863,852,26,male,not Black,0,0,1,0,0,0,0,1,1,1,1,1,1,1,1,0,1,0,0.7073170731707317,crack,"In the past, they were arrested and convicted on a felony drug charge.",charged with distribution of crack,851,8,100
864,67,50,male,not Black,0,0,0,0,0,0,0,1,1,1,1,1,1,1,1,0,0,0,0.7076923076923077,,"In the past, they were arrested and convicted on a felony drug charge.",,66,8,100
865,38,29,male,Black,0,0,0,0,0,1,0,0,0,0,0,0,0,0,0,0,1,1,0.7083333333333334,,They have no prior arrests.,"charged with distribution of a drug other than marijuana, cocaine, crack, heroin, or PCP. This may include prescription drugs or ectasy",37,8,100
866,790,53,male,not Black,0,1,0,0,0,1,0,0,0,0,0,0,0,0,0,1,0,1,0.7096774193548387,cocaine,They have no prior arrests.,charged with possession and intent to distribute cocaineplus at least one other drug not in one of these categories,789,8,100
867,140,48,male,not Black,0,0,0,1,0,0,0,1,1,1,1,1,1,1,1,0,1,1,0.7105263157894737,heroin,"In the past, they were arrested and convicted on a felony drug charge.",charged with distribution of heroin,139,8,100
868,380,44,male,not Black,0,1,0,0,0,0,0,1,1,1,1,1,1,1,1,0,1,1,0.7105263157894737,cocaine,"In the past, they were arrested and convicted on a felony drug charge.",charged with distribution of cocaine,379,8,100
869,253,40,male,not Black,0,0,0,1,0,0,1,1,1,1,1,1,0,0,0,1,0,0,0.7121212121212122,heroin,"In the past, they were arrested and convicted of a crime, but it wasn't drug related or felony.In addition, they have been arrested for a felony drug charge in the past, but they weren't convicted of it.",charged with possession and intent to distribute heroin. They also were charged with at least one non-drug related charge,252,8,100
870,436,51,female,not Black,0,0,0,0,0,1,0,1,1,1,1,1,0,1,0,0,1,0,0.7121212121212122,,"In the past, they were arrested and convicted on a non-felony drug related charge.In addition, they have been arrested for a felony drug charge in the past, but they weren't convicted of it.","charged with distribution of a drug other than marijuana, cocaine, crack, heroin, or PCP. This may include prescription drugs or ectasy",435,8,100
871,297,66,male,not Black,0,0,1,1,0,0,0,1,1,0,0,1,1,0,0,1,0,0,0.7126436781609196,crack and heroin,"In the past, they were arrested and convicted on a felony charge.",charged with possession and intent to distribute crack and heroin,296,8,100
872,813,26,male,not Black,0,0,1,0,0,0,0,1,0,1,0,0,0,0,0,0,1,0,0.7142857142857143,crack,"In the past, they were arrested on a non-felony drug related charge, but they weren't convicted of it.",charged with distribution of crack,812,8,100
873,448,24,male,not Black,1,1,0,0,0,0,0,0,0,0,0,0,0,0,0,1,0,1,0.7164179104477612,marijuana and cocaine,They have no prior arrests.,charged with possession and intent to distribute marijuana and cocaine,447,8,100
874,506,43,male,not Black,0,0,0,1,0,0,0,1,1,1,1,1,1,0,0,0,1,1,0.7176470588235294,heroin,"In the past, they were arrested and convicted on a felony charge.In addition, they have been arrested for a felony drug charge in the past, but they weren't convicted of it.",charged with distribution of heroin,505,8,100
875,81,52,male,not Black,0,0,0,1,0,0,0,1,1,1,1,1,1,1,1,1,1,0,0.717948717948718,heroin,"In the past, they were arrested and convicted on a felony drug charge.",charged with possession and intent to distribute heroin,80,8,100
876,768,23,male,not Black,0,0,1,0,0,0,0,0,0,0,0,0,0,0,0,1,0,1,0.7183098591549296,crack,They have no prior arrests.,charged with possession and intent to distribute crack,767,8,100
877,78,28,male,not Black,0,1,0,0,0,0,0,1,1,0,0,1,1,0,0,0,1,1,0.72,cocaine,"In the past, they were arrested and convicted on a felony charge.",charged with distribution of cocaine,77,8,100
878,637,54,male,not Black,0,0,0,1,0,0,0,1,0,1,0,1,0,1,0,0,1,1,0.72,heroin,"In the past, they were arrested and convicted on a non-felony drug related charge.",charged with distribution of heroin,636,8,100
879,92,39,male,not Black,0,0,0,0,0,1,0,1,0,1,0,1,0,1,0,0,1,0,0.7215189873417721,,"In the past, they were arrested and convicted on a non-felony drug related charge.","charged with distribution of a drug other than marijuana, cocaine, crack, heroin, or PCP. This may include prescription drugs or ectasy",91,8,100
880,899,21,female,not Black,0,0,1,0,0,0,0,0,0,0,0,0,0,0,0,1,0,0,0.7222222222222222,crack,They have no prior arrests.,charged with possession and intent to distribute crack,898,8,100
881,35,43,male,not Black,0,0,0,1,0,0,0,1,1,1,1,1,1,0,0,0,1,1,0.7222222222222222,heroin,"In the past, they were arrested and convicted on a felony charge.In addition, they have been arrested for a felony drug charge in the past, but they weren't convicted of it.",charged with distribution of heroin,34,8,100
882,8,36,male,not Black,0,1,0,0,0,0,1,1,0,1,0,1,0,1,0,1,0,1,0.7241379310344828,cocaine,"In the past, they were arrested and convicted on a non-felony drug related charge.",charged with possession and intent to distribute cocaine. They also were charged with at least one non-drug related charge,7,8,100
883,378,46,male,Black,0,0,0,0,0,1,0,0,0,0,0,0,0,0,0,1,0,0,0.725,,They have no prior arrests.,"charged with possession and intent to distribute a drug other than marijuana, cocaine, crack, heroin, or PCP. This may include prescription drugs or ectasy",377,8,100
884,511,53,male,not Black,0,0,1,0,0,0,1,1,1,1,1,1,1,1,1,1,0,1,0.7272727272727273,crack,"In the past, they were arrested and convicted on a felony drug charge.",charged with possession and intent to distribute crack. They also were charged with at least one non-drug related charge,510,8,100
885,739,38,male,not Black,0,1,0,0,0,0,0,1,1,0,0,0,0,0,0,0,1,0,0.7272727272727273,cocaine,"In the past, they were arrested on a felony charge, but they weren't convicted of it.",charged with distribution of cocaine,738,8,100
886,11,38,male,not Black,1,1,0,0,0,0,0,1,1,1,1,1,1,1,1,1,0,1,0.7283950617283951,marijuana and cocaine,"In the past, they were arrested and convicted on a felony drug charge.",charged with possession and intent to distribute marijuana and cocaine,10,8,100
887,177,26,male,not Black,0,1,0,0,0,0,0,1,1,1,1,1,1,1,1,0,1,1,0.7285714285714285,cocaine,"In the past, they were arrested and convicted on a felony drug charge.",charged with distribution of cocaine,176,8,100
888,532,22,male,Black,0,1,0,0,0,0,0,1,1,1,1,1,1,1,1,0,1,0,0.7285714285714285,cocaine,"In the past, they were arrested and convicted on a felony drug charge.",charged with distribution of cocaine,531,8,100
889,610,52,male,not Black,0,0,1,1,0,0,0,1,1,0,0,0,0,0,0,1,1,0,0.7285714285714285,crack and heroin,"In the past, they were arrested on a felony charge, but they weren't convicted of it.",charged with possession and intent to distribute crack and heroin,609,8,100
890,568,22,male,not Black,0,1,0,0,0,0,0,1,0,1,0,1,0,1,0,0,1,1,0.7297297297297297,cocaine,"In the past, they were arrested and convicted on a non-felony drug related charge.",charged with distribution of cocaine,567,8,100
891,237,46,male,not Black,0,1,0,0,0,0,0,1,1,1,1,1,1,1,1,0,1,0,0.7297297297297297,cocaine,"In the past, they were arrested and convicted on a felony drug charge.",charged with distribution of cocaine,236,8,100
892,573,32,male,not Black,0,1,0,0,0,0,0,1,1,0,0,0,0,0,0,0,1,0,0.7303370786516854,cocaine,"In the past, they were arrested on a felony charge, but they weren't convicted of it.",charged with distribution of cocaine,572,8,100
893,922,30,male,not Black,0,1,0,0,0,0,0,1,1,1,1,1,1,1,1,0,1,0,0.7361111111111112,cocaine,"In the past, they were arrested and convicted on a felony drug charge.",charged with distribution of cocaine,921,8,100
894,151,49,male,not Black,0,0,0,1,0,0,0,1,0,1,0,1,0,0,0,0,1,1,0.7361111111111112,heroin,"In the past, they were arrested and convicted of a crime, but it wasn't drug related or felony.In additon, they have been arrested for a non-felony drug charge in the past, but they weren't convicted of it.",charged with distribution of heroin,150,8,100
895,972,28,male,not Black,0,1,0,0,0,0,0,1,1,1,1,1,1,1,1,0,1,1,0.7391304347826086,cocaine,"In the past, they were arrested and convicted on a felony drug charge.",charged with distribution of cocaine,971,8,100
896,354,24,male,not Black,1,0,0,0,0,0,0,1,1,1,1,1,1,1,1,0,1,1,0.7397260273972602,marijuana,"In the past, they were arrested and convicted on a felony drug charge.",charged with distribution of marijuana,353,8,100
897,646,40,male,not Black,0,1,0,0,0,0,0,1,1,0,0,1,1,0,0,1,0,0,0.7402597402597403,cocaine,"In the past, they were arrested and convicted on a felony charge.",charged with possession and intent to distribute cocaine,645,8,100
898,893,50,male,not Black,0,0,0,1,0,0,1,1,1,1,1,1,1,1,1,0,1,1,0.7428571428571429,heroin,"In the past, they were arrested and convicted on a felony drug charge.",charged with distribution of heroin. They also were charged with at least one non-drug related charge,892,8,100
899,868,19,male,not Black,0,0,1,0,0,0,0,0,0,0,0,0,0,0,0,1,0,1,0.7428571428571429,crack,They have no prior arrests.,charged with possession and intent to distribute crack,867,8,100
900,629,34,male,not Black,0,0,1,0,0,0,0,0,0,0,0,0,0,0,0,0,1,1,0.7428571428571429,crack,They have no prior arrests.,charged with distribution of crack,628,9,103
901,463,37,male,not Black,0,0,0,1,0,0,0,1,1,1,1,1,1,1,1,0,1,0,0.7464788732394366,heroin,"In the past, they were arrested and convicted on a felony drug charge.",charged with distribution of heroin,462,9,103
902,851,25,male,not Black,0,1,0,0,0,0,0,1,1,1,1,0,0,0,0,0,1,0,0.7466666666666667,cocaine,"In the past, they were arrested on a felony drug charge, but they weren't convicted of it.",charged with distribution of cocaine,850,9,103
903,116,65,male,not Black,0,1,0,0,0,0,0,1,1,1,1,1,1,1,1,1,0,1,0.7466666666666667,cocaine,"In the past, they were arrested and convicted on a felony drug charge.",charged with possession and intent to distribute cocaine,115,9,103
904,597,36,male,not Black,0,0,1,0,0,0,0,1,1,1,1,1,1,1,1,1,0,1,0.7466666666666667,crack,"In the past, they were arrested and convicted on a felony drug charge.",charged with possession and intent to distribute crack,596,9,103
905,757,21,female,not Black,0,1,0,0,0,0,0,0,0,0,0,0,0,0,0,1,0,0,0.7469879518072289,cocaine,They have no prior arrests.,charged with possession and intent to distribute cocaine,756,9,103
906,40,52,male,not Black,0,0,1,0,0,0,0,1,1,1,1,0,0,0,0,0,1,1,0.75,crack,"In the past, they were arrested on a felony drug charge, but they weren't convicted of it.",charged with distribution of crack,39,9,103
907,858,40,male,Black,0,1,0,1,0,0,0,0,0,0,0,0,0,0,0,1,0,0,0.75,cocaine and heroin,They have no prior arrests.,charged with possession and intent to distribute cocaine and heroin,857,9,103
908,685,47,male,not Black,0,1,0,0,0,0,0,1,1,1,1,1,1,1,1,1,1,1,0.75,cocaine,"In the past, they were arrested and convicted on a felony drug charge.",charged with possession and intent to distribute cocaine,684,9,103
909,44,37,male,not Black,0,0,0,1,0,0,0,1,1,1,1,1,1,1,1,0,1,1,0.75,heroin,"In the past, they were arrested and convicted on a felony drug charge.",charged with distribution of heroin,43,9,103
910,42,29,male,not Black,0,1,0,0,0,0,1,1,1,1,1,1,1,1,0,1,0,0,0.7538461538461538,cocaine,"In the past, they were arrested and convicted on two separate charges, one of which was a felony and one of which was drug related.In addition, they have been arrested for a felony drug charge in the past, but they weren't convicted of it. ",charged with possession and intent to distribute cocaine. They also were charged with at least one non-drug related charge,41,9,103
911,794,32,male,Black,0,1,0,0,0,0,0,0,0,0,0,0,0,0,0,0,1,1,0.7540983606557377,cocaine,They have no prior arrests.,charged with distribution of cocaine,793,9,103
912,535,53,male,not Black,0,0,1,0,0,0,0,1,1,1,1,1,0,1,0,0,1,1,0.7564102564102564,crack,"In the past, they were arrested and convicted on a non-felony drug related charge.In addition, they have been arrested for a felony drug charge in the past, but they weren't convicted of it.",charged with distribution of crack,534,9,103
913,21,57,male,not Black,0,0,0,1,0,0,0,1,1,1,1,1,0,1,0,0,1,0,0.7567567567567568,heroin,"In the past, they were arrested and convicted on a non-felony drug related charge.In addition, they have been arrested for a felony drug charge in the past, but they weren't convicted of it.",charged with distribution of heroin,20,9,103
914,889,21,male,not Black,0,0,1,0,0,0,0,1,0,0,0,0,0,0,0,0,1,1,0.76,crack,"In the past, they were arrested, but it wasn't a drug related or felony arrest, and they weren't convicted.",charged with distribution of crack,888,9,103
915,930,32,male,not Black,0,1,0,0,0,0,0,1,1,0,0,1,1,0,0,1,0,1,0.7619047619047619,cocaine,"In the past, they were arrested and convicted on a felony charge.",charged with possession and intent to distribute cocaine,929,9,103
916,369,55,male,not Black,0,0,0,1,0,0,0,1,1,1,1,1,0,1,0,0,1,0,0.7619047619047619,heroin,"In the past, they were arrested and convicted on a non-felony drug related charge.In addition, they have been arrested for a felony drug charge in the past, but they weren't convicted of it.",charged with distribution of heroin,368,9,103
917,347,30,male,not Black,0,1,0,0,0,0,0,1,1,0,0,0,0,0,0,1,0,1,0.7625,cocaine,"In the past, they were arrested on a felony charge, but they weren't convicted of it.",charged with possession and intent to distribute cocaine,346,9,103
918,84,34,male,not Black,0,0,0,1,0,0,0,1,1,1,1,1,1,1,1,0,1,1,0.7631578947368421,heroin,"In the past, they were arrested and convicted on a felony drug charge.",charged with distribution of heroin,83,9,103
919,400,48,male,not Black,0,0,0,1,0,0,0,1,0,1,0,0,0,0,0,0,1,0,0.7638888888888888,heroin,"In the past, they were arrested on a non-felony drug related charge, but they weren't convicted of it.",charged with distribution of heroin,399,9,103
920,572,54,male,not Black,0,0,0,1,0,0,0,1,1,1,1,1,1,1,1,1,0,1,0.7638888888888888,heroin,"In the past, they were arrested and convicted on a felony drug charge.",charged with possession and intent to distribute heroin,571,9,103
921,700,39,male,not Black,0,1,0,0,0,0,0,1,1,1,1,1,1,0,0,0,1,1,0.7638888888888888,cocaine,"In the past, they were arrested and convicted on a felony charge.In addition, they have been arrested for a felony drug charge in the past, but they weren't convicted of it.",charged with distribution of cocaine,699,9,103
922,61,36,male,Black,0,0,0,1,0,0,0,0,0,0,0,0,0,0,0,1,0,0,0.7647058823529411,heroin,They have no prior arrests.,charged with possession and intent to distribute heroin,60,9,103
923,657,44,male,not Black,0,1,1,0,0,0,0,1,1,1,1,1,1,1,1,1,0,1,0.7654320987654321,cocaine and crack,"In the past, they were arrested and convicted on a felony drug charge.",charged with possession and intent to distribute cocaine and crack,656,9,103
924,161,32,male,not Black,0,1,0,0,0,0,0,1,0,1,0,0,0,0,0,0,1,0,0.7654320987654321,cocaine,"In the past, they were arrested on a non-felony drug related charge, but they weren't convicted of it.",charged with distribution of cocaine,160,9,103
925,364,31,male,not Black,0,0,1,0,0,0,0,1,0,1,0,1,0,0,0,1,0,1,0.7654320987654321,crack,"In the past, they were arrested and convicted of a crime, but it wasn't drug related or felony.In additon, they have been arrested for a non-felony drug charge in the past, but they weren't convicted of it.",charged with possession and intent to distribute crack,363,9,103
926,300,28,male,not Black,0,1,0,0,0,0,0,1,0,0,0,0,0,0,0,0,1,0,0.765625,cocaine,"In the past, they were arrested, but it wasn't a drug related or felony arrest, and they weren't convicted.",charged with distribution of cocaine,299,9,103
927,829,36,male,not Black,0,1,0,0,0,0,0,1,1,1,1,1,1,1,1,0,1,0,0.7662337662337663,cocaine,"In the past, they were arrested and convicted on a felony drug charge.",charged with distribution of cocaine,828,9,103
928,530,51,male,not Black,0,0,0,1,0,0,0,1,1,1,1,1,1,1,1,1,0,1,0.7702702702702703,heroin,"In the past, they were arrested and convicted on a felony drug charge.",charged with possession and intent to distribute heroin,529,9,103
929,650,33,female,not Black,1,0,0,0,0,0,0,0,0,0,0,0,0,0,0,1,0,0,0.7710843373493976,marijuana,They have no prior arrests.,charged with possession and intent to distribute marijuana,649,9,103
930,79,48,male,not Black,0,0,0,1,0,0,0,1,1,1,1,1,1,1,1,1,0,0,0.7714285714285715,heroin,"In the past, they were arrested and convicted on a felony drug charge.",charged with possession and intent to distribute heroin,78,9,103
931,918,47,male,not Black,0,0,0,1,0,0,0,1,1,1,0,1,1,0,0,0,1,1,0.7733333333333333,heroin,"In the past, they were arrested and convicted on a felony charge.In additon, they have been arrested for a non-felony drug charge in the past, but they weren't convicted of it.",charged with distribution of heroin,917,9,103
932,148,52,female,not Black,0,0,0,1,0,0,0,1,1,0,0,1,1,0,0,1,1,1,0.775,heroin,"In the past, they were arrested and convicted on a felony charge.",charged with possession and intent to distribute heroin,147,9,103
933,915,31,male,not Black,0,1,0,0,0,0,0,1,1,1,1,1,1,1,1,1,0,1,0.7763157894736842,cocaine,"In the past, they were arrested and convicted on a felony drug charge.",charged with possession and intent to distribute cocaine,914,9,103
934,159,27,male,not Black,0,0,1,0,0,0,0,1,1,1,1,1,1,1,1,1,0,1,0.7777777777777778,crack,"In the past, they were arrested and convicted on a felony drug charge.",charged with possession and intent to distribute crack,158,9,103
935,329,38,male,not Black,0,0,0,0,0,1,0,1,1,1,1,1,1,1,1,0,1,1,0.7792207792207793,,"In the past, they were arrested and convicted on a felony drug charge.","charged with distribution of a drug other than marijuana, cocaine, crack, heroin, or PCP. This may include prescription drugs or ectasy",328,9,103
936,773,45,female,not Black,0,0,0,0,0,1,0,1,1,1,1,1,1,1,1,1,0,1,0.7796610169491526,,"In the past, they were arrested and convicted on a felony drug charge.","charged with possession and intent to distribute a drug other than marijuana, cocaine, crack, heroin, or PCP. This may include prescription drugs or ectasy",772,9,103
937,365,52,female,not Black,0,1,0,0,0,0,0,0,0,0,0,0,0,0,0,1,0,0,0.7808219178082192,cocaine,They have no prior arrests.,charged with possession and intent to distribute cocaine,364,9,103
938,169,50,male,not Black,0,0,0,1,0,0,1,0,0,0,0,0,0,0,0,0,1,1,0.782051282051282,heroin,They have no prior arrests.,charged with distribution of heroin. They also were charged with at least one non-drug related charge,168,9,103
939,617,24,male,not Black,0,1,0,0,0,0,0,1,1,1,1,1,1,1,1,0,1,1,0.7857142857142857,cocaine,"In the past, they were arrested and convicted on a felony drug charge.",charged with distribution of cocaine,616,9,103
940,612,34,male,Black,0,1,0,0,0,0,0,1,1,0,0,1,1,0,0,0,1,0,0.7866666666666666,cocaine,"In the past, they were arrested and convicted on a felony charge.",charged with distribution of cocaine,611,9,103
941,824,33,male,not Black,0,1,0,0,0,0,0,1,1,1,1,1,1,1,1,1,0,1,0.7868852459016393,cocaine,"In the past, they were arrested and convicted on a felony drug charge.",charged with possession and intent to distribute cocaine,823,9,103
942,767,52,female,Black,0,1,0,0,0,0,0,1,1,1,1,1,0,0,0,0,1,0,0.7894736842105263,cocaine,"In the past, they were arrested and convicted of a crime, but it wasn't drug related or felony.In addition, they have been arrested for a felony drug charge in the past, but they weren't convicted of it.",charged with distribution of cocaine,766,9,103
943,130,23,male,not Black,0,0,1,0,0,0,0,1,1,1,1,1,1,1,1,1,0,0,0.7894736842105263,crack,"In the past, they were arrested and convicted on a felony drug charge.",charged with possession and intent to distribute crack,129,9,103
944,167,59,male,not Black,0,1,0,0,0,0,0,0,0,0,0,0,0,0,0,0,1,1,0.7901234567901234,cocaine,They have no prior arrests.,charged with distribution of cocaine,166,9,103
945,577,40,female,not Black,0,1,0,0,0,0,0,1,0,0,0,0,0,0,0,0,1,1,0.7922077922077922,cocaine,"In the past, they were arrested, but it wasn't a drug related or felony arrest, and they weren't convicted.",charged with distribution of cocaine,576,9,103
946,625,34,male,Black,0,1,0,0,0,0,0,1,1,0,0,1,1,0,0,0,1,0,0.7948717948717948,cocaine,"In the past, they were arrested and convicted on a felony charge.",charged with distribution of cocaine,624,9,103
947,107,54,male,not Black,0,0,0,1,0,0,0,1,1,1,1,1,1,1,1,1,1,0,0.7951807228915663,heroin,"In the past, they were arrested and convicted on a felony drug charge.",charged with possession and intent to distribute heroin,106,9,103
948,731,52,male,not Black,0,1,0,0,0,0,0,1,1,1,1,1,1,1,1,0,1,0,0.7972972972972973,cocaine,"In the past, they were arrested and convicted on a felony drug charge.",charged with distribution of cocaine,730,9,103
949,515,49,male,not Black,0,0,0,0,0,1,0,1,1,1,1,1,1,1,1,1,1,1,0.7972972972972973,,"In the past, they were arrested and convicted on a felony drug charge.","charged with possession and intent to distribute a drug other than marijuana, cocaine, crack, heroin, or PCP. This may include prescription drugs or ectasy",514,9,103
950,303,46,male,not Black,0,0,0,1,0,0,1,1,1,1,1,1,1,0,0,1,1,0,0.7976190476190477,heroin,"In the past, they were arrested and convicted on a felony charge.In addition, they have been arrested for a felony drug charge in the past, but they weren't convicted of it.",charged with possession and intent to distribute heroin. They also were charged with at least one non-drug related charge,302,9,103
951,302,37,male,not Black,0,1,0,0,0,0,0,1,1,1,1,1,1,1,1,1,0,1,0.8,cocaine,"In the past, they were arrested and convicted on a felony drug charge.",charged with possession and intent to distribute cocaine,301,9,103
952,254,47,male,not Black,0,1,0,0,0,0,0,1,1,1,1,1,1,1,1,0,1,0,0.8,cocaine,"In the past, they were arrested and convicted on a felony drug charge.",charged with distribution of cocaine,253,9,103
953,732,33,male,not Black,0,0,0,1,0,0,0,1,1,1,1,1,1,1,1,0,1,1,0.8,heroin,"In the past, they were arrested and convicted on a felony drug charge.",charged with distribution of heroin,731,9,103
954,223,45,male,not Black,0,0,0,1,0,0,0,1,1,1,1,0,0,0,0,0,1,1,0.8,heroin,"In the past, they were arrested on a felony drug charge, but they weren't convicted of it.",charged with distribution of heroin,222,9,103
955,86,48,male,not Black,0,0,0,1,0,0,0,1,0,0,0,0,0,0,0,1,1,1,0.8023255813953488,heroin,"In the past, they were arrested, but it wasn't a drug related or felony arrest, and they weren't convicted.",charged with possession and intent to distribute heroin,85,9,103
956,667,54,male,not Black,0,0,0,1,0,0,0,0,0,0,0,0,0,0,0,1,0,0,0.8026315789473685,heroin,They have no prior arrests.,charged with possession and intent to distribute heroin,666,9,103
957,480,47,male,not Black,0,0,0,1,0,0,0,1,1,1,1,1,1,1,1,0,1,1,0.8026315789473685,heroin,"In the past, they were arrested and convicted on a felony drug charge.",charged with distribution of heroin,479,9,103
958,716,37,male,not Black,0,1,0,0,0,0,0,1,1,1,1,1,1,1,1,1,0,0,0.8026315789473685,cocaine,"In the past, they were arrested and convicted on a felony drug charge.",charged with possession and intent to distribute cocaine,715,9,103
959,164,46,male,not Black,0,1,0,0,0,0,1,1,1,1,1,1,1,1,1,0,1,0,0.8028169014084507,cocaine,"In the past, they were arrested and convicted on a felony drug charge.",charged with distribution of cocaine. They also were charged with at least one non-drug related charge,163,9,103
960,367,35,male,not Black,0,1,0,0,0,0,0,0,0,0,0,0,0,0,0,1,0,1,0.8051948051948052,cocaine,They have no prior arrests.,charged with possession and intent to distribute cocaine,366,9,103
961,836,29,male,not Black,0,0,0,1,0,0,0,1,0,0,0,0,0,0,0,0,1,1,0.8064516129032258,heroin,"In the past, they were arrested, but it wasn't a drug related or felony arrest, and they weren't convicted.",charged with distribution of heroin,835,9,103
962,326,51,male,not Black,0,0,0,1,0,0,0,1,1,1,1,1,1,1,1,1,0,1,0.8082191780821918,heroin,"In the past, they were arrested and convicted on a felony drug charge.",charged with possession and intent to distribute heroin,325,9,103
963,488,51,male,not Black,0,1,0,0,0,0,0,1,1,1,1,1,1,1,1,0,1,0,0.8088235294117647,cocaine,"In the past, they were arrested and convicted on a felony drug charge.",charged with distribution of cocaine,487,9,103
964,60,40,male,not Black,0,1,0,1,0,0,1,1,1,1,1,0,0,0,0,1,0,0,0.810126582278481,cocaine and heroin,"In the past, they were arrested on a felony drug charge, but they weren't convicted of it.",charged with possession and intent to distribute cocaine and heroin. They also were charged with at least one non-drug related charge,59,9,103
965,23,59,male,not Black,0,0,0,1,0,0,0,1,1,1,1,1,1,1,1,1,1,0,0.8142857142857143,heroin,"In the past, they were arrested and convicted on a felony drug charge.",charged with possession and intent to distribute heroin,22,9,103
966,248,21,female,not Black,0,1,0,0,0,0,0,0,0,0,0,0,0,0,0,1,0,0,0.8157894736842105,cocaine,They have no prior arrests.,charged with possession and intent to distribute cocaine,247,9,103
967,341,64,male,not Black,0,1,0,0,0,0,0,1,1,1,1,1,1,1,1,0,1,0,0.8181818181818182,cocaine,"In the past, they were arrested and convicted on a felony drug charge.",charged with distribution of cocaine,340,9,103
968,723,45,male,not Black,0,1,0,0,0,0,0,1,1,1,1,1,1,1,1,0,1,1,0.8205128205128205,cocaine,"In the past, they were arrested and convicted on a felony drug charge.",charged with distribution of cocaine,722,9,103
969,513,38,male,not Black,0,1,0,0,0,0,1,1,1,1,1,1,1,1,1,1,0,0,0.8243243243243243,cocaine,"In the past, they were arrested and convicted on a felony drug charge.",charged with possession and intent to distribute cocaine. They also were charged with at least one non-drug related charge,512,9,103
970,579,26,male,not Black,1,0,0,0,0,0,0,1,1,1,1,1,1,1,1,0,1,1,0.8253968253968254,marijuana,"In the past, they were arrested and convicted on a felony drug charge.",charged with distribution of marijuana,578,9,103
971,751,26,male,not Black,0,1,0,0,0,0,0,1,0,1,0,0,0,0,0,0,1,1,0.8253968253968254,cocaine,"In the past, they were arrested on a non-felony drug related charge, but they weren't convicted of it.",charged with distribution of cocaine,750,9,103
972,811,32,male,not Black,0,1,0,0,0,0,0,1,1,1,1,1,1,1,1,0,1,1,0.828125,cocaine,"In the past, they were arrested and convicted on a felony drug charge.",charged with distribution of cocaine,810,9,103
973,46,49,male,not Black,0,0,0,1,0,0,0,1,1,1,1,1,1,1,1,0,1,0,0.828125,heroin,"In the past, they were arrested and convicted on a felony drug charge.",charged with distribution of heroin,45,9,103
974,750,32,female,not Black,0,0,1,0,0,0,1,0,0,0,0,0,0,0,0,1,0,1,0.8289473684210527,crack,They have no prior arrests.,charged with possession and intent to distribute crack. They also were charged with at least one non-drug related charge,749,9,103
975,206,36,male,not Black,0,0,0,0,1,0,0,1,1,1,1,1,1,1,1,1,0,1,0.8309859154929577,pcp,"In the past, they were arrested and convicted on a felony drug charge.",charged with possession and intent to distribute pcp,205,9,103
976,542,50,male,not Black,0,0,0,1,0,0,1,1,1,0,0,1,1,0,0,1,0,0,0.8311688311688312,heroin,"In the past, they were arrested and convicted on a felony charge.",charged with possession and intent to distribute heroin. They also were charged with at least one non-drug related charge,541,9,103
977,759,53,male,not Black,0,0,0,1,0,0,0,1,1,1,1,1,1,1,1,0,1,0,0.8314606741573034,heroin,"In the past, they were arrested and convicted on a felony drug charge.",charged with distribution of heroin,758,9,103
978,257,28,male,not Black,0,1,0,0,0,0,0,0,0,0,0,0,0,0,0,0,1,0,0.8333333333333334,cocaine,They have no prior arrests.,charged with distribution of cocaine,256,9,103
979,897,27,male,not Black,1,0,0,0,0,0,0,1,1,1,1,1,1,1,1,0,1,1,0.8382352941176471,marijuana,"In the past, they were arrested and convicted on a felony drug charge.",charged with distribution of marijuana,896,9,103
980,96,24,male,not Black,0,0,1,0,0,0,0,1,1,1,1,0,0,0,0,1,0,0,0.8452380952380952,crack,"In the past, they were arrested on a felony drug charge, but they weren't convicted of it.",charged with possession and intent to distribute crack,95,9,103
981,556,43,female,not Black,0,1,0,0,0,0,0,0,0,0,0,0,0,0,0,0,1,1,0.8472222222222222,cocaine,They have no prior arrests.,charged with distribution of cocaine,555,9,103
982,733,65,male,not Black,0,1,0,0,0,0,0,1,1,0,0,1,1,0,0,1,0,0,0.8472222222222222,cocaine,"In the past, they were arrested and convicted on a felony charge.",charged with possession and intent to distribute cocaine,732,9,103
983,672,42,female,not Black,0,1,0,0,0,0,0,0,0,0,0,0,0,0,0,1,0,0,0.8529411764705882,cocaine,They have no prior arrests.,charged with possession and intent to distribute cocaine,671,9,103
984,743,51,male,not Black,0,0,0,1,0,0,0,1,1,1,1,1,1,1,1,0,1,0,0.8571428571428571,heroin,"In the past, they were arrested and convicted on a felony drug charge.",charged with distribution of heroin,742,9,103
985,611,29,female,not Black,0,1,0,0,0,0,0,0,0,0,0,0,0,0,0,1,0,0,0.8615384615384616,cocaine,They have no prior arrests.,charged with possession and intent to distribute cocaine,610,9,103
986,613,31,male,not Black,0,1,0,0,0,0,0,1,1,1,0,0,0,0,0,0,1,0,0.863013698630137,cocaine,"In the past, they were arrested on two separate charges: one felony charge and one drug-related charge, but they weren't convicted of either.",charged with distribution of cocaine,612,9,103
987,229,31,male,not Black,0,1,0,0,0,0,0,1,0,0,0,0,0,0,0,0,1,0,0.8734177215189873,cocaine,"In the past, they were arrested, but it wasn't a drug related or felony arrest, and they weren't convicted.",charged with distribution of cocaine,228,9,103
988,246,42,male,not Black,0,1,0,1,0,0,0,0,0,0,0,0,0,0,0,1,0,1,0.88,cocaine and heroin,They have no prior arrests.,charged with possession and intent to distribute cocaine and heroin,245,9,103
989,783,53,male,not Black,0,0,0,1,0,0,0,1,1,1,1,1,1,1,1,1,0,1,0.8823529411764706,heroin,"In the past, they were arrested and convicted on a felony drug charge.",charged with possession and intent to distribute heroin,782,9,103
990,142,23,male,not Black,0,0,1,0,0,0,0,1,1,1,1,0,0,0,0,1,0,0,0.8860759493670886,crack,"In the past, they were arrested on a felony drug charge, but they weren't convicted of it.",charged with possession and intent to distribute crack,141,9,103
991,726,50,male,not Black,0,0,0,1,0,0,0,1,1,1,1,1,1,1,1,0,1,1,0.8873239436619719,heroin,"In the past, they were arrested and convicted on a felony drug charge.",charged with distribution of heroin,725,9,103
992,831,52,male,not Black,0,1,0,0,0,0,0,1,1,1,1,1,1,1,1,0,1,0,0.8888888888888888,cocaine,"In the past, they were arrested and convicted on a felony drug charge.",charged with distribution of cocaine,830,9,103
993,386,27,female,not Black,0,0,1,0,0,0,0,0,0,0,0,0,0,0,0,1,0,0,0.896551724137931,crack,They have no prior arrests.,charged with possession and intent to distribute crack,385,9,103
994,857,53,male,not Black,0,0,0,1,0,0,0,1,1,1,1,1,1,1,1,0,1,1,0.9117647058823529,heroin,"In the past, they were arrested and convicted on a felony drug charge.",charged with distribution of heroin,856,9,103
995,133,24,male,not Black,0,0,1,0,0,0,0,1,1,1,1,0,0,0,0,1,0,0,0.9166666666666666,crack,"In the past, they were arrested on a felony drug charge, but they weren't convicted of it.",charged with possession and intent to distribute crack,132,9,103
996,418,38,male,Black,0,0,0,1,0,0,0,0,0,0,0,0,0,0,0,1,0,0,0.918918918918919,heroin,They have no prior arrests.,charged with possession and intent to distribute heroin,417,9,103
997,891,44,male,not Black,0,0,0,1,0,0,0,1,1,1,1,1,1,1,1,1,0,1,0.9240506329113924,heroin,"In the past, they were arrested and convicted on a felony drug charge.",charged with possession and intent to distribute heroin,890,9,103
998,233,59,male,not Black,0,1,0,0,0,0,0,1,1,1,1,1,1,1,1,0,1,0,0.925,cocaine,"In the past, they were arrested and convicted on a felony drug charge.",charged with distribution of cocaine,232,9,103
999,770,26,male,not Black,0,1,0,0,0,0,0,1,1,1,1,1,1,1,1,0,1,1,0.9558823529411765,cocaine,"In the past, they were arrested and convicted on a felony drug charge.",charged with distribution of cocaine,769,9,103
1000,446,26,female,not Black,0,0,1,0,0,0,0,0,0,0,0,0,0,0,0,1,0,0,0.9565217391304348,crack,They have no prior arrests.,charged with possession and intent to distribute crack,445,9,103
1001,291,50,male,not Black,0,1,0,0,0,0,0,1,1,1,1,1,1,1,1,0,1,0,0.96,cocaine,"In the past, they were arrested and convicted on a felony drug charge.",charged with distribution of cocaine,290,9,103
1002,464,26,female,not Black,0,0,1,0,0,0,0,0,0,0,0,0,0,0,0,1,0,0,0.9605263157894737,crack,They have no prior arrests.,charged with possession and intent to distribute crack,463,9,103
