DOI (v31),Abstract,Unique Visitors,Visits Trends,Page View Trend,HTML Full Text View (e42),Full Text Views (e44),PDF Full Text View (e53),tweet,date tweeted,Times Cited,,
10.1097/ACM.0000000000000970,"Purpose: Medical school graduates are poorly prepared to address health care inequities found in urban, underserved communities. The University of Illinois College of Medicine developed the Urban Medicine Program (UMed) to prepare students for the roles of advocate, researcher, policy maker, and culturally competent practitioner through a four-year curriculum integrating principles of public health with direct interventions in local, underserved communities. This study assessed the program's effectiveness and evaluated early outcomes.

Method: The authors analyzed data for UMed students (graduating classes 2009-2013) from pre- and postseminar assessments and longitudinal community project progress reports. They also compared UMed and non-UMed outcomes from the same classes, using graduation data and data from two surveys: Medical Students' Attitudes Toward the Underserved (MSATU) and the Intercultural/Professional Assessment.

Results: UMed students were more likely than non-UMed students to endorse MSATU constructs (""Universal medical care is a right"" [P = .01], ""Access to basic medical care is a right"" [P = .03], ""Access is influenced by social determinants"" [P = .03]); to be selected for the Gold Humanism Honor Society (P < .0001); to complete joint degrees (P < .0001); and to enter primary care residencies (P = .002).

Conclusions: Early outcomes reveal that a longitudinal, experiential curriculum can provide students with competencies that may prepare them for leadership roles in advocacy, research, and policy making. Contact with diverse communities inculcates-in medical students with predispositions toward helping underserved populations-the self-efficacy and skills to positively influence underserved, urban communities.",1,1,1,0,0,0,1,3/4/18,6,,
10.1097/ACM.0000000000000960,"Purpose: To examine whether academic scores, experience scores, and Multiple Mini Interview (MMI) core personal competencies scores vary across applicants' self-reported ethnicities, and whether changes in weighting of scores would alter the proportion of ethnicities underrepresented in medicine (URIM) in the entering class composition.

Method: This study analyzed retrospective data from 1,339 applicants to the Rutgers Robert Wood Johnson Medical School interviewed for entering classes 2011-2013. Data analyzed included two academic scores-grade point average (GPA) and Medical College Admission Test (MCAT)-service/clinical/research (SCR) scores, and MMI scores. Independent-samples t tests evaluated whether URIM ethnicities differed from non-URIM across GPA, MCAT, SCR, and MMI scores. A series of ""what-if"" analyses were conducted to determine whether alternative weighting methods would have changed final admissions decisions and entering class composition.

Results: URIM applicants had significantly lower GPAs (P < .001), MCATs (P < .001), and SCR scores (P < .001). However, this pattern was not found with MMI score (non-URIM 10.4 [1.6], URIM 10.4 [1.3], P = .55). Alternative weighting analyses show that including academic/experiential scores impacts the percentage of URIM acceptances. URIM acceptance rate declined from 57% (100% MMI) to 43% (10% GPA/10% MCAT/10% SCR/70% MMI), 39% (30% GPA/70% MMI), to as low as 22% (50% MCAT/50% MMI).

Conclusions: Sole reliance on the MMI for final admissions decisions, after threshold academic/experiential preparation are met, promotes diversity with the accepted applicant pool; weighting of ""the numbers"" or what is written about the application may decrease the acceptance of URIM applicants.

",10,10,10,8,10,2,1,5/4/18,11,,
10.1097/ACM.0000000000000954,"Medical education institutions have a social mandate to produce a diverse physician workforce that meets the public's needs. Recent reports have framed the admission process outcome of undergraduate and postgraduate medical education (UGME and PGME) programs as a key determinant of the collective contributions graduating cohorts will make to society, creating a sense of urgency around the issue of who gets accepted. The need for evidence-informed residency application and selection processes is growing because of the increasing size and diversity of the applicant pool and the need for equity, fairness, social accountability, and health human resource planning. The selection literature, however, is dominated by a UGME focus and emphasizes determination of desirable qualities of future physicians and selection instrument reliability and validity. Gaps remain regarding PGME selection, particularly the creation of specialty-specific selection criteria, suitable outcome measures, and reliable selection systems.In this Perspective, the authors describe the University of Toronto's centralized approach to defining system-level best practices for residency application and selection. Over the 2012-2013 academic year, the Best Practices in Application and Selection working group reviewed relevant literature and reports, consulted content experts, surveyed local practices, and conducted iterative stakeholder consultations on draft recommendations. Strong agreement arose around the resulting 13 principles and 24 best practices, which had either empirical support or face validity. These recommendations, which are shared in this article, have been adopted by the university's PGME advisory committee and will inform a national initiative to improve trainees' transition from UGME to PGME in Canada.",3,3,3,1,2,1,1,3/22/18,11,,
10.1097/ACM.0000000000000939,"As a part of a special collection in this issue of Academic Medicine, which is focused on mastery learning in medical education, this Perspective describes how the expert-performance approach with deliberate practice is consistent with many characteristics of mastery learning. Importantly, this Perspective also explains how the expert-performance approach provides a very different perspective on the acquisition of skill. Whereas traditional education with mastery learning focuses on having students attain an adequate level of performance that is based on goals set by the existing curricula, the expert-performance approach takes an empirical approach and first identifies the final goal of training-namely, reproducibly superior objective performance (superior patient outcomes) for individuals in particular medical specialties. Analyzing this superior complex performance reveals three types of mental representations that permit expert performers to plan, execute, and monitor their own performance. By reviewing research on medical performance and education, the author describes evidence for these representations and their development within the expert-performance framework. He uses the research to generate suggestions for improved training of medical students and professionals. Two strategies-designing learning environments with libraries of cases and creating opportunities for individualized teacher-guided training-should enable motivated individuals to acquire a full set of refined mental representations. Providing the right resources to support the expert-performance approach will allow such individuals to become self-regulated learners-that is, members of the medical community who have the tools to improve their own and their team members' performances throughout their entire professional careers.",22,26,28,19,28,9,1,4/5/18,107,,
10.1097/ACM.0000000000000933,"Guidelines for reporting several types of medical studies have been described in the literature. However, there are no current guidelines to report studies on mastery learning curriculum development and trainee evaluation in medical education. Such guidelines will be important because medical education is moving toward a competency-based model. The authors sought to define standards for the evaluation of mastery learning curricula using previously published guidelines in related fields and expert review.The authors reviewed previously published guidelines from clinical medicine, medical education, and the social sciences. Six authors with expertise in mastery learning curricula, performance assessment, and medical education compiled and reached agreement about a list of guidelines. The authors later circulated the list to 12 other experts and made revisions. A final list of guidelines was established and received group consensus. The Reporting Mastery Education Research in Medicine (ReMERM) guidelines have 22 categories with 38 items considered to be imperative for reporting a mastery learning research study. Details about each item, with a specific focus on those unique to mastery learning, are discussed.The ReMERM guidelines highlight the importance of developing rigorous curricula that embody reliable measures which yield valid decisions about achievement among medical learners. These guidelines should improve the quality of reporting and help educators, authors, peer reviewers, journal editors, and readers to better understand and evaluate mastery learning research. With this shift to competency-based medical education, the ReMERM guidelines should help meet medical educators' needs to achieve these new goals.",1,1,2,0,0,0,1,2/13/18,37,,
10.1097/ACM.0000000000000921,"Purpose: To produce a physician and scientific workforce that advances high-quality research and culturally competent care, academic medical centers (AMCs) must assess their capacity for diversity and inclusion and leverage opportunities for improvement. The Diversity Engagement Survey (DES) is presented as a diagnostic and benchmarking tool.
 
 Method: The 22-item DES consists of eight factors that connect engagement theory to inclusion and diversity constructs. It was piloted at 1 AMC and then administered at 13 additional U.S. AMCs in 2011-2012. Face and content validity were assessed through a review panel. Cronbach alpha was used to assess internal consistency. Confirmatory factor analysis (CFA) was used to establish construct validity. Cluster analysis was conducted to establish ability of the DES to distinguish between institutions' degrees of engagement and inclusion. Criterion validity was established using observed differences in scores for demographic groups as suggested by the literature.
 
 Results: The sample included 13,694 respondents across 14 AMCs. Cronbach alphas for the engagement and inclusion factors (range: 0.68-0.85), CFA fit indices, and item correlations with latent constructs indicated an acceptable model fit and that items measured the intended concepts. Cluster analysis of DES scores distinguished institutions with higher, middle, and lower degrees of engagement and inclusion by their respondents. Consistent with the literature, black, Hispanic/Latino, female, and LGBTQ (lesbian, gay, bisexual, transgender, queer) respondents reported lower degrees of engagement than their counterparts.
 
 Conclusions: The DES is a reliable and valid instrument for assessment, evaluation, and external benchmarking of institutional engagement and inclusion.",9,12,14,13,13,0,1,2/20/18,39,,
10.1097/ACM.0000000000000887,"Mastery learning is an instructional approach in which educational progress is based on demonstrated performance, not curricular time. Learners practice and retest repeatedly until they reach a designated mastery level; the final level of achievement is the same for all, although time to mastery may vary. Given the unique properties of mastery learning assessments, a thoughtful approach to establishing the performance levels and metrics that determine when a learner has demonstrated mastery is essential.Standard-setting procedures require modification when used for mastery learning settings in health care, particularly regarding the use of evidence-based performance data, the determination of appropriate benchmark or comparison groups, and consideration of patient safety consequences. Information about learner outcomes and past performance data of learners successful at the subsequent level of training can be more helpful than traditional information about test performance of past examinees. The marginally competent ""borderline student"" or ""borderline group"" referenced in traditional item-based and examinee-based procedures will generally need to be redefined in mastery settings. Patient safety considerations support conjunctive standards for key knowledge and skill subdomains and for items that have an impact on clinical outcomes. Finally, traditional psychometric indices used to evaluate the quality of standards do not necessarily reflect critical measurement properties of mastery assessments. Mastery learning and testing are essential to the achievement and assessment of entrustable professional activities and residency milestones. With careful attention, sound mastery standard-setting procedures can provide an essential step toward improving the effectiveness of health professions education, patient safety, and patient care.",5,6,5,3,7,4,1,2/6/18,15,,
10.1097/ACM.0000000000000860,"Theoretical and empirical support is increasing for mastery learning, in which learners must demonstrate a minimum level of proficiency before completing a given educational unit. Mastery learning approaches aim for uniform achievement of key objectives by allowing learning time to vary and as such are a course-level analogue to broader competency-based curricular strategies. Sound assessment is the cornerstone of mastery learning systems, yet the nature of assessment validity and justification for mastery learning differs in important ways from standard assessment models. Specific validity issues include (1) the need for careful definition of what is meant by ""mastery"" in terms of learners' achievement or readiness to proceed, the expected retention of mastery over time, and the completeness of content mastery required in a particular unit; (2) validity threats associated with increased retesting; (3) the need for reliability estimates that account for the specific measurement error at the mastery versus nonmastery cut score; and (4) changes in item- and test-level score variance over retesting, which complicate the analysis of evidence related to reliability, internal structure, and relationships to other variables. The positive and negative consequences for learners, educational systems, and patients resulting from the use of mastery learning assessments must be explored to determine whether a given mastery assessment and pass/fail cut score are valid and justified. In this article, the authors outline key considerations for the validation and justification of mastery learning assessments, with the goal of supporting insightful research and sound practice as the mastery model becomes more widespread.",20,23,27,27,29,2,1,2/27/18,9,,
10.1097/ACM.0000000000000842,"The problem of poor mental health in residency is well established. Burnout, depression, and suicidal ideation are prevalent among resident physicians, and these problems appear to persist into practice. Leaders in graduate medical education such as policy makers at the Accreditation Council for Graduate Medical Education (ACGME) and directors of individual programs and institutions should acknowledge these important issues and take steps to address them. The ACGME's Clinical Learning Environment Review (CLER) Program currently outlines an expectation that institutions both educate residents about burnout and measure burnout annually. The CLER Program could go further by expecting institutions to create quality initiatives to enhance resident wellness and increase resident engagement. The ACGME should also call for and support research in this area. Leaders or directors of individual programs and institutions should consider wellness initiatives that both (1) identify and address suboptimal aspects of the learning environment and (2) train residents in resilience skills. Efforts to improve the residency learning environment could be guided by the work of Maslach and Leiter, who describe six categories of work stress that can contribute to burnout: (1) workload, (2) control, (3) balance between effort and reward, (4) community, (5) fairness, and (6) values.",24,29,37,35,40,5,1,3/11/18,9,,
10.1097/ACM.0000000000000829,"Nearly half a century ago, Lowell T. Coggeshall recommended, through what has come to be known as the Coggeshall Report, that physician education-medical school (or undergraduate medical education [UME]), residency training (or graduate medical education [GME]), and continuing medical education (CME)-be ""planned and provided as a continuum."" While the dream of a true continuum remains unfulfilled, recent innovations focused on defining and assessing meaningful outcomes at last offer the anchor for the creation of a seamless, flexible, and ongoing pathway for the preparation of physicians. Recent innovations, including a widely accepted competency framework and entrustable professional activities (EPAs), provide key tools for creating a continuum. The competency framework is being leveraged in UME, GME, and CME and is serving as the foundation for the continuum. Learners and those who assess them are increasingly relying on observable behaviors (e.g., EPAs) to determine progress. The GME community in the United States and Canada has played-and continues to play-a leading role in the creation of these tools and a true medical education continuum. Despite some systemic challenges to implementation (e.g., premedical learner formation, time-in-step requirements), the GME community is already operationalizing these tools as a basis for other innovations that are improving transitions across the continuum (e.g., competency-based progression of residents). The medical education community's greatest responsibility in the years ahead will be to build on these efforts in GME-joining together to learn from one another and develop a continuum that serves the public and the profession.",1,1,1,1,2,1,1,2/17/18,33,,
10.1097/ACM.0000000000000822,"Physicians' career interest in geriatric medicine continues to wane at a time when the health care needs of older adults are increasing. Nurse practitioners have helped fill the U.S. physician gap by delivering outpatient care to older adults and can practice with full autonomy in many states. Nursing graduate school programs are preparing adult-gerontology primary care nurse practitioners to successfully deliver outpatient care services using a model of training with fewer requirements that is more flexible and of shorter duration compared with the training model for geriatricians. Nurse practitioners can also obtain initial certification and recertification with less time commitment and at lower cost than geriatricians. Whether the outpatient care provided by nurse practitioners is comparable to the care provided by physicians remains a subject of debate. However, as nurse practitioners' scope of practice expands, the perception exists that the outpatient clinical roles of adult-gerontology primary care nurse practitioners and geriatricians are similar. This raises questions about whether there are too many educational and certification requirements for geriatricians. The authors encourage medical educators to learn from the success of the nurse practitioner education model for training large numbers of primary care providers. They propose decreasing the duration of medical school and graduate medical education training for geriatricians and providing educational debt repayment programs as potential incentives to stimulate career interest in geriatric medicine.",7,10,10,1,2,1,1,3/27/18,16,,
10.1097/ACM.0000000000000809,"Purpose: To develop and conduct feasibility testing of an evidence-based and theory-informed model for facilitating performance feedback for physicians so as to enhance their acceptance and use of the feedback.
 
 Method: To develop the feedback model (2011-2013), the authors drew on earlier research which highlights not only the factors that influence giving, receiving, accepting, and using feedback but also the theoretical perspectives which enable the understanding of these influences. The authors undertook an iterative, multistage, qualitative study guided by two recognized research frameworks: the UK Medical Research Council guidelines for studying complex interventions and realist evaluation. Using these frameworks, they conducted the research in four stages: (1) modeling, (2) facilitator preparation, (3) model feasibility testing, and (4) model refinement. They analyzed data, using content and thematic analysis, and used the findings from each stage to inform the subsequent stage.
 
 Results: Findings support the facilitated feedback model, its four phases-build relationship, explore reactions, explore content, coach for performance change (R2C2)-and the theoretical perspectives informing them. The findings contribute to understanding elements that enhance recipients' engagement with, acceptance of, and productive use of feedback. Facilitators reported that the model made sense and the phases generally flowed logically. Recipients reported that the feedback process was helpful and that they appreciated the reflection stimulated by the model and the coaching.
 
 Conclusions: The theory- and evidence-based reflective R2C2 Facilitated Feedback Model appears stable and helpful for physicians in facilitating their reflection on and use of formal performance assessment feedback.",32,35,43,36,49,13,1,5/8/18,10,,
10.1097/ACM.0000000000000806,"Problem: Community health centers (CHCs) face challenges recruiting and retaining primary care clinicians. Providing advanced training that enhances clinical skills within a public health framework, teaches leadership, protects time for scholarly activities, and focuses on the social mission may be a successful career development strategy.
 
 Approach: In July 2012, the Kraft Center for Community Health Leadership developed and implemented two 2-year programs to develop physician and nursing leaders with blended academic-community career paths and identities. The fellowship program for physicians and the practitioner program for early-career physicians and advanced practice nurses include mentored practice in a CHC; monthly learning days; completion of a community-based research project; and, for fellows, matriculation in an MPH program and engagement in a bimonthly leadership seminar.
 
 Outcomes: The first classes of 5 fellows and 14 practitioners graduated in June 2014. All 5 fellowship graduates were offered full-time positions at the CHCs where they practiced, and 2 have accepted leadership positions at their CHCs. All 14 practitioner graduates remain in community health, 5 have accepted leadership positions, and 2 have obtained grants to support ongoing projects.
 
 Next steps: The authors are tracking graduates' career paths and the programs' impact on CHCs while modifying the programs on the basis of feedback; identifying elements of the programs that may be amenable to more cost-effective delivery; and exploring the potential for federal funding to support expansion of the practitioner program, and for the practitioner program to increase the return on investment provided by the National Health Service Corps.",7,7,6,5,7,2,1,5/1/18,48,,
10.1097/ACM.0000000000000803,"The graduate medical education (GME) system in the United States is in need of reform to ensure that the physician workforce being trained is able to meet the current and future health care needs of the population. However, GME funding to existing teaching hospitals and programs relies heavily on support from Medicare, which was capped in 1997. Thus, new, innovative models to expand GME are needed. To address physician shortages, especially in primary care and general surgery and in rural areas, the state of Georgia implemented a statewide initiative. They increased medical school enrollment by 600 students from 2000 to 2010 and committed to establishing new GME programs at new teaching hospitals to train 400 additional residents by 2018. As increasing the capacity of GME programs likely increases the number of physicians practicing in the state, these efforts aim to encourage trainees to practice in Georgia. Although new teaching hospitals, like these, are eligible for new Medicare funding, this approach to expanding GME also incorporates state funding to cover the start-up costs associated with establishing a new teaching hospital and GME program.In this article, the authors provide background on the current state of GME funding in the United States and on the physician workforce and medical education system in Georgia. They then outline the steps taken to expand GME by establishing new teaching hospitals and programs. They conclude by sharing outcomes to date as well as challenges faced and lessons learned so that others can follow this novel model.",8,8,8,7,9,2,1,4/2/18,10,,
10.1097/ACM.0000000000000801,"Observational skills, honed through experience with the literary and visual arts, bring together in a timely manner many of the goals of the medical humanities, providing thematic cohesion through the act of seeing while aiming to advance clinical skills through a unified practice. In an arts observation pedagogy, nature writing serves as an apt model for precise, clinically relevant linguistic noticing because meticulous attention to the natural world involves scientific precision; additionally, a number of visual metaphors employed in medicine are derived from close observation of the natural world. Close reading reinforces observational skills as part of integrative, multidisciplinary clinical practice. Literary precision provides an educational bridge to recognizing the importance of detail in the clinical realm. In weighing multiple perspectives, observation applied to practice helps learners understand the nuances of the role of witness, activating reflection consonant with the viewer's professional identity. The realization that seeing is highly filtered through the observer's values allows the act of observation to come under scrutiny, opening the observer's gaze to disturbance and challenging the values and precepts of the prevailing medical culture. Application of observational skills can, for example, help observers recognize and address noxious effects of the built environment. As learners describe what they see, they also develop the communication skills needed to articulate both problems and possible improvements within their expanding sphere of influence. The ability to craft this speech as public narrative can lead to interventions with positive impacts on physicians, their colleagues, and patients.",8,8,9,7,9,2,1,2/8/18,15,,
10.1097/ACM.0000000000000794,"Problem: Engaging communities in research increases its relevance and may speed the translation of discoveries into improved health outcomes. Many researchers lack training to effectively engage stakeholders, whereas academic institutions lack infrastructure to support community engagement.
 
 Approach: In 2009, the Meharry-Vanderbilt Community-Engaged Research Core began testing new approaches for community engagement, which led to the development of the Community Engagement Studio (CE Studio). This structured program facilitates project-specific input from community and patient stakeholders to enhance research design, implementation, and dissemination. Developers used a team approach to recruit and train stakeholders, prepare researchers to engage with stakeholders, and facilitate an in-person meeting with both.
 
 Outcomes: The research core has implemented 28 CE Studios that engaged 152 community stakeholders. Participating researchers, representing a broad range of faculty ranks and disciplines, reported that input from stakeholders was valuable and that the CE Studio helped determine project feasibility and enhanced research design and implementation. Stakeholders found the CE Studio to be an acceptable method of engagement and reported a better understanding of research in general. A tool kit was developed to replicate this model and to disseminate this approach.
 
 Next steps: The research core will collect data to better understand the impact of CE Studios on research proposal submissions, funding, research outcomes, patient and stakeholder engagement in projects, and dissemination of results. They will also collect data to determine whether CE Studios increase patient-centered approaches in research and whether stakeholders who participate have more trust and willingness to participate in research.",4,4,10,6,6,0,1,3/28/18,13,,
10.1097/ACM.0000000000000792,"Problem: Electronic medical records have many observed benefits but may cause work disruption, resulting in delayed documentation completion. The purpose of this project was to improve compliance with institutional standards of documentation of well child checks for residents and attendings without increasing stress.
 
 Approach: This project was completed at Children's Hospital Primary Care Clinic at Vanderbilt, which is staffed by 74 residents, supervised by 17 attendings. A longitudinal observational study using convenience sampling for the last full week of each month from October 2010-January 2012 was planned. Baseline documentation completion rates were assessed, then age-specific, structured data-entry forms were introduced beginning in March 2011. Run charts were created for completion data for all clinic visits in the sample. Physician self-report of satisfaction with and stress related to documentation was assessed through pre- and postintervention surveys.
 
 Outcomes: Data were derived for an average of 231 patient visits per month. The median percentage of documentation or attestations completed within the institutional standards increased from 54.7% to 78.9% for residents and from 38.2% to 83.5% for attendings. Physicians reporting high satisfaction with documentation increased from 20.5% to 85.7% (P < .01) for residents and from 11.1% to 76.9% (P < .01) for attendings. Residents reporting high stress with documentation decreased from 59.1% to 28.6% (P < .02).
 
 Next steps: Use of age-specific, structured data-entry forms achieved marked improvement in documentation timeliness, but there is still room for improvement. The authors are now teaching computer-based documentation in exam rooms and instituting accountability measures.",1,1,1,1,1,0,1,3/17/18,13,,
10.1097/ACM.0000000000000786,"Purpose: The Medical Education Research Study Quality Instrument (MERSQI) and the Newcastle-Ottawa Scale-Education (NOS-E) were developed to appraise methodological quality in medical education research. The study objective was to evaluate the interrater reliability, normative scores, and between-instrument correlation for these two instruments.
 
 Method: In 2014, the authors searched PubMed and Google for articles using the MERSQI or NOS-E. They obtained or extracted data for interrater reliability-using the intraclass correlation coefficient (ICC)-and normative scores. They calculated between-scale correlation using Spearman rho.
 
 Results: Each instrument contains items concerning sampling, controlling for confounders, and integrity of outcomes. Interrater reliability for overall scores ranged from 0.68 to 0.95. Interrater reliability was ""substantial"" or better (ICC > 0.60) for nearly all domain-specific items on both instruments. Most instances of low interrater reliability were associated with restriction of range, and raw agreement was usually good. Across 26 studies evaluating published research, the median overall MERSQI score was 11.3 (range 8.9-15.1, of possible 18). Across six studies, the median overall NOS-E score was 3.22 (range 2.08-3.82, of possible 6). Overall MERSQI and NOS-E scores correlated reasonably well (rho 0.49-0.72).
 
 Conclusions: The MERSQI and NOS-E are useful, reliable, complementary tools for appraising methodological quality of medical education research. Interpretation and use of their scores should focus on item-specific codes rather than overall scores. Normative scores should be used for relative rather than absolute judgments because different research questions require different study designs.",12,12,14,10,13,3,1,4/24/18,4,,
10.1097/ACM.0000000000000779,"Since the introduction of the outcomes-based medical education (OBME) movement, progress toward implementation has been active but challenging. Much of the angst and criticism has been directed at the approaches to assessment that are associated with outcomes-based or competency frameworks, particularly defining the outcomes. In addition, these changes to graduate medical education (GME) are concomitant with major change in health care systems--specifically, changes to increase quality and safety while reducing cost. Every sector, from medical education to health care delivery and financing, is in the midst of substantial change and disruption.The recent release of the Institute of Medicine's report on the financing and governance of GME highlights the urgent need to accelerate the transformation of medical education. One source of continued tension within the medical education community arises from the assumption that the much-needed increases in value and improvement in health care can be achieved by holding the current educational structures and architecture of learning in place while concomitantly withdrawing resources. The authors of this Perspective seek to reframe the important and necessary debate surrounding the current challenges to implementing OBME. Building on recent change and service theories (e.g., Theory U and coproduction), they propose several areas of redirection, including reexamination of curricular models and greater involvement of learners, teachers, and regulators in cocreating new training models, to help facilitate the desired transformation in medical education.",6,6,7,7,9,2,1,3/7/18,12,,
10.1097/ACM.0000000000000777,"Integrating the quality and safety mission of teaching hospitals and graduate medical education (GME) is a necessary step to provide the next generation of physicians with the knowledge, skills, and attitudes they need to participate in health system improvement. Although many teaching hospital and health system leaders have made substantial efforts to improve the quality of patient care, few have fully included residents and fellows, who deliver a large portion of that care, in their efforts. Despite expectations related to the engagement of these trainees in health care quality improvement and patient safety outlined by the Accreditation Council for Graduate Medical Education in the Clinical Learning Environment Review program, a structure for approaching this integration has not been described.In this article, the authors present a framework that they hope will assist teaching hospitals in integrating residents and fellows into their quality and safety efforts and in fostering a positive clinical learning environment for education and patient care. The authors define the six essential elements of this framework-organizational culture, teaching hospital-GME alignment, infrastructure, curricular resources, faculty development, and interprofessional collaboration. They then describe the organizational characteristics required for each element and offer concrete strategies to achieve integration. This framework is meant to be a starting point for the development of robust national models of infrastructure, alignment, and collaboration between GME and health care quality and safety leaders at teaching hospitals.",2,2,3,3,4,1,1,4/18/18,6,,
10.1097/ACM.0000000000000768,"Trends in the development of new private colleges of osteopathic medicine (COMs) described by the author in 2003 have accelerated in the ensuing decade. During 2003 to 2013, 10 new COMs as well as 2 remote teaching sites and 4 new branch campuses at private institutions were accredited, leading to a 98% increase in the number of students enrolled in private COMs. The key features of the private COM educational model during this period were a reliance on student tuition, the establishment of health professions education programs around the medical school, the expansion of class size, the creation of branch campuses and remote teaching sites, an environment that emphasizes teaching over research, and limited involvement in facilities providing clinical services to patients. There is institutional ownership of preclinical instruction, but clinical instruction occurs in affiliated hospitals and medical institutions where students are typically taught by volunteer and/or adjunct faculty.Between 2003 and 2013, this model attracted smaller universities and organizations, which implemented the strategies of established private COMs in initiating new private COMs, branch campuses, and remote teaching sites. The new COMs have introduced changes to the osteopathic profession and private COM model by expanding to new parts of the country and establishing the first for-profit medical school accredited in the United States in modern times. They have also increased pressure on the system of osteopathic graduate medical education, as the number of funded GME positions available to their graduates is less than the need.",1,1,1,1,1,0,1,2/24/18,73,,
10.1097/ACM.0000000000000766,"Purpose: To examine associations of medical school applicant underrepresented minority (URM) status and socioeconomic status (SES) with Multiple Mini-Interview (MMI) invitation and performance and acceptance recommendation.
 
 Method: The authors conducted a correlational study of applicants submitting secondary applications to the University of California, Davis, School of Medicine, 2011-2013. URM applicants were black, Southeast Asian, Native American, Pacific Islander, and/or Hispanic. SES from eight application variables was modeled (0-1 score, higher score = lower SES). Regression analyses examined associations of URM status and SES with MMI invitation (yes/no), MMI score (mean of 10 station ratings, range 0-3), and admission committee recommendation (accept versus not), adjusting for age, sex, and academic performance.
 
 Results: Of 7,964 secondary-application applicants, 19.7% were URM and 15.1% self-designated disadvantaged; 1,420 (17.8%) participated in the MMI and were evaluated for acceptance. URM status was not associated with MMI invitation (OR 1.14; 95% CI 0.98 to 1.33), MMI score (0.00-point difference, CI -0.08 to 0.08), or acceptance recommendation (OR 1.08; CI 0.69 to 1.68). Lower SES applicants were more likely to be invited to an MMI (OR 5.95; CI 4.76 to 7.44) and recommended for acceptance (OR 3.28; CI 1.79 to 6.00), but had lower MMI scores (-0.12 points, CI -0.23 to -0.01).
 
 Conclusions: MMI-based admissions did not disfavor URM applicants. Lower SES applicants had lower MMI scores but were more likely to be invited to an MMI and recommended for acceptance. Multischool collaborations should examine how MMI-based admissions affect URM and lower SES applicants.",6,8,9,6,7,1,1,4/29/18,4,,
10.1097/ACM.0000000000000763,"Purpose: Residency programs around the world use multisource feedback (MSF) to evaluate learners' performance. Studies of the reliability of MSF show mixed results. This study aimed to identify the reliability of MSF as practiced across occasions with varying numbers of assessors from different professional groups (physicians and nonphysicians) and the effect on the reliability of the assessment for different competencies when completed by both groups.
 
 Method: The authors collected data from 2008 to 2012 from electronically completed MSF questionnaires. In total, 428 residents completed 586 MSF occasions, and 5,020 assessors provided feedback. The authors used generalizability theory to analyze the reliability of MSF for multiple occasions, different competencies, and varying numbers of assessors and assessor groups across multiple occasions.
 
 Results: A reliability coefficient of 0.800 can be achieved with two MSF occasions completed by at least 10 assessors per group or with three MSF occasions completed by 5 assessors per group. Nonphysicians' scores for the ""Scholar"" and ""Health advocate"" competencies and physicians' scores for the ""Health advocate"" competency had a negative effect on the composite reliability.
 
 Conclusions: A feasible number of assessors per MSF occasion can reliably assess residents' performance. Scores from a single occasion should be interpreted cautiously. However, every occasion can provide valuable feedback for learning. This research confirms that the (unique) characteristics of different assessor groups should be considered when interpreting MSF results. Reliability seems to be influenced by the included assessor groups and competencies. These findings will enhance the utility of MSF during residency training.",5,5,5,5,7,2,1,4/13/18,3,,
10.1097/ACM.0000000000000755,"Purpose: This exploratory multisite study investigated relative proportions of residents' perceived learning across the explicit, implicit (typically called hidden or informal), and extra-curricula for six Clinical Learning Environment Review (CLER) focus areas-patient safety, health care quality, care transitions, supervision, fatigue management, and professionalism-using qualitative and numeric data.
 
 Method: In April through June 2013, the authors recruited and interviewed third-year categorical pediatric residents from three sites. For each CLER focus area, the authors asked residents to think aloud while they assigned a total of 60 points to the explicit, implicit, and extra-curricula, according to where they perceived their learning occurred. All interviews were audio taped and transcribed verbatim. The authors coded qualitative data from interviews using the constant comparative method, scrutinized qualitative data for themes, and reviewed qualitative and numeric data.
 
 Results: A total of 28/79 (35%) residents participated. Residents perceived learning to occur most often in the implicit curriculum for five of the six CLER focus areas; the one exception being health care quality, which predominantly took place in the explicit curriculum. In the implicit curriculum, role modeling and ""learning by doing"" were frequently reported modes of learning. The explicit curriculum was perceived as an important baseline for understanding clinical areas. Relatively less learning was perceived to occur in the extra-curriculum.
 
 Conclusions: The authors believe that recognizing learning in ""other-than-explicit"" curricula could broaden the medical education community's understanding of the purview of the medical education curriculum and help educators tap into underused educational opportunities for important clinical topics.",3,3,4,3,3,0,1,5/9/18,10,,
10.1097/ACM.0000000000000736,"Purpose: Clinical competency committees (CCCs) are now required in graduate medical education. This study examined how residency programs understand and operationalize this mandate for resident performance review.
 
 Method: In 2013, the investigators conducted semistructured interviews with 34 residency program directors at five public institutions in California, asking about each institution's CCCs and resident performance review processes. They used conventional content analysis to identify major themes from the verbatim interview transcripts.
 
 Results: The purpose of resident performance review at all institutions was oriented toward one of two paradigms: a problem identification model, which predominated; or a developmental model. The problem identification model, which focused on identifying and addressing performance concerns, used performance data such as red-flag alerts and informal information shared with program directors to identify struggling residents.In the developmental model, the timely acquisition and synthesis of data to inform each resident's developmental trajectory was challenging. Participants highly valued CCC members' expertise as educators to corroborate the identification of struggling residents and to enhance credibility of the committee's outcomes. Training in applying the milestones to the CCC's work was minimal.Participants were highly committed to performance review and perceived the current process as adequate for struggling residents but potentially not for others.
 
 Conclusions: Institutions orient resident performance review toward problem identification; a developmental approach is uncommon. Clarifying the purpose of resident performance review and employing efficient information systems that synthesize performance data and engage residents and faculty in purposeful feedback discussions could enable the meaningful implementation of milestones-based assessment.",4,4,7,3,4,1,1,4/4/18,8,,
10.1097/ACM.0000000000000734,"Acquisition of competency in procedural skills is a fundamental goal of medical training. In this Perspective, the authors propose an evidence-based pedagogical framework for procedural skill training. The framework was developed based on a review of the literature using a critical synthesis approach and builds on earlier models of procedural skill training in medicine. The authors begin by describing the fundamentals of procedural skill development. Then, a six-step pedagogical framework for procedural skills training is presented: Learn, See, Practice, Prove, Do, and Maintain. In this framework, procedural skill training begins with the learner acquiring requisite cognitive knowledge through didactic education (Learn) and observation of the procedure (See). The learner then progresses to the stage of psychomotor skill acquisition and is allowed to deliberately practice the procedure on a simulator (Practice). Simulation-based mastery learning is employed to allow the trainee to prove competency prior to performing the procedure on a patient (Prove). Once competency is demonstrated on a simulator, the trainee is allowed to perform the procedure on patients with direct supervision, until he or she can be entrusted to perform the procedure independently (Do). Maintenance of the skill is ensured through continued clinical practice, supplemented by simulation-based training as needed (Maintain). Evidence in support of each component of the framework is presented. Implementation of the proposed framework presents a paradigm shift in procedural skill training. However, the authors believe that adoption of the framework will improve procedural skill training and patient safety.",25,30,36,23,34,11,1,4/3/18,30,,
10.1097/ACM.0000000000000719,"The University of Texas System established the Transformation in Medical Education (TIME) initiative to reconfigure and shorten medical education from college matriculation through medical school graduation. One of the key changes proposed as part of the TIME initiative was to begin emphasizing professional identity formation (PIF) at the premedical level. The TIME Steering Committee appointed an interdisciplinary task force to explore the fundamentals of PIF and to formulate strategies that would help students develop their professional identity as they transform into physicians. In this article, the authors describe the task force's process for defining PIF and developing a framework, which includes 10 key aspects, 6 domains, and 30 subdomains to characterize the complexity of physician identity. The task force mapped this framework onto three developmental phases of medical education typified by the undergraduate student, the clerkship-level medical student, and the graduating medical student. The task force provided strategies for the promotion and assessment of PIF for each subdomain at each of the three phases, in addition to references and resources. Assessments were suggested for student feedback, curriculum evaluation, and theoretical development. The authors emphasize the importance of longitudinal, formative assessment using a combination of existing assessment methods. Though not unique to the medical profession, PIF is critical to the practice of exemplary medicine and the well-being of patients and physicians.",6,9,8,6,9,3,1,3/26/18,0,,
10.1097/ACM.0000000000000718,"Purpose: There is scant empirical work exploring academic physicians' psychosocial adjustment during late-career transitions or on the factors that influence their retirement decisions. The authors examine these issues through the lens of sociopsychological identity theory, specifically examining how identity threat influences academic physicians' decisions about retirement.
 
 Method: Participants were academic physicians at a Canadian medical school and were recruited via e-mail requests for clinical faculty interested in discussing late-career and retirement planning issues. Participants included 15 males and 6 females (N = 21; mean age = 63, standard deviation = 7.54), representing eight specialties (clinical and surgical). Data were collected in October and November 2012 via facilitated focus groups, which were digitally recorded, transcribed verbatim, and anonymized, then analyzed using thematic analysis.
 
 Results: Four primary themes were identified: centrality of occupational identity, experiences of identity threat, experiences of aging in an indifferent system, and coping with late-career transitions. Identity threats were manifested in apprehensions about self-esteem after retirement, practice continuity, and clinical competence, as well as in a loss of meaning and belonging. These identity challenges influenced decisions on whether to retire. Organizational and system support was perceived as wanting. Coping strategies included reimagining and revaluing various aspects of the self through assimilating new activities and reprioritizing others.
 
 Conclusions: Identity-related struggles are a significant feature of academic physicians' considerations about late-career transitions. Understanding these challenges, their antecedents, and their consequences can prepare faculty, and their institutions, to better manage late-career transitions. Individual- and institution-level implications are discussed.",10,10,11,9,17,8,1,4/7/18,4,,
10.1097/ACM.0000000000000716,"Problem: The moral failures of physicians and the medical establishment in Germany and Austria during the Third Reich challenge medicine and medical education in a way few other events do. They compel medical educators to ensure that lessons learned from contemplating medicine during the Third Reich be integrated into current and future physicians' professional identities. Most health professions education programs, however, have not adopted this study domain in their curricula.
 
 Approach: The authors describe a new curriculum module-""The Holocaust and Medicine""-and its implementation in October 2013 at Bar-Ilan University Faculty of Medicine in the Galilee, Safed, Israel, as a requirement for all medical students (starting with the class of 2017). This innovative module integrates historical facts, guided reflection, flipped classroom pedagogy, and program evaluation efforts. It spans 20 months of the preclinical curriculum, embedded within a doctoring course and a medical humanities longitudinal course and integrated within the clinical sciences blocks.
 
 Outcomes: The evaluation approach will seek to measure changes in learners' knowledge and attitudes, capture their experience with the module, and assess the module's contribution to their identities as future healers.
 
 Next steps: This module aims to sensitize learners to medicine's fundamental dilemmas (e.g., prejudice, assisted reproduction and suicide, physicians in war), ideally enhancing critical reflection on the potential danger of ""slippery slopes."" The authors propose that contemplation of medicine after the Holocaust and the implications for contemporary practice should be an integral component of health professions education to promote humanistic, ethically responsible practice.",1,2,2,0,0,0,1,3/20/18,3,,
10.1097/ACM.0000000000000714,"The transition of a medical student or a nursing student into a health care practitioner requires many changes. Among these is the development of an appropriate professional identity, which assists in the establishment of a sound base for professional practice and therefore should be a focus for health professions educators. There is evidence, however, that medical education and nursing education face challenges in guiding students' development of appropriate professional identities. In medicine, there is concern that medical education may contribute to the development of professional identities that alienate patients rather than identities that are patient centered. The nursing profession struggles with poor retention rates in the workforce, which have been attributed in part to discrepancies between the professional identities that students develop during nursing school and the realities of professional practice.In this Perspective, the authors explore the importance of and the pedagogical strategies used to facilitate professional identity formation for medical and nursing students. They argue that medical and nursing educators aim to instill in their students strong occupational identities which may perpetuate hierarchical disciplinary boundaries. They suggest that health professions educators should move beyond current disciplinary silos and create interprofessional education opportunities for medical students and nursing students to learn together to facilitate the development of the collaborative interprofessional identities necessary for the delivery of high-quality, patient-centered health care.",24,28,29,29,35,6,1,4/9/18,78,,
10.1097/ACM.0000000000000705,"Purpose: To explore the design, implementation, and efficacy of a faculty development program in a cohort of early career junior faculty.
 
 Method: Interested junior faculty members were divided into interdisciplinary small groups led by senior faculty facilitators. The groups met monthly for 1.5 hours to review a modular curriculum from 2011 to 2013. Using a survey at two time points (September 2011 and 2013) and an interim program evaluation, the authors collected data on participants' demographics, faculty interconnectedness, and self-reported knowledge, skills, and attitudes (KSA) in the domains of professional development and scholarship, including the ability to write career goals and align activities with those goals.
 
 Results: A total of 104 junior faculty participated in the program. They demonstrated changes in self-reported KSA in the domains of professional development (P = .013, P = .001) and scholarship (P = .038, P = .015) with an increase in ability to write career goals (P < .001), ability to align activities with those goals (P < .001), and number of and amount of time spent pursuing activities related to those goals (P = .022). These changes were more significant among female faculty and were not affected by academic rank or time since last training. Interconnectedness among faculty increased during the period of study-the number of nodes and ties between nodes within the network increased.
 
 Conclusions: This facilitated peer mentoring program for junior faculty was effective in improving the KSA necessary to promote early career advancement and peer networking, especially for women.",2,2,2,1,2,1,1,3/18/18,34,,
10.1097/ACM.0000000000000704,"Purpose: To compare procedure-specific checklists and a global rating scale in assessing technical competence.
 
 Method: Two trained raters used procedure-specific checklists and a global rating scale to independently evaluate 218 video-recorded performances of six bedside procedures of varying complexity for technical competence. The procedures were completed by 47 residents participating in a formative simulation-based objective structured clinical examination at the University of Calgary in 2011. Pass/fail (competent/not competent) decisions were based on an overall global assessment item on the global rating scale. Raters provided written comments on performances they deemed not competent. Checklist minimum passing levels were set using traditional standard-setting methods.
 
 Results: For each procedure, the global rating scale demonstrated higher internal reliability and lower interrater reliability than the checklist. However, interrater reliability was almost perfect for decisions on competence using the overall global assessment (Kappa range: 0.84-1.00). Clinically significant procedural errors were most often cited as reasons for ratings of not competent. Using checklist scores to diagnose competence demonstrated acceptable discrimination: The area under the curve ranged from 0.84 (95% CI 0.72-0.97) to 0.93 (95% CI 0.82-1.00). Checklist minimum passing levels demonstrated high sensitivity but low specificity for diagnosing competence.
 
 Conclusions: Assessment using a global rating scale may be superior to assessment using a checklist for evaluation of technical competence. Traditional standard-setting methods may establish checklist cut scores with too-low specificity: High checklist scores did not rule out incompetence. The role of clinically significant errors in determining procedural competence should be further evaluated.",2,2,2,1,3,2,1,4/21/18,28,,
10.1097/ACM.0000000000000701,"Problem: The scope and scale of developments in health care redesign have not been sufficiently adopted in primary care residency programs.
 
 Approach: The interdisciplinary Primary Care Faculty Development Initiative was created to teach faculty how to accelerate revisions in primary care residency training. The program focused on skill development in teamwork, change management, leadership, population management, clinical microsystems, and competency assessment. The 2013 pilot program involved 36 family medicine, internal medicine, and pediatric faculty members from 12 residencies in four locations.
 
 Outcomes: The percentage of participants rating intention to implement what was learned as ""very likely to"" or ""absolutely will"" was 16/32 (50%) for leadership, 24/33 (72.7%) for change management, 23/33 (69.7%) for systems thinking, 25/32 (75.8%) for population management, 28/33 (84.9%) for teamwork, 29/33 (87.8%) for competency assessment, and 30/31 (96.7%) for patient centeredness.Content analysis revealed five key themes: leadership skills are key drivers of change, but program faculty face big challenges in changing culture and engaging stakeholders; access to data from electronic health records for population management is a universal challenge; readiness to change varies among the three disciplines and among residencies within each discipline; focusing on patients and their needs galvanizes collaborative efforts across disciplines and within residencies; and collaboration among disciplines to develop and use shared measures of residency programs and learner outcomes can guide and inspire program changes and urgently needed educational research.
 
 Next steps: Revise and reevaluate this rapidly evolving program toward widespread engagement with family medicine, internal medicine, and pediatric residencies.",2,2,2,0,0,0,1,4/25/18,12,,
10.1097/ACM.0000000000000686,"Purpose: To ascertain whether changes occurred in medical student exposure to and attitudes about drug company interactions from 2003-2012, which factors influence exposure and attitudes, and whether exposure and attitudes influence future plans to interact with drug companies.
 
 Method: In 2012, the authors surveyed 1,269 third-year students at eight U.S. medical schools. Items explored student exposure to, attitudes toward, and future plans regarding drug company interactions. The authors compared 2012 survey data with their 2003 survey data from third-year students at the same schools.
 
 Results: The 2012 response rate was 68.2% (866/1,269). Compared with 2003, in 2012, students were significantly less frequently exposed to interactions (1.6/month versus 4.1/month, P < .001), less likely to feel entitled to gifts (41.8% versus 80.3%, P < .001), and more apt to feel gifts could influence them (44.3% versus 31.2%, P < .001). In 2012, 545/839 students (65.0%) reported private outpatient offices were the main location of exposure to pharmaceutical representatives, despite spending only 18.4% of their clerkship-rotation time there. In 2012, 310/703 students (44.1%) were unaware their schools had rules restricting interactions, and 467/837 (55.8%) planned to interact with pharmaceutical representatives during residency.
 
 Conclusions: Students in 2012 had less exposure to drug company interactions and were more likely to have skeptical attitudes than students in 2003. These changes are consistent with national organizations' recommendations to limit and teach about these interactions. Continued efforts to study and influence students' and physician role models' exposures to and attitudes about drug companies are warranted.",1,1,1,1,1,0,1,4/19/18,14,,
10.1097/ACM.0000000000000685,"Purpose: The University of California, San Francisco (UCSF), Haile T. Debas Academy of Medical Educators Innovations Funding program awards competitive grants to create novel curricula and faculty development programs, compare pedagogical approaches, and design learner assessment methods. The authors examined the principal investigators' (PIs') perceptions of the impact of these intramural grants on their careers and on medical education innovation.
 
 Method: At 12 months (project completion) and 24 months (follow-up), PIs submit a progress report describing the impact of their grant on their careers, work with collaborators, subsequent funding, project dissemination, and the UCSF curriculum. The authors analyzed these reports using qualitative thematic analysis and achieved consensus in coding and interpretation through discussion.
 
 Results: From 2001 to 2012, the program funded 77 PIs to lead 103 projects, awarding over $2.2 million. The authors analyzed reports from 88 grants (85.4%) awarded to 68 PIs (88.3%). PIs noted that the funding led to accelerated promotion, expanded networking opportunities, enhanced knowledge and skills, more scholarly publications and presentations, extramural funding, and local and national recognition. They also reported that the funding improved their status in their departments, enhanced their careers as medical educators, laid the foundation for subsequent projects, and engaged an array of stakeholders, including trainees and junior faculty.
 
 Conclusions: These modest intramural education grants not only created innovative, enduring programs but also promoted educators' professional identity formation, fostered collaborations, supported junior faculty in finding their desired career paths, provided advancement opportunities, and raised the local and national profiles of recipients.",7,8,7,7,8,1,1,2/21/18,0,,
10.1097/ACM.0000000000000681,"Learning curves, which graphically show the relationship between learning effort and achievement, are common in published education research but are not often used in day-to-day educational activities. The purpose of this article is to describe the generation and analysis of learning curves and their applicability to health professions education. The authors argue that the time is right for a closer look at using learning curves-given their desirable properties-to inform both self-directed instruction by individuals and education management by instructors.A typical learning curve is made up of a measure of learning (y-axis), a measure of effort (x-axis), and a mathematical linking function. At the individual level, learning curves make manifest a single person's progress towards competence including his/her rate of learning, the inflection point where learning becomes more effortful, and the remaining distance to mastery attainment. At the group level, overlaid learning curves show the full variation of a group of learners' paths through a given learning domain. Specifically, they make overt the difference between time-based and competency-based approaches to instruction. Additionally, instructors can use learning curve information to more accurately target educational resources to those who most require them.The learning curve approach requires a fine-grained collection of data that will not be possible in all educational settings; however, the increased use of an assessment paradigm that explicitly includes effort and its link to individual achievement could result in increased learner engagement and more effective instructional design.",6,6,6,5,9,4,1,2/7/18,3,,
10.1097/ACM.0000000000000680,"Purpose: To evaluate interns' perceived preparedness for defined surgical residency responsibilities and to determine whether fourth-year medical school (M4) preparatory courses (""bootcamps"") facilitate transition to internship.
 
 Method: The authors conducted a multi-institutional, mixed-methods study (June 2009) evaluating interns from 11 U.S. and Canadian surgery residency programs. Interns completed structured surveys and answered open-ended reflective questions about their preparedness for their surgery internship. Analyses include t tests comparing ratings of interns who had and had not participated in formal internship preparation programs. The authors calculated Cohen d for effect size and used grounded theory to identify themes in the interns' reflections.
 
 Results: Of 221 eligible interns, 158 (71.5%) participated. Interns self-reported only moderate preparation for most defined care responsibilities in the medical knowledge and patient care domains but, overall, felt well prepared in the professionalism, interpersonal communication, practice-based learning, and systems-based practice domains. Interns who participated in M4 preparatory curricula had higher self-assessed ratings of surgical technical skills, professionalism, interpersonal communication skills, and overall preparation, at statistically significant levels (P < .05) with medium effect sizes. Themes identified in interns' characterizations of their greatest internship challenges included anxiety or lack of preparation related to performance of technical skills or procedures, managing simultaneous demands, being first responders for critically ill patients, clinical management of predictable postoperative conditions, and difficult communications.
 
 Conclusions: Entering surgical residency, interns report not feeling prepared to fulfill common clinical and professional responsibilities. As M4 curricula may enhance preparation, programs facilitating transition to residency should be developed and evaluated.",27,27,33,27,30,3,1,5/6/18,12,,
10.1097/ACM.0000000000000679,"Challenged by demands to reduce costs and improve service delivery, the U.S. health care system requires transformational change. Health systems innovation is defined broadly as novel ideas, products, services, and processes-including new ways to promote healthy behaviors and better integrate health services with public health and other social services-which achieve better health outcomes and/or patient experience at equal or lower cost. Academic health centers (AHCs) have an opportunity to focus their considerable influence and expertise on health systems innovation to create new approaches to service delivery and to nurture leaders of transformation. AHCs have traditionally used their promotions criteria to signal their values; creating a health systems innovator promotion track could be a critical step towards creating opportunities for innovators in academic medicine. In this Perspective, the authors review publicly available promotions materials at top-ranked medical schools and find that while criteria for advancement increasingly recognize systems innovation, there is a lack of specificity on metrics beyond the traditional yardstick of peer-reviewed publications. In addition to new promotions pathways and alternative evidence for the impact of scholarship, other approaches to fostering health systems innovation at AHCs include more robust funding for career development in health systems innovation, new curricula to enable trainees to develop skills in health systems innovation, and new ways for innovators to disseminate their work. AHCs that foster health systems innovation could meet a critical need to contribute both to the sustainability of our health care system and to AHCs' continued leadership role within it.",3,3,3,3,4,1,1,3/9/18,29,,
10.1097/ACM.0000000000000675,"Purpose: Selective higher education institutions that take race into account in admissions decisions must be able to demonstrate that their policy is justified by a compelling governmental interest, is narrowly tailored, and is the least restrictive means for achieving that interest. The authors thus investigate whether, among medical students, the association between racial diversity (as distinct from other forms of diversity) and learning from individuals from different backgrounds is unique.
 
 Method: The authors examined six dimensions of diversity, including racial/ethnic diversity, among the 2010, 2011, and 2012 cohorts of fourth-year medical students in the United States. They also examined students' responses to two Medical Student Graduation Questionnaire items pertaining to learning from individuals from different backgrounds. They modeled the association between each of the school-level dimensions of diversity and the student-level responses to having learned from others with different backgrounds, and they assessed whether associations vary across different groups of students.
 
 Results: Racial/ethnic diversity is unique in its very strong association with student perceptions of having learned from others who are different. The association between racial/ethnic diversity and student perceptions of having learned from others who are different is especially strong for members of historically underrepresented minority groups.
 
 Conclusions: Compared with other forms of diversity, racial/ethnic diversity has a unique association with students' perceptions of learning from others who are different. This association is of particular relevance to admissions and diversity policies in an era of strict scrutiny of these policies.",2,3,3,3,3,0,1,4/20/18,13,,
10.1097/ACM.0000000000000674,"Purpose: Faculty with high vitality are essential to the missions of academic health centers (AHCs). Because little is known about how to measure or enhance faculty vitality, the authors assessed current faculty vitality and identified its predictors.
 
 Method: In a stratified random sample of 26 nationally representative U.S. AHCs, the authors surveyed 4,578 full-time faculty during 2007-2009. The validated survey measured detailed faculty perceptions of their professional experiences and organizational culture. Vitality was measured with a previously evaluated five-item scale.
 
 Results: Of the faculty invited, 2,381 (52%) responded, with 2,218 eligible for analysis. Respondents included 512 (23%) underrepresented in medicine minority (URMM) faculty and 1,172 (53%) women. In a multivariable model including individual- and AHC-level factors, the strongest predictors of vitality were faculty members' perceptions of four dimensions of AHC culture: Relationships/inclusion, Values alignment, Work-life integration, and Institutional support (all P < .001). Weaker predictors were faculty age, institution type (public/private), and the AHC's National Institutes of Health funding rank (all P ≤ .03). Half of the respondents scored high on vitality, whereas 25% had low, or suboptimal, scores. Holding perceptions of culture constant, neither female nor URMM faculty had vitality scores that were different on average from male or nonminority faculty.
 
 Conclusions: A large percentage of faculty lack the vitality essential to meeting the AHC missions of discovery, education, and patient care. Enhancing faculty vitality, and AHC resilience, requires more attention to strengthening relationships, improving the misalignment between faculty and institutional values, and improving work-life integration.",1,1,1,1,1,0,1,3/19/18,3,,
10.1097/ACM.0000000000000661,"Purpose: A recent Institute of Medicine report concluded that lesbian and gay individuals face discrimination from health care providers and called for research on provider attitudes. Medical school is a critical juncture for improving future providers' treatment of sexual minorities. This study examined both explicit bias and implicit bias against lesbian women and gay men among first-year medical students, focusing on two predictors of such bias, contact and empathy.
 
 Method: This study included the 4,441 heterosexual first-year medical students who participated in the baseline survey of the Medical Student Cognitive Habits and Growth Evaluation Study, which employed a stratified random sample of 49 U.S. medical schools in fall 2010. The researchers measured explicit attitudes toward gay and lesbian people using feeling thermometer self-assessments, implicit attitudes using the Implicit Association Test, amount and favorability of contact using self-report items, and empathy using subscales of the Interpersonal Reactivity Index.
 
 Results: Nearly half (45.79%; 956/2,088) of respondents with complete data on both bias measures expressed at least some explicit bias, and most (81.51%; 1,702/2,088) exhibited at least some implicit bias against gay and lesbian individuals. Both amount and favorability of contact predicted positive implicit and explicit attitudes. Both cognitive and emotional empathy predicted positive explicit attitudes, but not implicit attitudes.
 
 Conclusions: The prevalence of negative attitudes presents an important challenge for medical education, highlighting the need for more research on possible causes of bias. Findings on contact and empathy point to possible curriculum-based interventions aimed at ensuring high-quality care for sexual minorities.",5,6,7,5,6,1,1,4/28/18,16,,
10.1097/ACM.0000000000000658,"Purpose: Research is lacking on psychological distress and disorder among sexual minority medical students (students who identify as nonheterosexual). If left unaddressed, distress may result in academic and professional difficulties and undermine workforce diversity goals. The authors compared depression, anxiety, and self-rated health among sexual minority and heterosexual medical students.
 
 Method: This study included 4,673 first-year students who self-reported sexual orientation in the fall 2010 baseline survey of the Medical Student Cognitive Habits and Growth Evaluation Study, a national longitudinal cohort study. The authors used items from published scales to measure depression, anxiety, self-rated health, and social stressors. They conducted bivariate and multivariate analyses to estimate the association between sexual identity and depression, anxiety, and self-rated health.
 
 Results: Of 4,673 students, 232 (5.0%) identified as a sexual minority. Compared with heterosexual students, after adjusting for relevant covariates, sexual minority students had greater risk of depressive symptoms (adjusted relative risk [ARR] = 1.59 [95% confidence interval, 1.24-2.04]), anxiety symptoms (ARR = 1.64 [1.08-2.49]), and low self-rated health (ARR = 1.77 [1.15-2.60]). Sexual minority students were more likely to report social stressors, including harassment (22.7% versus 12.7%, P < .001) and isolation (53.7% versus 42.8%, P = .001). Exposure to social stressors attenuated but did not eliminate the observed associations between minority sexual identity and mental and self-reported health measures.
 
 Conclusions: First-year sexual minority students experience significantly greater risk of depression, anxiety, and low self-rated health than heterosexual students. Targeted interventions are needed to improve mental health and well-being.",1,1,0,0,1,1,1,4/27/18,13,,
10.1097/ACM.0000000000000655,"Purpose: Because of the high prevalence of burnout among medical students and its association with professional and personal consequences, the authors evaluated the help-seeking behaviors of medical students with burnout and compared their stigma perceptions with those of the general U.S. population and age-matched individuals.
 
 Method: The authors surveyed students at six medical schools in 2012. They measured burnout, symptoms of depression, and quality of life using validated instruments and explored help-seeking behaviors, perceived stigma, personal experiences, and attitudes toward seeking mental health treatment.
 
 Results: Of 2,449 invited students, 873 (35.6%) responded. A third of respondents with burnout (154/454; 33.9%) sought help for an emotional/mental health problem in the last 12 months. Respondents with burnout were more likely than those without burnout to agree or strongly agree with 8 of 10 perceived stigma items. Respondents with burnout who sought help in the last 12 months were twice as likely to report having observed supervisors negatively judge students who sought care (odds ratio [OR] 2.06 [95% confidence interval (CI) 1.25-3.39], P < .01). They also were more likely to have observed peers reveal a student's emotional/mental health problem to others (OR 1.63 [95% CI 1.08-2.47], P = .02). A smaller percentage of respondents would definitely seek professional help for a serious emotional problem (235/872; 26.9%) than of the general population (44.3%) and age-matched individuals (38.8%).
 
 Conclusions: Only a third of medical students with burnout seek help. Perceived stigma, negative personal experiences, and the hidden curriculum may contribute.",15,16,18,15,23,8,1,3/15/18,11,,
10.1097/ACM.0000000000000649,"Purpose: To determine the number of DO (doctor of osteopathic medicine) and MD (doctor of medicine) residents in training programs accredited by the Accreditation Council for Graduate Medical Education (ACGME) and the American Osteopathic Association (AOA) and to examine the behavior of DO residents who moved between the two types of programs.
 
 Method: In 2013, the authors linked data on residents reported in ACGME-accredited and AOA-accredited programs in 2009, 2010, and 2011 to produce a count of all residents, including an unduplicated count of residents reported in joint programs. DO residents were identified who moved between AOA-accredited and ACGME-accredited programs.
 
 Results: There were 106,923 MD residents and 14,789 DO residents on duty on December 31, 2011. Fifty-one percent of DO residents were in ACGME-accredited programs, 40% in AOA-accredited programs, and 9% in joint programs. DOs were 12% of all residents and 14% of first-year residents. Of 3,742 DOs and 16,863 MDs graduating in 2009-2010, 663 MDs and 222 DOs were not reported in graduate medical education (GME) in either 2010 or 2011. A larger percentage of DO graduates were training in the primary care specialties, especially in family medicine.
 
 Conclusions: These data provide the first comprehensive accounting of the numbers of individuals in U.S. GME, in both ACGME- and AOA-accredited residencies. The number of graduates from U.S. medical schools is increasing rapidly; residency positions are growing more slowly. The planned unified accreditation of U.S. GME may cause significant changes in the patterns of GME for future trainees.",6,6,6,6,7,1,1,5/3/18,26,,
10.1097/ACM.0000000000000646,"Since the publication of the Flexner Report in 1910, the medical education enterprise has undergone many changes to ensure that medical schools meet a minimum standard for the curricula and clinical training they offer students. Although the efforts of the licensing and accrediting bodies have raised the quality of medical education, the educational processes that produce the physicians who provide the best patient care and conduct the best biomedical research have not been identified. Comparative analyses are powerful tools to understand the differences between institutions, but they are challenging to carry out. As a result, the analysis performed by U.S. News & World Report (USN&WR) has become the default tool to compare U.S. medical schools. Medical educators must explore more rigorous and equitable approaches to analyze and understand the performance of medical schools. In particular, a better understanding and more thorough evaluation of the most successful institutions in producing academic physicians with biomedical research careers are needed. In this Perspective, the authors present a new model to evaluate medical schools' production of academic physicians who advance medicine through basic, clinical, translational, and implementation science research. This model is based on relevant and accessible objective criteria that should replace the subjective criteria used in the current USN&WR rankings system. By fostering a national discussion about the most meaningful criteria that should be measured and reported, the authors hope to increase transparency of assessment standards and ultimately improve educational quality.",68,74,81,76,81,5,1,4/6/18,26,,
10.1097/ACM.0000000000000640,"The complexity of biomedical research has increased considerably in the last decade, as has the pace of translational research. This complexity has generated a number of novel ethical issues for clinical investigators, institutional review boards (IRBs), and other oversight committees. In response, many academic medical centers have created formal research ethics consultation (REC) services to help clinical investigators and IRBs navigate ethical issues in biomedical research. Key functions of a REC service include assisting with research design and implementation, providing a forum for deliberative exploration of ethical issues, and supplementing regulatory oversight. As increasing numbers of academic research institutions establish REC services, there is a pressing need for consensus about the primary aims and policies that should guide these activities. Establishing clear expectations about the aims and policies of REC services is important if REC programs are to achieve their full potential. Drawing on the experiences of a Clinical and Translational Science Award Research Ethics Consultation Working Group, this article describes three major ethical and professional practice challenges associated with the provision of REC: (1) managing multiple institutional roles and responsibilities, (2) managing sensitive information, and (3) communicating with consultation requestors about how these issues are managed. The paper also presents several practical strategies for addressing these challenges and enhancing the quality of REC services.",1,12,12,12,12,0,1,3/1/18,27,,
10.1097/ACM.0000000000000633,"Medical students are increasingly using electronic health records (EHRs) in clerkships, and medical educators should seek opportunities to use this new technology to improve training. One such opportunity is the ability to ""track"" former patients in the EHR, defined as following up on patients in the EHR for educational purposes for a defined period of time after they have left one's direct care. This activity offers great promise in clinical training by enabling students to audit their diagnostic impressions and follow the clinical history of illness in a manner not possible in the era of paper charting. However, tracking raises important questions about the ethical use of protected health information, including concerns about compromising patient autonomy, resulting in a conflict between medical education and patient privacy. The authors offer critical analysis of arguments on both sides and discuss strategies to balance the ethical conflict by optimizing outcomes and mitigating harms. They observe that tracking improves training, thus offering long-lasting benefits to society, and is supported by the principle of distributive justice. They conclude that students should be permitted to track for educational purposes, but only with defined limits to safeguard patient autonomy, including obtaining permission from patients, having legitimate educational intent, and self-restricting review of records to those essential for training. Lastly, the authors observe that this conflict will become increasingly important with completion of the planned Nationwide Health Information Network and emphasize the need for national guidelines on tracking patients in an ethically appropriate manner.",2,2,2,2,2,0,1,3/14/18,53,,
10.1097/ACM.0000000000000632,"Purpose: To explore how junior doctors (doctors in postgraduate training) retrospectively perceived the influence of their undergraduate palliative care attachments (clinical electives) on their current medical practice.
 
 Method: From 2008 to 2013, 100 students participated in palliative care attachments at the University of Adelaide School of Medicine. In 2013, the authors invited 14 of these, now junior doctors, to be in this study. Participants took part in one-on-one, semistructured interviews. Interview data were analyzed for themes.
 
 Results: Nine junior doctors participated. They were sent a summary of the findings to check whether the themes captured each participant's experiences. Eight replied and agreed. Two main themes were identified: (1) from apprehension to gaining a sense of control, and (2) gaining perspective on the practice of medicine. Participants perceived that the learning experiences from the attachments provided them with a sense of confidence and control over their interactions with dying patients and families. This positive influence not only was present when caring for patients at the end of life but also influenced the participants' identity as medical practitioners.
 
 Conclusions: Findings suggest that junior doctors trained earlier in palliative care have enhanced competencies of professionalism, patient-centered medicine, psychosocial and spiritual aspects of palliative care, communication, teamwork, and self-awareness. Learning a palliative approach can help them make a difference in treating dying patients, but also in general patient care. Therefore, physicians trained in palliative care may be better prepared to contribute to a health care system that is person-centered, ethically conscientious, and personally fulfilling.",1,1,1,1,1,0,1,4/11/18,62,,
10.1097/ACM.0000000000000631,"Problem: Medical education has been cited as both part of the problems facing, and part of the solution to reforming, the increasingly challenging U.S. health care system which is fraught with concerns regarding the quality and affordability of care. To teach value in ways that are impactful, sustainable, and scalable, the best and brightest ideas need to be shared such that educators can build on successful existing innovations.
 
 Approach: To identify the most promising innovations and bright ideas for teaching value to clinical trainees, the authors hosted the ""Teaching Value and Choosing Wisely Challenge."" The challenge used crowdsourcing methods to solicit scalable, pedagogical approaches from across North America, and then draw generalizable lessons.
 
 Outcomes: The authors received 74 submissions (28 innovations; 46 bright ideas) from 14 students, 20 residents/fellows, 38 faculty members (ranging from instructors to full professors), and 2 nonclinical administrators. Submissions represented 14 clinical disciplines including internal medicine, emergency medicine, surgery, pediatrics, obstetrics-gynecology, laboratory medicine, and pharmacy. Thirty-nine abstracts focused on graduate medical education, 15 addressed undergraduate medical education, and 20 applied to both.
 
 Next steps: The authors have solicited, shared, and described solutions for teaching high-value care to medical trainees. Challenge participants demonstrated commitment to improving value and ingenuity in addressing professional barriers to change. Further success requires strong local faculty champions and willing trainee participants. Additionally, the use of data to demonstrate the collective positive impact of these ideas and programs will be critical for sustaining pedagogical changes in the health professions.",1,1,1,1,1,0,1,3/12/18,12,,
10.1097/ACM.0000000000000619,"Purpose: To update and extend a 2000 study on the California Latino physician workforce, the authors examined the Latino physician workforce in the 30-year time frame spanning 1980 to 2010, comparing changes in the rates of physicians per 100,000 population for the Latino and non-Hispanic white (NHW) populations in the United States as a whole and in the five states with (in 2010) the largest Latino populations.
 
 Method: The authors used detailed data from the U.S. Census (Public Use Microdata Samples for 1980-2010) to identify total population, total number of physicians, and Spanish-language ability for both the Latino and NHW populations. They examined nativity for only Latinos.
 
 Results: At the national level, the NHW physician rate per 100,000 of the NHW population increased from 211 in 1980 to 315 in 2010 while the Latino physician rate per 100,000 of the Latino population dropped over the same period from 135 to 105. With small variations, the same trend occurred in all five of the states examined. At the national and state levels, Latino physicians were far more likely to speak Spanish than NHW physicians. Over the 30-year period, the Latino physician population has evolved from being primarily foreign born to being about evenly split between foreign born and U.S. born.
 
 Conclusions: The Latino physician shortage has worsened over the past 30 years. The authors recommend immediate action on the national and local level to increase the supply of Latino physicians.",16,19,23,18,21,3,1,2/26/18,31,,
10.1097/ACM.0000000000000617,"Purpose: Knowing when patients are too ill to benefit from intensive care is essential for clinicians to recommend aggressive or palliative care as appropriate. To explore prognostic ability among critical care fellows, the authors compared fellows' and attendings' assessments of futile critical care and evaluated factors associated with assessments.
 
 Method: Thirty-six attendings and 14 fellows in intensive care units at the University of California, Los Angeles, were surveyed daily for three months (December 2011-March 2012) to identify patients perceived as receiving futile treatment. Frequency of futile treatment assessments and reasons listed by attendings versus fellows were compared. Predictors of futile treatment assessments by provider type were assessed using multivariate probit models.
 
 Results: Attendings made 6,897 assessments on 1,125 patients; fellows made 4,407 assessments on 773 patients. Fellows assessed 161 (20.8%) patients as receiving futile treatment, compared with attendings (123 [10.9%] patients, P<.001), and listed fewer reasons that treatment was futile (P<.001). Fellows were more likely to assess a patient as receiving futile treatment by the second day, whereas attendings took four days. Patients assessed as receiving futile treatment by fellows were less likely than patients so assessed by attendings to die in the hospital (51% versus 68%, P=.003) and within six months (62% versus 85%, P<.001).
 
 Conclusions: Fellows made earlier assessments and judged more patients to be receiving futile treatment than attendings, and their assessments were less predictive of mortality, suggesting that assessment of treatment appropriateness develops with experience.",1,1,1,1,1,0,1,4/26/18,11,,
10.1097/ACM.0000000000000616,"Effectively developing professionalism requires a programmatic view on how medical ethics and humanities should be incorporated into an educational continuum that begins in premedical studies, stretches across medical school and residency, and is sustained throughout one's practice. The Project to Rebalance and Integrate Medical Education National Conference on Medical Ethics and Humanities in Medical Education (May 2012) invited representatives from the three major medical education and accreditation organizations to engage with an expert panel of nationally known medical educators in ethics, history, literature, and the visual arts. This article, based on the views of these representatives and their respondents, offers a future-tense account of how professionalism can be incorporated into medical education.The themes that are emphasized herein include the need to respond to four issues. The first theme highlights how ethics and humanities can provide a response to the dissonance that occurs in current health care delivery. The second theme focuses on how to facilitate preprofessional readiness for applicants through reform of the medical school admission process. The third theme emphasizes the importance of integrating ethics and humanities into the medical school administrative structure. The fourth theme underscores how outcomes-based assessment should reflect developmental milestones for professional attributes and conduct. The participants emphasized that ethics and humanities-based knowledge, skills, and conduct that promote professionalism should be taught with accountability, flexibility, and the premise that all these traits are essential to the formation of a modern professional physician.",7,7,9,8,10,2,1,3/13/18,10,,
10.1097/ACM.0000000000000612,"Purpose: To better understand why women outperform men in the obstetrics and gynecology (Ob/Gyn) clerkship.
 
 Method: The authors conducted a retrospective cohort study of students who rotated in the Ob/Gyn clerkship from 2008 to 2011 and graduated by May 2012 from the Icahn School of Medicine at Mount Sinai in New York City. They compared female and male students' performance on preclerkship standardized tests (the Medical College Admission Test [MCAT] and United States Medical Licensing Examination [USMLE] Step 1) and on Ob/Gyn clerkship components (clinical skills achievement, oral and written case presentations, clinical evaluations, and National Board of Medical Examiners [NBME] subject examination).
 
 Results: The study included 163 (53.4%) women and 142 (46.6%) men. Among students who took the MCAT, women scored lower than men with a mean (standard deviation) of 33.2 (3.2) versus 34.6 (3.3) (P=.001). Similarly, among all students, women scored lower than men on the USMLE Step 1: 227 (19.1) versus 232.5 (18.8) (P=.012). There were no significant gender differences on most clerkship components. However, women scored higher than men on the Ob/Gyn NBME subject examination: 78.0 (7.5) versus 74.8 (8.4) (P=.001). Consequently, female students achieved higher overall clerkship scores than men: 88.5 (5.6) versus 87.1 (5.1) (P=.024). Analysis of covariance confirmed that gender is associated with NBME subject examination score (P<.001).
 
 Conclusions: Women outscored men on the NBME subject examination in Ob/Gyn and thereby outperformed men in the Ob/Gyn clerkship.",2,2,7,1,2,1,1,4/30/18,7,,
10.1097/ACM.0000000000000610,"In this article, the authors describe an initiative that established an infrastructure to manage quality and safety efforts throughout a complex health care system and that improved performance on core measures for acute myocardial infarction, heart failure, pneumonia, surgical care, and children's asthma. The Johns Hopkins Medicine Board of Trustees created a governance structure to establish health care system-wide oversight and hospital accountability for quality and safety efforts throughout Johns Hopkins Medicine. The Armstrong Institute for Patient Safety and Quality was formed; institute leaders used a conceptual model nested in a fractal infrastructure to implement this initiative to improve performance at two academic medical centers and three community hospitals, starting in March 2012. The initiative aimed to achieve ≥ 96% compliance on seven inpatient process-of-care core measures and meet the requirements for the Delmarva Foundation and Joint Commission awards. The primary outcome measure was the percentage of patients at each hospital who received the recommended process of care. The authors compared health system and hospital performance before (2011) and after (2012, 2013) the initiative. The health system achieved ≥ 96% compliance on six of the seven targeted measures by 2013. Of the five hospitals, four received the Delmarva Foundation award and two received The Joint Commission award in 2013. The authors argue that, to improve quality and safety, health care systems should establish a system-wide governance structure and accountability process. They also should define and communicate goals and measures and build an infrastructure to support peer learning.",19,26,29,23,29,6,1,4/1/18,35,,
10.1097/ACM.0000000000000606,"Numerous academic medicine leaders have argued that academic referral centers must prepare for the growing importance of accountability-driven payment models by adopting population health initiatives. Although this shift has merit, execution of this strategy will prove significantly more problematic than most observers have appreciated. The authors describe how successful implementation of an accountable care health strategy within a referral academic medical center (AMC) requires navigating a critical tension: The academic referral business model, driven by tertiary-level care, is fundamentally in conflict with population health. Referral AMCs that create successful value-driven population health systems within their organizations will in effect disrupt their own existing tertiary care businesses. The theory of disruptive innovation suggests that balancing the push and pull of academic and accountable care within a single organization is achievable. However, it will require significant shifts in resource allocation and changes in management structure to enable AMCs to make the inherent difficult choices and trade-offs that will ensue. On the basis of the theories of disruptive innovation, the authors present recommendations for how academic health systems can successfully navigate these issues as they transition toward accountability-driven care.",3,5,5,2,2,0,1,2/25/18,16,,
10.1097/ACM.0000000000000594,"Purpose: The United States Department of Veterans Affairs Connecticut Healthcare System (VACHS) is one of five Centers of Excellence in Primary Care Education (CoEPCE) pilot sites. The overall goal of the CoEPCE program, which is funded by the Office of Academic Affiliations, is to develop and implement innovative approaches for training future health care providers in postgraduate education programs to function effectively in teams to provide exceptional patient care. This longitudinal study employs theoretically grounded qualitative methods to understand the effect of a combined nursing and medical training model on professional identity and team development at the VACHS CoEPCE site.
 
 Method: The authors used qualitative approaches to understand trainees' experiences, expectations, and impressions of the program. From September 2011 to August 2012, they conducted 28 interviews of 18 trainees (internal medicine [IM] residents and nurse practitioners [NPs]) and subjected data to three stages of open, iterative coding.
 
 Results: Major themes illuminate both the evolution of individual professional identity within both types of trainees and the dynamic process of group identity development. Results suggest that initially IM residents struggled to understand NPs' roles and responsibilities, whereas NP trainees doubted their ability to work alongside physicians. At the end of one academic year, these uncertainties disappeared, and what was originally artificial had transformed into an organic interprofessional team of health providers who shared a strong sense of understanding and trust.
 
 Conclusions: This study provides early evidence of successful interprofessional collaboration among NPs and IM residents in a primary care training program.",9,12,12,12,13,1,1,5/5/18,14,,
10.1097/ACM.0000000000000592,"Professionalism is a required competency for medical students, residents, practicing physicians, and academic faculty. Faculty members must adhere to codes of conduct or risk discipline. The authors describe issues of unprofessionalism that culminate in allegations of faculty misconduct or filing of grievances in academic medicine and outline strategies for early intervention and prevention. The authors, vice and associate deans and executive director of the office of faculty affairs at a large U.S. medical school, have handled many allegations of unprofessional conduct over the past decade. They present case examples based on behaviors such as lack of respect, inappropriate language and behavior, failure to cooperate with members of the health care team, and sexual harassment/discrimination. They discuss factors complicating evaluation of these behaviors, including variable definitions of respect, different cultural norms, and false allegations. The authors make recommendations for prevention and intervention, including early identification, performance management, education about sexual harassment, and referrals to professional coaches, anger management classes, and faculty-staff assistance programs.",9,9,10,6,6,0,1,2/10/18,8,,
10.1097/ACM.0000000000000591,"Purpose: The success of efforts to bolster the primary care workforce rests in part on how these clinicians view their professions and their willingness to recommend their careers to others. The authors sought to examine career and job satisfaction, perceptions of workforce shortages, and willingness to make career recommendations among primary care physicians (PCPs) and primary care nurse practitioners (PCNPs).
 
 Method: In 2012, the authors mailed a national survey concerning the issues above to 1,914 randomly chosen clinicians found on national databases: 957 PCPs and 957 PCNPs.
 
 Results: A total of 972 eligible clinicians (505 PCPs, 467 PCNPs) returned the survey. Using standard opinion research procedures, the authors estimated there were approximately 1,589 eligible clinicians in their sample (response rate, 61.2%). PCNPs and PCPs were more likely to recommend a career as a PCNP than as a PCP, despite the perception among all clinicians of a serious shortage of PCPs nationally and in their own communities. This finding held among PCNPs who reported low workplace autonomy and among PCPs reporting that they were satisfied with their own careers.
 
 Conclusions: Efforts to solve the primary care workforce shortage that ignore the significant dissatisfaction of PCPs with their own careers are unlikely to be successful. Simply adding training slots and increasing reimbursement rates will do little to solve the problem if PCPs continue to view their own careers as ones they cannot recommend to others.",8,10,12,4,7,3,1,2/18/18,17,,
10.1097/ACM.0000000000000590,"Purpose: Little is known about knowledge translation processes within medical education. Specifically, there is scant research on how and whether faculty incorporate empirical medical education knowledge into their educational practices. The authors use the conceptual framework of affordances to examine factors within the medical education practice environment that influence faculty utilization of empirical knowledge.
 
 Method: In 2012, the authors, using a purposive sampling strategy, recruited medical education leaders in undergraduate medical education from a Canadian university. Recruits all had direct teaching and curricular development roles in either preclinical or clinical courses across the four years of the undergraduate curriculum. Data were collected through individual semistructured interviews on participants' use of empirical evidence, as well as the factors that influence integration of empirical knowledge into practice. Data were analyzed using thematic analysis.
 
 Results: Fifteen medical educators participated. The authors identified both constraining and facilitating affordances of empirical medical education knowledge use. Constraining affordances included poor quality and availability of evidence, inadequate knowledge delivery approaches, work and role overload, faculty and student change resistance, and resource limitations. Facilitating affordances included faculty development, peer recommendations, and local involvement in medical education knowledge creation.
 
 Conclusions: Affordances of the medical education practice environment influence empirical knowledge use. Developing strategies for effective knowledge translation thus requires careful assessment of contextual factors that can enable, constrain, or inhibit evidence use. Empirical knowledge use is most likely to occur among medical educators who are afforded rich, facilitative opportunities for participation in creating, seeking, and implementing knowledge.",2,3,3,3,3,0,1,4/14/18,16,,
10.1097/ACM.0000000000000588,"Purpose: The integration of health advocacy activities into medical training has been controversial and challenging from theoretical and practical standpoints. In part, this may be because it is unclear how such activities could be incorporated into the everyday practices of most physicians. This study explored the breadth of advocacy activities described by physicians engaged in health advocacy in order to articulate a set of activities that might be enacted regularly by all physicians.
 
 Method: From October 2012 to June 2013, 10 physician advocates from British Columbia were interviewed. Using transcriptions from semistructured interviews, the authors identified all advocacy activities described by participants. Employing an iterative process of individual and group analysis, the authors developed conceptual categories building on previously developed frameworks to represent the types of activities participants articulated.
 
 Results: Physician participants identified five main categories of advocacy activities: clinical agency, paraclinical agency, practice quality improvement, activism, and knowledge exchange. These were enacted at one of three levels: individual patient, practice, and community/system. They also identified a wide range of abilities and perspectives that they employed across all levels and activities.
 
 Conclusions: Most activities described by health advocates at the patient and practice level (clinical agency, paraclinical agency, practice quality improvement) might reasonably be incorporated into the professional lives of all physicians if training incorporated some reorientation of perspective. Many activities at the system level (activism and knowledge exchange) perhaps require more elaborate skill development and support, which could be provided for those interested in pursuing further advocacy training.",2,2,2,1,1,0,1,2/28/18,23,,
10.1097/ACM.0000000000000586,"Many graduate medical education (GME) programs have started to consider and adopt entrustable professional activities (EPAs) in their competency frameworks. Do EPAs also have a place in undergraduate medical education (UME)? In this Perspective article, the authors discuss arguments in favor of the use of EPAs in UME. A competency framework that aligns UME and GME outcome expectations would allow for better integration across the educational continuum. The EPA approach would be consistent with what is known about progressive skill development. The key principles underlying EPAs, workplace learning and trust, are generalizable and would also be applicable to UME learners. Lastly, EPAs could increase transparency in the workplace regarding student abilities and help ensure safe and quality patient care. The authors also outline what UME EPAs might look like, suggesting core, specialty-specific, and elective EPAs related to core clinical residency entry expectations and learner interest. UME EPAs would be defined as essential health care activities with which one would expect to entrust a resident at the beginning of residency to perform without direct supervision. Finally, the authors recommend a refinement and expansion of the entrustment and supervision scale previously developed for GME to better incorporate the supervision expectations for UME learners. They suggest that EPAs could be operationalized for UME if UME-specific EPAs were developed and the entrustment scale were expanded.",18,18,20,13,25,12,1,2/23/18,17,,
10.1097/ACM.0000000000000583,"Academic medical centers (AMCs) are the backbone of the U.S. health care system. They provide a disproportionate share of charity care and serve as a training ground for future physicians. Yet, AMCs face profound economic challenges, from changes in funding to changes in the health care market. To survive, many AMCs will need to form integrated health systems, a process expected to cost tens, if not hundreds, of millions of dollars. Nearly all AMCs are structured as not-for- profit entities, which places restrictions on their ability to forge partnerships, pursue joint ventures, and access private capital, often essential elements for forming such integrated systems. An alternative model known as the ""for-benefit"" corporation can allow AMCs to retain their important social mission and the other advantages of their not-for-profit status while allowing them flexibility and access to both investment and philanthropic capital. To pursue the for-benefit pathway, AMCs have two options-either they could work within the constraints of existing laws to restructure themselves as for-benefit entities, or they could create, under federal law, a new for-benefit AMC model, allowing for the orderly conversion of not-for-profit AMCs. Essential components of a for-benefit AMC include a social purpose, access to multiple forms of capital, the use of earnings to support its purpose, transparency, aligned compensation, and tax exemptions. Restructuring an AMC as a for-benefit entity enables it to both advance shareholder value and further the public good.",2,2,2,2,3,1,1,2/9/18,22,,
10.1097/ACM.0000000000000581,"Slow medical education borrows from other ""slow"" movements by offering a complementary orientation to medical education that emphasizes the value of slow and thoughtful reflection and interaction in medical education and clinical care. Such slow experiences, when systematically structured throughout the curriculum, offer ways for learners to engage in thoughtful reflection, dialogue, appreciation, and human understanding, with the hope that they will incorporate these practices throughout their lives as physicians. This Perspective offers several spaces in the medical curriculum where slowing down is possible: while reading and writing at various times in the curriculum and while providing clinical care, focusing particularly on conducting the physical exam and other dimensions of patient care. Time taken to slow down in these ways offers emerging physicians opportunities to more fully incorporate their experiences into a professional identity that embodies reflection, critical awareness, cultural humility, and empathy. The authors argue that these curricular spaces must be created in a very deliberate manner, even on busy ward services, throughout the education of physicians.",2,4,4,4,6,2,1,2/5/18,36,,
10.1097/ACM.0000000000000579,"Problem: Inpatient rotations remain a central component in residency training, particularly in specialties such as internal medicine. However, maintaining the quality of this important learning experience has become a challenge. Recent approaches to redesigning the inpatient rounding experience have included reductions in the number of admissions and in patient census, which may not be feasible or desirable for many programs.
 
 Approach: The authors designed and implemented an approach to inpatient teaching that maintained the standard patient volume. It had the following five goals: (1) enhance bedside clinical skills, (2) promote a culture of patient safety, (3) emphasize diagnostic reasoning, (4) engage patients, and (5) provide learners with an expanded perspective on patients' experiences of care. This redesign, called the Chiefs' Service (CS) program, was implemented in 2013. The CS team acted as the intervention group in a quasi-experimental design study evaluating and comparing their experiences and outcomes with those of the standard inpatient medical teams not using the CS model.
 
 Outcomes: Five key team activities, or elements, were developed, piloted, and refined with learner, attending, and patient feedback. Those elements were morning huddle, bedside rounds, diagnostic ""time-outs,"" day-of-discharge rounds, and postdischarge follow-up rounds.
 
 Next steps: A robust evaluation process is under way; initial impressions from attendings, learners, and patients have been positive. Several educational outcomes also are being measured and compared with those of the standard inpatient medical teams. Further evaluations will guide modifications to the CS program and direct plans for dissemination within the institution and to other institutions.",1,1,1,1,2,1,1,2/22/18,10,,
10.1097/ACM.0000000000000578,"Purpose: To assess use of the combined just-in-time teaching (JiTT) and peer instruction (PI) instructional strategy in a residency program's core curriculum.
 
 Method: In 2010-2011, JiTT/PI was piloted in 31 core curriculum sessions taught by 22 faculty in the Northwestern University Feinberg School of Medicine's general surgery residency program. JiTT/PI required preliminary and categorical residents (n=31) to complete Web-based study questions before weekly specialty topic sessions. Responses were examined by faculty members ""just in time"" to tailor session content to residents' learning needs. In the sessions, residents answered multiple-choice questions (MCQs) using clickers and engaged in PI. Participants completed surveys assessing their perceptions of JiTT/PI. Videos were coded to assess resident engagement time in JiTT/PI sessions versus prior lecture-based sessions. Responses to topic session MCQs repeated in review sessions were evaluated to study retention.
 
 Results: More than 70% of resident survey respondents indicated that JiTT/PI aided in the learning of key points. At least 90% of faculty survey respondents reported positive perceptions of aspects of the JiTT/PI strategy. Resident engagement time for JiTT/PI sessions was significantly greater than for prior lecture-based sessions (z=-2.4, P=.016). Significantly more review session MCQ responses were correct for residents who had attended corresponding JiTT/PI sessions than for residents who had not (chi-square=13.7; df=1; P<.001).
 
 Conclusions: JiTT/PI increased learner participation, learner retention, and the amount of learner-centered time. JiTT/PI represents an effective approach for meaningful and active learning in core curriculum sessions.",2,2,2,1,1,0,1,4/16/18,123,,
10.1097/ACM.0000000000000564,"Purpose: The Alliance for Academic Internal Medicine charged its Education Redesign Committee with the task of assisting internal medicine residency program directors in meeting the challenges of competency-based assessment that were part of the Accreditation Council for Graduate Medical Education's (ACGME's) Next Accreditation System.
 
 Method: Recognizing the limitations of the ACGME general competencies as an organizing framework for assessment and the inability of the milestones to provide the needed context for faculty to assess residents' competence, the Education Redesign Committee in 2011 adopted the work-based assessment framework of entrustable professional activities (EPAs). The committee selected the EPA framework after reviewing the literature on competency-based education and EPAs and consulting with experts in evaluation and assessment. The committee used an iterative approach with broad-based feedback from multiple sources, including program directors, training institutions, medical organizations, and specialty societies, to develop a set of EPAs that together define the core of the internal medicine profession.
 
 Results: The resulting 16 EPAs are those activities expected of a resident who is ready to enter unsupervised practice, and they provide a starting point from which training programs could develop assessments and curricula. The committee also provided a strategy for the use of these EPAs in competency-based evaluation.
 
 Conclusions: These EPAs are intended to serve as a starting point or guide for program directors to begin developing meaningful, work-based assessments that inform the evaluation of residents' competence.",27,30,34,31,39,8,1,5/7/18,12,,
10.1097/ACM.0000000000000553,"Purpose: Researchers have found mixed results about the risk to patient safety in July, when newly minted physicians enter U.S. hospitals to begin their clinical training, the so-called ""July effect."" However, patient and family satisfaction and perception of physician competence during summer months remain unknown.
 
 Method: The authors conducted a retrospective observational cohort study of 815 family members of adult intensive care unit (ICU) patients who completed the Family Satisfaction with Care in the Intensive Care Unit instrument from eight ICUs at Beth Israel Deaconess Medical Center, Boston, Massachusetts, between April 2008 and June 2011. The association of ICU care in the summer months (July-September) versus other seasons and family perception of physician competence was examined in univariable and multivariable analyses.
 
 Results: A greater proportion of family members described physicians as competent in summer months as compared with winter months (odds ratio [OR] 1.9; 95% confidence interval [CI] 1.2-3.0; P = .003). After adjustment for patient and proxy demographics, severity of illness, comorbidities, and features of the admission in a multivariable model, seasonal variation of family perception of physician competence persisted (summer versus winter, OR of judging physicians competent 2.4; 95% CI 1.3-4.4; P = .004).
 
 Conclusions: Seasonal variation exists in family perception of physician competence in the ICU, but opposite to the ""July effect."" The reasons for this variation are not well understood. Further research is necessary to explore the role of senior provider involvement, trainee factors, system factors such as handoffs, or other possible contributors.",1,1,1,1,1,0,1,4/17/18,6,,
10.1097/ACM.0000000000000551,"MayoExpert is a multifaceted information system integrated with the electronic medical record (EMR) across Mayo Clinic's multisite health system. It was developed as a technology-based solution to manage information, standardize clinical practice, and promote and document learning in clinical contexts. Features include urgent test result notifications; models illustrating expert-approved care processes; concise, expert-approved answers to frequently asked questions (FAQs); a directory of topic-specific experts; and a portfolio for provider licensure and credentialing. The authors evaluate MayoExpert's reach, effectiveness, adoption, implementation, and maintenance. Evaluation data sources included usage statistics, user surveys, and pilot studies.As of October 2013, MayoExpert was available at 94 clinical sites in 12 states and contained 1,368 clinical topics, answers to 7,640 FAQs, and 92 care process models. In 2012, MayoExpert was accessed at least once by 2,578/3,643 (71%) staff physicians, 900/1,374 (66%) midlevel providers, and 1,728/2,291 (75%) residents and fellows. In a 2013 survey of MayoExpert users with 536 respondents, all features were highly rated (≥67% favorable). More providers reported using MayoExpert to answer questions before/after than during patient visits (68% versus 36%). During November 2012 to April 2013, MayoExpert sent 1,660 notifications of new-onset atrial fibrillation and 1,590 notifications of prolonged QT. MayoExpert has become part of routine clinical and educational operations, and its care process models now define Mayo Clinic best practices. MayoExpert's infrastructure and content will continue to expand with improved templates and content organization, new care process models, additional notifications, better EMR integration, and improved support for credentialing activities.",3,3,4,2,3,1,1,3/3/18,9,,
10.1097/ACM.0000000000000550,"Purpose: Experienced clinicians derive many diagnoses intuitively, because most new problems they see closely resemble problems they've seen before. The majority of these diagnoses, but not all, will be correct. This study determined whether further reflection regarding initial diagnoses improves diagnostic accuracy during a high-stakes board exam, a model for studying clinical decision making.
 
 Method: Keystroke response data were used from 500 residents who took the 2010 American Board of Internal Medicine (ABIM) Internal Medicine Certification Examination. Data included time to initial response on each question, whether the answer was correct, and whether or not the resident changed her or his initial response. The focus was on 80 diagnosis questions that comprised realistic clinical vignettes with multiple-choice single-best answers. Cognitive skill (ability) was measured using overall exam scores. Case complexity was determined using item difficulty (proportion of examinees that correctly answered the question). A hierarchical generalized linear model was used to assess the relationship between time spent on initial responses and the probability of correctly answering the questions.
 
 Results: On average, residents changed their responses on 12% of all diagnosis questions (or 9.6 questions out of 80). Changing an answer from incorrect to correct was almost twice as likely as changing an answer from correct to incorrect. The relationship between response time and accuracy was complex.
 
 Conclusions: Further reflection appears to be beneficial to diagnostic accuracy, especially for more complex cases.",4,5,5,2,4,2,1,2/14/18,11,,
10.1097/ACM.0000000000000547,"Quality improvement (QI) efforts hold great promise for improving care delivery. However, hospitals often struggle with QI implementation and fail to sustain improvement in either process changes or patient outcomes. Physician mentored implementation (PMI) is a novel approach that promotes the success and sustainability of QI initiatives at hospitals. It leverages the expertise of external physician mentors who coach QI teams to implement interventions at their local hospitals. The PMI model includes five core components: (1) a hospital self-assessment tool, (2) a face-to-face training session including direct interaction with a physician mentor, (3) a guided continuous quality improvement and systems approach, (4) yearlong individual physician mentoring, and (5) a learning community supported by a resource center, listserv, and webinars. Mentors provide content and process expertise, rather than offering ""one-size-fits-all"" technical assistance that might not be sustained after the mentoring year ends. Mentors support and motivate QI teams throughout the planning and implementation phases of their interventions, help to engage hospital leadership, garner local physician buy-in, and address institutional barriers. Mentors also guide hospitals to identify opportunities for the adaptation and customization of original evidence-based models of care while ensuring the fidelity of those models. More than 350 hospitals have used the PMI model to implement successful national and statewide QI initiatives. Academic medical centers are charged with improving the health of patients and reengineering care delivery; thus, they serve as the ideal source for physician mentors and can act as leaders in implementing QI projects using the PMI model.",3,3,3,3,4,1,1,3/16/18,24,,
10.1097/ACM.0000000000000543,"Purpose: Continually improving patient outcomes requires that physicians start new behaviors, stop old behaviors, or adjust how they practice medicine. Continuing professional development (CPD) is the method most commonly used by physicians to improve their knowledge and skills. However, despite regular physician attendance at these activities, change in clinical behavior is rarely observed. The authors sought to identify which of Bloom's domains (cognitive, affective, or psychomotor) are targeted by the learning objectives of CPD activities offered by medical associations, regulatory bodies, and academic institutions in the province of Quebec, Canada.
 
 Method: The authors evaluated the objectives of 110 accredited CPD activities offered to physicians and other health professionals from November 2012 to March 2013. The objectives of each activity were extracted and classified into learning domains using Bloom's taxonomy.
 
 Results: Ninety-six percent of the learning objectives analyzed targeted the cognitive domain, which consists of six levels of increasing complexity: knowledge, comprehension, application, analysis, synthesis, and evaluation. Half (47%) targeted knowledge and comprehension, whereas only 26% aimed to improve skills in analysis, synthesis, and evaluation.
 
 Conclusions: Most accredited CPD activities within this sample were generally not designed to promote clinical behavior change because the focus of these activities was on remembering and understanding information instead of preparing physicians to put knowledge into practice by analyzing information, evaluating new evidence, and planning operations that lead to behavior change. Educators and CPD providers should take advantage of well-established theories of health professional behavior change, such as sociocognitive theories, to develop their activities.",2,2,2,2,2,0,1,3/21/18,32,,
10.1097/ACM.0000000000000529,"Purpose: To examine, primarily, the effects of ethnicity and gender, which could introduce bias into scoring, on standardized patient (SP) assessments of medical students and, secondarily, to examine medical students' self-reported empathy for ethnicity and gender effects so as to compare self-perception with the perceptions of SPs.
 
 Method: Participants were 577 students from four medical schools in 2012: 373 (65%) were white, 79 (14%) black/African American, and 125 (22%) Asian/Pacific Islander. These students were assessed by 84 SPs: 62 (74%) were white and 22 (26%) were black/African American. SPs completed the Jefferson Scale of Patient Perceptions of Physician Empathy (JSPPPE) and the Global Ratings of Empathy tool. Students completed the Jefferson Scale of Empathy and two Interpersonal Reactivity Index subscales. The investigators used 2,882 student-SP encounters in their analyses.
 
 Results: Analyses of SPs' assessments of students' empathy indicated significant interaction effects of gender and ethnicity. Female students, regardless of ethnicity, obtained significantly higher mean JSPPPE scores than men. Female black/African American, female white, and female Asian/Pacific Islander students scored significantly higher on the JSPPPE than their respective male counterparts. Male black/African American students obtained the lowest SP assessment scores of empathy regardless of SP ethnicity. Black/African American students obtained the highest mean scores on self-reported empathy.
 
 Conclusions: The significant interaction effects of ethnicity and gender in clinical encounters, plus the inconsistencies observed between SPs' assessments of students' empathy and students' self-reported empathy, raise questions about possible ethnicity and gender biases in the SPs' assessments of medical students' clinical skills.",13,24,45,18,20,2,1,3/29/18,30,,
10.1097/ACM.0000000000000525,"The pharmaceutical industry's wide range of interactions with physicians, trainees, and other medical professionals--interactions that include information transfer and financial incentives--has been the source of undue influences, especially on physicians' prescription behavior. Current literature has mainly been focused on the financial element of these influences, and the problems in medical professional-pharmaceutical industry interactions are mainly viewed in terms of conflicts of interest. There is often the assumption that physicians are intellectually competent but biased because of financial incentives.The author rejects that assumption and proposes an alternative explanation for the observed influence of the pharmaceutical industry on physicians' behavior by emphasizing the importance of the information-transfer side of the interactions and maintaining that physicians and other medical professionals need certain intellectual virtues (i.e., competencies) to properly assess the information, which is often unreliable and biased. These virtues are necessary for the practice of modern medicine and include mindfulness, the ability to understand practical implications of newly found evidence, to consider alternative explanations of data, to recognize and correct errors, to decide on the best available evidence, and to tailor that to the needs and values of individual patients. On the basis of this view, the author recommends that the best solution for the observed problems in physician-pharmaceutical industry interactions is to ""vaccinate"" physicians and other medical professionals by increasing efforts to inculcate the necessary intellectual virtues early in medical education and fostering them throughout those individuals' professional lives.",15,15,25,25,25,0,1,2/19/18,19,,
10.1097/ACM.0000000000000524,"Purpose: The multiple mini-interview (MMI) is a validated interview technique used primarily to evaluate medical school applicants. No study has compared MMIs with traditional interviews (TIs) in the evaluation of U.S. emergency medicine residency (EMR) applicants.
 
 Method: During the 2011-2012 interview season, a four-station MMI was incorporated into the interview process for EMR applicants at Alameda Health System-Highland Hospital (AHS). A postinterview anonymous questionnaire was offered to all applicants after they submitted their rank lists but prior to release of National Residency Matching Program results. Respondents rated their perceptions of the MMI and TI on a five-point Likert scale. McNemar chi-square test was used to explore differences in respondents' perceptions of interview styles.
 
 Results: One hundred ten interviewees completed the survey (73%). Overall, applicants found the TI more enjoyable than the MMI process (98 [89%] compared with 48 [44%], McNemar chi-square=28.66, P<.01) and preferred the TI process to the MMI (66 [60%] compared with 9 [10%], McNemar chi-square=40.81, P<.01). Sixteen applicants (14%) indicated that the use of the MMI would negatively affect their ranking of the program.
 
 Conclusions: In contrast to prior studies, U.S. EMR applicants to AHS preferred the TI to the MMI. Further investigation into the use of the MMI for selecting U.S. EMR applicants is warranted.",1,1,1,0,1,1,1,4/22/18,21,,
10.1097/ACM.0000000000000522,"Purpose: To identify and interpret differences between resident and faculty perceptions of resident autonomy and of faculty support of resident autonomy.
 
 Method: Parallel questionnaires were sent to pediatric residents and faculty at the University of Rochester Medical Center in 2011. Items addressed self-determination theory (SDT) constructs (autonomy, competence, relatedness) and asked residents and faculty to rate and/or comment on their own and the other group's behaviors. Distributions of responses to 17 parallel Likert scale items were compared by Wilcoxon rank-sum tests. Written comments underwent qualitative content analysis.
 
 Results: Respondents included 62/78 residents (79%) and 71/100 faculty (71%). The groups differed significantly on 15 of 17 parallel items but agreed that faculty sometimes provided too much direction. Written comments suggested that SDT constructs were closely interrelated in residency training. Residents expressed frustration that their care plans were changed without explanation. Faculty reported reluctance to give ""passive"" residents autonomy in patient care unless stakes were low. Many reported granting more independence to residents who displayed motivation and competence. Some described working to overcome residents' passivity by clarifying and reinforcing expectations.
 
 Conclusions: Faculty and residents had discordant perceptions of resident autonomy and of faculty support for resident autonomy. When faculty restrict the independence of ""passive"" residents whose competence they question, residents may receive fewer opportunities for active learning. Strategies that support autonomy, such as scaffolding, may help residents gain confidence and competence, enhance residents' relatedness to team members and supervisors, and help programs adapt to accreditation requirements to foster residents' growth in independence.",17,21,22,21,26,5,1,5/2/18,14,,
10.1097/ACM.0000000000000521,"Problem: Although only some medical students pursue a career in oncology, all should have a basic understanding of the issues surrounding cancer and its treatment. The authors designed and implemented a one-week introductory clinical oncology course for second-year medical students at Ben Gurion University of the Negev. The course presents a holistic approach to caring for patients with cancer that goes beyond the biological aspects of the disease.
 
 Approach: In 2013, the authors interviewed four former students and surveyed all current students before and after they completed the course to evaluate its reception and effectiveness.
 
 Outcomes: Of the 86 students in the course, 77 (90%) completed both the pre- and postcourse surveys. After taking the course, more students reported being concerned about ethical issues, being emotionally stirred by the course, being comfortable speaking with a cancer patient about death and dying, and being comfortable with the fact that the course dealt with issues of death and loss and with ""how to live with cancer."" In addition, more students reported a fear of causing a cancer patient suffering because of a treatment yet viewed cancer optimistically. Finally, more students considered specializing in oncology.
 
 Next steps: That students reported increased empathy toward cancer patients despite increased trepidation about causing them suffering is promising. Such courses may be one way to counteract the decrease in empathy among students as they progress through medical school. As such, medical schools might consider including this type of curriculum in their preclinical oncology studies.",7,7,7,7,7,0,1,3/5/18,16,,
10.1097/ACM.0000000000000506,"Purpose: To examine whether an Internet-based learning module and small-group debriefing can improve medical trainees' attitudes and communication skills toward patients with substance use disorders (SUDs).
 
 Method: In 2011-2012, 129 internal and family medicine residents and 370 medical students at two medical schools participated in a cluster randomized controlled trial, which assessed the effect of adding a two-part intervention to the SUDs curricula. The intervention included a self-directed, media-rich Internet-based learning module and a small-group, faculty-led debriefing. Primary study outcomes were changes in self-assessed attitudes in the intervention group (I-group) compared with those in the control group (C-group) (i.e., a difference of differences). For residents, the authors used real-time, Web-based interviews of standardized patients to assess changes in communication skills. Statistical analyses, conducted separately for residents and students, included hierarchical linear modeling, adjusted for site, participant type, cluster, and individual scores at baseline.
 
 Results: The authors found no significant differences between the I- and C-groups in attitudes for residents or students at baseline. Compared with those in the C-group, residents, but not students, in the I-group had more positive attitudes toward treatment efficacy and self-efficacy at follow-up (P<.006). Likewise, compared with residents in the C-group, residents in the I-group received higher scores on screening and counseling skills during the standardized patient interview at follow-up (P=.0009).
 
 Conclusions: This intervention produced improved attitudes and communication skills toward patients with SUDs among residents. Enhanced attitudes and skills may result in improved care for these patients.",7,10,10,10,10,0,1,5/10/18,20,,
10.1097/ACM.0000000000000499,"Purpose: The study explored optimal intraprofessional collaboration between physicians in the emergency department (ED) and those from general internal medicine (GIM). Prior to the study, a policy was initiated that mandated reductions in ED wait times. The researchers examined the impact of these changes on clinical practice and trainee education.
 
 Method: In 2010-2011, an ethnographic study was undertaken to observe consults between GIM and ED at an urban teaching hospital in Ontario, Canada. Additional ad hoc interviews were conducted with residents, nurses, and faculty from both departments as well as formal one-on-one interviews with 12 physicians. Data were coded and analyzed using concepts of institutional ethnography.
 
 Results: Participants perceived that efficiency was more important than education and was in fact the new definition of ""good"" patient care. The informal label ""failure to cope"" to describe high-needs patients suggested that in many instances, patients were experienced as a barrier to optimal efficiency. This resulted in tension during consults as well as reduced opportunities for education.
 
 Conclusions: The authors suggest that the emphasis on wait times resulted in more importance being placed on ""getting the patient out"" of the ED than on providing safe, compassionate, person-centered medical care. Resource constraints were hidden within a discourse that shifted the problem of overcrowding in the ED to patients with complex chronic conditions. The term ""failure to cope"" became activated when overworked physicians tried to avoid assuming care for high-needs patients, masking institutionally produced stress and possibly altering the way patients are perceived.",7,7,7,6,7,1,1,3/24/18,1,,
10.1097/ACM.0000000000000465,"E-mail is now a primary method of correspondence in health care, and proficiency with professional e-mail use is a vital skill for physicians. Fundamentals of e-mail courtesy can be derived from lay literature, but there is a dearth of scientific literature that addresses the use of e-mail between physicians. E-mail communication between providers is generally more familiar and casual than other professional interactions, which can promote unprofessional behavior or misunderstanding. Not only e-mail content but also wording, format, and tone may influence clinical recommendations and perceptions of the e-mail sender. In addition, there are serious legal and ethical implications when unprofessional or unsecured e-mails related to patient-identifying information are exchanged or included within an electronic medical record. The authors believe that the appropriate use of e-mail is a vital skill for physicians, with serious legal and ethical ramifications and the potential to affect professional development and patient care. In this article, the authors analyze a comprehensive literature search, explore several facets of e-mail use between physicians, and offer specific recommendations for professional e-mail use.",10,11,11,10,10,0,1,3/8/18,14,,
10.1097/ACM.0000000000000449,"Purpose: Physicians and their spouses experience challenges to their relationships, some of which are shared with the general population and others of which are unique to the field of medicine. Trainees and junior faculty members remain curious about how they will balance their careers alongside marriage and family obligations. This study explores the challenges and strengths of dual- and single-physician relationships.
 
 Method: In 2009, using appreciative inquiry as a theoretical framework, the authors conducted in-depth qualitative interviews with 25 individuals: 12 women and 13 men; 10 from dual-physician and 15 from single-physician relationships. A phenomenological analytic approach was used to arrive at the final themes.
 
 Results: Four themes emerged during the interviews: ""We rely on mutual support in our relationships,"" ""We recognize the important roles of each family member,"" ""We have shared values,"" and ""We acknowledge the benefit of being a physician to our relationships.""
 
 Conclusions: These findings illustrate that physicians identify strategies to navigate the difficult aspects of their lives. Learn ing from others' best practices can assist in managing personal relationships and work-life balance. These data can also be useful when counseling physicians on successful relationship strategies. As systems are developed that improve wellness and focus on role models for work-life balance, it will be important for this topic to be integrated into formal curricula across the continuum of medical education.",28,28,28,28,29,1,1,3/2/18,58,,
10.1097/ACM.0000000000000440,"Purpose: Faculty development programs have been criticized for their limited assessment methods, focused only on the learners and limited to satisfaction measures or self-reported behavior changes. Assessment of organizational impact is lacking. This study explored the impact of faculty education fellowship graduates on their organization and how that impact occurred.
 
 Method: The design was a qualitative study of 13 departments across three institutions, partnered with the George Washington University School of Medicine and Health Sciences. In-depth interviews with 13 supervisors and 25 peers of graduates were conducted in fall 2012 to examine graduates' organizational impact related to program purposes: enhancing teaching skills, pursuing scholarship in education, and developing leadership potential. Triangulation, purposive sampling, rich descriptions, and member checks minimized bias and optimized transferability.
 
 Results: A model of how graduates of a faculty education fellowship transfer learning to peers and their organizations emerged. Analysis of interview responses showed that in the presence of environmental facilitators, graduates exhibited enhanced confidence and five new behaviors. Graduates raised peer awareness, leading to changes in individual and group practices and development of shared peer understanding. Analysis suggests they facilitated a culture of continuous learning around teaching, scholarship, and leadership.
 
 Conclusions: This study enhances traditional assessment of faculty education fellowship programs by examining the impact that graduates had on peers and work groups. A model is proposed for how graduates interact with and impact work group processes and practices. This model can facilitate more comprehensive program assessments, which can demonstrate program impact beyond the individual participant.",1,1,2,1,1,0,1,4/23/18,16,,
10.1097/ACM.0000000000000437,"The call for integration of the basic and clinical sciences plays prominently in recent conversations about curricular change in medical education; however, history shows that, like other concepts related to curricular reform, integration has been continually revisited, leading to incremental change but no meaningful transformation. To redress this cycle of ""change without difference,"" the medical education community must reexamine the approach that dominates medical education reform efforts and explore alternative perspectives that may help to resolve the cyclical ""problem"" of recommending but not effecting integration. To provide a different perspective on implementing integration, the authors of this Perspective look to the domain of educational change as an approach to examining the transitions that occur within complex and evolving environments. This area of literature both acknowledges the multiple levels involved in change and emphasizes the need not only to address systemic structure but also to prioritize individuals during times of transition. The struggle to implement curricular integration in medical education may stem from the fact that reform efforts appear to focus largely on transformation at the level of curricular structure as opposed to considering what learning needs to occur at each level of change and highlighting the individual as the educational change literature suggests. To bring appropriate attention to the place of individual educators, especially basic scientists, the medical education community should explore how the mandate to integrate clinically relevant material may impact these faculty and the teaching of their domains.",1,1,1,1,1,0,1,4/10/18,24,,
10.1097/ACM.0000000000000938,"Purpose: Translational educational outcomes have been defined as starting in simulation laboratories (T1) and moving downstream to improved patient care practices (T2), patient outcomes (T3), and cost/other value outcomes (T4). The authors conducted a realist synthesis review of the literature to evaluate the translational effect of simulation-based mastery learning (SBML) principles beyond the laboratory. They also sought to address future directions in SBML to improve patient care processes and outcomes and, thus, the quality of health care delivery.
 
 Method: The authors searched multiple databases for simulation-based medical education (SBME) studies published through April 2013. They screened articles using the PICO method-population (P), intervention (I), control (C), outcome (O)-to answer the research question: For (P) any health care providers, does the (I) implementation of SBML training, compared with (C) other training methodologies or no extra training, result in (O) a change in patient care practices or T2-T4 outcomes? Studies implementing SBME interventions with training methodologies that met all SBML principles and reporting T2-T4 outcomes were identified.
 
 Results: The 14 included studies used pre/post or cohort study designs; the majority were limited to individual performance and procedural competency. They reported improvement after SBML training in procedure performance, task success, patient discomfort, procedure time, complication rates, or T4 impacts (e.g., cost reduction).
 
 Conclusions: Findings suggest health professions education conducted using SBML methodology can improve patient care processes and outcomes. Further research is needed to understand the translational impact of SBML for nontechnical skills, including teamwork, and skill retention.",3,3,3,3,4,1,0,,22,,
10.1097/ACM.0000000000000934,"Mastery learning is a powerful educational strategy in which learners gain knowledge and skills that are rigorously measured against predetermined mastery standards with different learners needing variable time to reach uniform outcomes. Central to mastery learning are repetitive deliberate practice and robust feedback that promote performance improvement. Traditional health care simulation involves a simulation exercise followed by a facilitated postevent debriefing in which learners discuss what went well and what they should do differently next time, usually without additional opportunities to apply the specific new knowledge. Mastery learning approaches enable learners to ""try again"" until they master the skill in question. Despite the growing body of health care simulation literature documenting the efficacy of mastery learning models, to date insufficient details have been reported on how to design and implement the feedback and debriefing components of deliberate-practice-based educational interventions. Using simulation-based training for adult and pediatric advanced life support as case studies, this article focuses on how to prepare learners for feedback and debriefing by establishing a supportive yet challenging learning environment; how to implement educational interventions that maximize opportunities for deliberate practice with feedback and reflection during debriefing; describing the role of within-event debriefing or ""microdebriefing"" (i.e., during a pause in the simulation scenario or during ongoing case management without interruption), as a strategy to promote performance improvement; and highlighting directions for future research in feedback and debriefing for mastery learning.",14,14,18,15,18,3,0,,42,,
10.1097/ACM.0000000000000907,"Dissemination of a medical education innovation, such as mastery learning, from a setting where it has been used successfully to a new and different medical education environment is not easy. This article describes the uneven yet successful dissemination of a simulation-based mastery learning (SBML) curriculum on central venous catheter (CVC) insertion for internal medicine and emergency medicine residents across medical education settings. The dissemination program was grounded in implementation science principles. The article begins by describing implementation science which addresses the mechanisms of medical education and health care delivery. The authors then present a mastery learning case study in two phases: (1) the development, implementation, and evaluation of the SBML CVC curriculum at a tertiary care academic medical center; and (2) the dissemination of the SBML CVC curriculum to an academic community hospital setting. Contextual information about the drivers and barriers that affected the SBML CVC curriculum dissemination is presented. This work demonstrates that dissemination of mastery learning curricula, like all other medical education innovations, will fail without active educational leadership, personal contacts, dedication, hard work, rigorous measurement, and attention to implementation science principles. The article concludes by presenting a set of lessons learned about disseminating an SBML CVC curriculum across different medical education settings.",4,5,5,5,6,1,0,,15,,
10.1097/ACM.0000000000000850,"Problem: Health disparities remain pervasive in the United States. Training future physicians to address health disparities requires attention to both systemic and provider causes of disparities, but comprehensive curricula are lacking.
 
 Approach: Albert Einstein College of Medicine in Bronx, New York, offers a 13-session health disparities elective to first-year medical students. The curriculum covers three main content areas: background, provider contributions to health disparities, and systemic contributions to health disparities (i.e., social determinants of health). Teaching methods included didactic and multimedia presentations, reflective discussions, and skill-building seminars (e.g., addressing subconscious assumptions and advocacy training).The authors evaluated the course in 2010-2013 by comparing students' summary scores for knowledge, attitudes, and self-reported confidence on pre- and postintervention tests. They investigated associations between students' sociodemographic characteristics and changes in summary scores.
 
 Outcomes: Scores increased significantly in each domain: Mean knowledge scores increased from 63.6 (± 10.0), out of 100, to 76.4 (± 12.8); mean attitudes scores increased from 16.7 (± 1.9), out of 20, to 18.2 (± 1.1); mean confidence scores increased from 10.7 (± 1.5), out of 16, to 14.4 (± 1.7). Younger students (< 24) had greater changes in confidence than older students. Other sociodemographic characteristics were not associated with changes in any domain.
 
 Next steps: Exposure to health disparities instruction is important for medical students. The authors' experience provides insights for incorporating such material into the compulsory curriculum. Future evaluation of outcomes from similar curricula should include measures of clinical behaviors (e.g., through clinical examinations).",1,1,1,0,0,0,0,,12,,
10.1097/ACM.0000000000000841,"There is an increasing focus on the social accountability of physicians as individuals, and of medicine itself. This has led to increasing emphasis on physician advocacy from a wide variety of institutions. The physician advocacy concept is now part of the Health Advocacy competency mandated by the Royal College of Physicians and Surgeons of Canada. Despite its growing prominence, physician advocacy remains poorly integrated into current medical undergraduate curricula. The authors recommend how and why curricular reform should proceed; they focus on Canadian medical education, although they hope their views will be useful in other countries as well.The authors discuss conflicting definitions of physician advocacy, which have previously hampered curriculum development efforts, and suggest a way of reconciling the conflicts. They review current gaps in advocacy-related curricula, suggest that these can be addressed by incorporating practice-based and skills acquisition elements into current didactic teaching, and offer several strategies by which an advocacy curriculum could be implemented, ranging from small modifications to current curriculum to developing new competencies in medical education nationally.The authors present a case for making an advocacy curriculum mandatory for every Canadian medical trainee; they argue that teaching trainees how to fulfill their professional responsibility to advocate may also help them meet the social accountability mandate of medical school education. Finally, the authors explain why making the development and implementation of a mandatory, skill-based curriculum in advocacy should be a priority.",9,10,20,19,21,2,0,,18,,
10.1097/ACM.0000000000000837,"In July 2014, the Institute of Medicine (IOM) Committee on the Governance and Financing of Graduate Medical Education released its report calling for a major overhaul of the financing of graduate medical education (GME). Several national organizations with an interest in GME faulted the report on the basis that the IOM Committee recommendations would worsen physician shortages. However, this conclusion is based on two questionable assumptions: first, that the nation is already facing a general physician shortage; and second, that the IOM Committee recommendations would make shortages worse. The author argues that although some communities and specialties do face shortages, currently and in the future a general national physician shortage is unlikely. Reasons cited include changes in the delivery system with an increased focus on efficiency and effectiveness; the increased use of interprofessional teams facilitated by the increasing supply of nurse practitioners, physician assistants and other health professionals; and technological advances.The author concludes that the IOM Committee recommendations would support an increase in GME positions in locations and specialties where there is a documented need, in effect removing the current cap on Medicare-funded GME positions. Given the current fiscal environment, the approach recommended by the IOM Committee--steady funding levels but improved targeting to meet documented needs--may be the best strategy for maintaining GME funds and meeting the nation's physician workforce needs.",6,8,15,6,9,3,0,,11,,
10.1097/ACM.0000000000000816,"Funding for graduate medical education (GME) and undergraduate medical education (UME) in the United States is being debated and challenged at the national and state levels as policy makers and educators question whether the multibillion dollar investment in medical education is succeeding in meeting the nation's health care needs. To address these concerns, the authors propose a novel all-payer system for GME and UME funding that equitably distributes medical education costs among all stakeholders, including those who benefit most from medical education. Through a ""Medical Education Workforce (MEW) trust fund,"" indirect and direct GME dollars would be replaced with a funds-flow mechanism using fees paid for services by all payers (Medicaid, Medicare, private insurers, others) while providing direct compensation to physicians and institutions that actively engage medical learners in providing clinical care. The accountability of those receiving MEW funds would be improved by linking their funding levels to their ability to meet predetermined institutional, program, faculty, and learner benchmarks. Additionally, the MEW fund would cover learners' UME tuition, potentially eliminating their UME debt, in return for their provision of health care services (after completing GME training) in an underserved area or specialty. This proposed model attempts to increase transparency and enhance accountability in medical education by linking funding to the development of a physician workforce that is able to excel in the evolving health delivery system. Achieving this vision requires physician educators, leaders of academic health centers, policy makers, insurers, and patients to muster the courage to embrace transformational change.",1,1,1,1,1,0,0,,11,,
10.1097/ACM.0000000000000815,"The Future of Medical Education in Canada Postgraduate (FMEC PG) Project was launched in 2010 by a consortium of four organizations: the Association of Faculties of Medicine of Canada, the Collège des Médecins du Québec, the College of Family Physicians of Canada, and the Royal College of Physicians and Surgeons of Canada. The FMEC PG study set out to review the state of the Canadian postgraduate medical education (PGME) system and make recommendations for improvements and changes. The extensive process included literature reviews, commissioned papers, stakeholder interviews, international consultations, and dialogue with the public and learners. The resulting key findings and 10 recommendations, published in a report in 2012, represent the collective vision of the consortium partner organizations for PGME in Canada. Implementation of the recommendations began in 2013 and will continue beyond 2016.In this article, the authors describe the complex process of developing the recommendations, highlight several recommendations, consider implementation processes and issues, and share lessons learned to date. They reflect on the ways in which the transformation of a very complex and complicated PGME system has required many stakeholders to work together on multiple interventions simultaneously. Notwithstanding the challenges for the participating organizations, changes have been introduced and sustainability is being forged. Throughout this process, the consortium partners and other stakeholders have continued to address the social accountability role of all physicians with respect to the public they serve.",2,2,2,2,2,0,0,,11,,
10.1097/ACM.0000000000000811,"Purpose: To provide a detailed account of the nature and scope of recommendations for promoting faculty grant proposal success in academic medical settings.
 
 Method: The authors searched relevant scientific databases for articles related to techniques that promote faculty research proposal success, published from 2000 through June 1, 2012. They applied standard information synthesis procedures for sifting abstracts, scrutinizing full texts, and abstracting data.
 
 Results: The search identified 1,130 abstracts, which the authors narrowed to 83 for in-depth review. Of these, 53 unique articles fit the inclusion criteria. From these articles, the authors extracted 10 recommendations for writing successful grant proposals: (1) research and identify appropriate funding opportunities; (2) use key proposal components to persuade reviewers of project significance and feasibility; (3) describe proposed activities and their significance persuasively, clearly, and concisely; (4) seek review and feedback from colleagues; (5) establish a study design that is simple, logical, feasible, and appropriate for the research questions; (6) develop a timeline for the proposal process; (7) select a novel, high-impact project; (8) conduct an exhaustive literature review; (9) ensure that budgets are reasonable; and (10) consider interdisciplinary collaborations.
 
 Conclusions: These findings highlight that further institution-level development and interventions to support faculty grant writing success are warranted. Future research should employ more rigorous evaluation methods to move the field toward a stronger evidence base for determining which specific faculty development activities help increase funding.",9,11,9,6,9,3,0,,41,,
10.1097/ACM.0000000000000805,"Purpose: To examine the perceived likelihood of sustaining new residency positions funded by five-year (2010-2015) Primary Care Residency Expansion (PCRE) grants from the Health Resources and Services Administration, which aimed to increase training output to address primary care workforce issues.
 
 Method: During September-December 2013, the authors administered an online or telephone survey to program directors whose residency programs received PCRE grants. The main outcome measure was perceived likelihood of sustaining the expanded residency positions beyond the expiration of the grant, in the outlying years of 2016 and 2017 (when the positions will be partially supported) and after 2017 (when the positions will be unsupported).
 
 Results: Of 78 eligible program directors, 62 responded (response rate = 79.5%). Twenty-eight (45.1%; 95% CI 32.9%-57.9%) reported that their programs were unlikely to, very unlikely to, or not planning to continue the expanded positions after the PCRE grant expires. Overall, 14 (22.5%) reported having secured full funding to support the expanded positions beyond 2017. Family medicine and pediatrics program directors were significantly less likely than internal medicine program directors to report having secured funding for the outlying years (P = .02).
 
 Conclusions: This study suggests that an approach to primary care residency training expansion that relies on time-limited grants is unlikely to produce sustainable growth of the primary care pipeline. Policy makers should instead implement systemic reform of graduate medical education (GME) financing and designate reliable sources of funding, such as Medicare and Medicaid GME funds, for new primary care residency positions.",2,2,3,0,2,2,0,,10,,
10.1097/ACM.0000000000000793,"Purpose: To elicit residents' perspectives on rewards and challenges of caring for ambulatory patients with chronic illness and ways to improve their education in caring for these patients.
 
 Method: The authors conducted a qualitative study with internal medicine residents during ambulatory medicine block rotations at three academic health centers from October 2011 through February 2012. Focus group questions covered rewards and challenges of caring for patients with chronic illness and strengths and weaknesses of residency education therein, and the Chronic Care Model provided a framework for interpretation. Qualitative analysis was used to identify themes.
 
 Results: Five focus groups were conducted with 28 residents. Discussions yielded 224 comments, which were categorized into 5 domains and 36 themes. Twelve themes related to perceptions of challenges in providing care, and 3 themes related to perceptions of rewards in providing care. Eight themes focused on strategies to improve the patient experience. Strengths of the residency program were identified in 7 themes. Six themes related to ways for improving learning about caring for patients with chronic disease in the ambulatory setting.
 
 Conclusions: Residents perceived rewards, challenges, and barriers in caring for patients with chronic illness in the ambulatory setting, from providers' and patients' perspectives. They have developed strategies to provide effective patient care. Residents identified best practices in their residency for resident education and patient care and also made suggestions for improvement. Findings have significant implications for residency education and practice redesign in the 21st century for care of patients with chronic illness.",2,2,2,2,2,0,0,,9,,
10.1097/ACM.0000000000000788,"Concerns about the influence of industry support on medical education, research, and patient care have increased in both medical and political circles. Some academic medical centers, questioning whether industry support of medical education could be appropriate and not a conflict of interest, banned such support. In 2009, a Partners HealthCare System commission concluded that interactions with industry remained important to Partners' charitable academic mission and made recommendations to transparently manage such relationships. An Education Review Board (ERB) was created to oversee and manage all industry support of Partners educational activities.Using a case review method, the ERB developed guidelines to implement the commission's recommendations. A multi-funder rule was established that prohibits industry support from only one company for any Partners educational activity. Within that framework, the ERB established guidelines on industry support of educational conferences, clinical fellowships, and trainees' expenses for attending external educational programs; gifts of textbooks and other educational materials; promotional opportunities associated with Partners educational activities; Partners educational activities under contract with an industry entity; and industry-run programs using Partners resources.Although many changes have resulted from the implementation of the ERB guidelines, the number of industry grants for Partners educational activities has remained relatively stable, and funding for these activities declined only moderately during the first three full calendar years (2011-2013) of ERB oversight. The ERB continually educates both the Partners community and industry about the rationale for its guidelines and its openness to their refinement in response to changes in the external environment.",2,2,2,2,2,0,0,,10,,
10.1097/ACM.0000000000000780,"Purpose: To identify and examine the characteristics of the 50 top-cited articles in medical education.
 
 Method: Two searches were conducted in the Web of Knowledge database in March 2014: a search of medical education journals in the category ""Education, Scientific Discipline"" (List A) and a keyword search across all journals (List B). Articles identified were reviewed for citation count, country of origin, article type, journal, authors, and publication year.
 
 Results: Both lists included 56 articles, not 50, because articles with the same absolute number of citations shared the same rank. The majority of List A articles were published in Academic Medicine (34; 60.7%) and Medical Education (16; 28.6%). In List B, 27 articles (48.2%) were published in medical education journals, 19 (33.9%) in general medicine and surgery journals, and 10 (17.9%) in higher education and educational psychology journals. Twenty-six articles were included in both lists, with different rankings. Reviews and articles constituted the majority of articles; there were only 8 research papers in List A and 13 in List B. Articles mainly originated from the United States, Canada, the Netherlands, and the United Kingdom. The majority were published from 1979 to 2007. There was no correlation between year and citation count.
 
 Conclusions: The finding that over half of List B articles were published in nonmedical education journals is consistent with medical education's integrated nature and subspecialty breadth. Twenty of these articles were among their respective non-medical-education journals' 50 top-cited papers, showing that medical education articles can compete with subject-based articles.",3,3,4,3,3,0,0,,12,,
10.1097/ACM.0000000000000769,"Evidence-based medicine (EBM) skills, although taught in medical schools around the world, are not optimally practiced in clinical environments because of multiple barriers, including learners' difficulty transferring EBM skills learned in the classroom to clinical practice. This lack of skill transfer may be partially due to the design of EBM training. To facilitate the transfer of EBM skills from the classroom to clinical practice, the authors explore one instructional approach, called the Four Component Instructional Design (4C/ID) model, to guide the design of EBM training. On the basis of current cognitive psychology, including cognitive load theory, the premise of the 4C/ID model is that complex skills training, such as EBM training, should include four components: learning tasks, supportive information, procedural information, and part-task practice. The combination of these four components can inform the creation of complex skills training that is designed to avoid overloading learners' cognitive abilities; to facilitate the integration of the knowledge, skills, and attitudes needed to execute a complex task; and to increase the transfer of knowledge to new situations. The authors begin by introducing the 4C/ID model and describing the benefits of its four components to guide the design of EBM training. They include illustrative examples of educational practices that are consistent with each component and that can be applied to teaching EBM. They conclude by suggesting that medical educators consider adopting the 4C/ID model to design, modify, and/or implement EBM training in classroom and clinical settings.",3,3,9,7,9,2,0,,17,,
10.1097/ACM.0000000000000767,"Purpose: The demand for faculty development is ongoing, and many medical schools will need to expand their pool of faculty developers to include physicians and scientists whose primary expertise is not education. Insight into what motivates occasional faculty developers can guide recruitment and retention strategies. This study was designed to understand the motivations of faculty developers who occasionally (one to three times each year) lead faculty development workshops.
 
 Method: Qualitative data were collected in March and April 2012 from interviews with faculty developers who occasionally taught workshops from 2007 to 2012 in the University of California, San Francisco, School of Medicine's faculty development program. The interviews were audiotaped and transcribed. The authors thematically analyzed the transcripts using a general inductive approach and developed codes sensitized by motivation theories.
 
 Results: The authors interviewed 29/30 (97%) occasional faculty developers and identified five themes: mastery (desire to learn and develop professionally), relatedness (enjoyment of working with and learning from others), duty (sense of obligation to give back and be a good academic citizen), purpose (commitment to improving local teaching and ultimately patient care), and satisfaction (fun and enjoyment).
 
 Conclusions: Four of the themes the authors found are well addressed in motivation theory literature: mastery, relatedness, duty, and purpose. Whereas these four are motivators for occasional faculty developers, it is the fifth theme-satisfaction-that the authors feel is foundational and links the others together. Armed with this understanding, individuals leading faculty development programs can develop strategies to recruit and retain occasional faculty developers.",1,1,1,0,2,2,0,,11,,
10.1097/ACM.0000000000000765,"""Community"" has featured in the discourse about medical education for over half a century. This discourse has explored relationships between medical education programs and communities in community-oriented medical education and community-based medical education and, in recent years, has extended to community-engaged medical education (CEME). This Perspective explores the developing focus on ""community"" in medical education, describes CEME as a concept, and presents examples of CEME in action at Flinders University School of Medicine (Australia), the Northern Ontario School of Medicine (Canada), and Ateneo de Zamboanga University School of Medicine (Philippines).The authors describe the ways in which CEME, which features active community participation, can improve medical education while meeting community needs and advancing national and international health equity agendas. They suggest that CEME can redefine student learning as taking place at the center of the partnership between communities and medical schools. They also consider the challenges of CEME and caution that criteria for community engagement must be sensitive to cultural variations and to the nature of the social contract in different sociocultural settings.The authors argue that CEME is effective in producing physicians who choose to practice in rural and underserved areas. Further research is required to demonstrate that CEME contributes to improved health, and ultimately health equity, for the populations served by the medical school.",3,3,3,3,7,4,0,,6,,
10.1097/ACM.0000000000000754,"The use of portfolios in postgraduate medical residency education to support competency development is increasing; however, the processes by which these assessment systems are designed, implemented, and maintained are emergent. The authors describe the needs assessment, development, implementation, and continuing quality improvement processes that have shaped the Portfolio Assessment Support System (PASS) used by the postgraduate family medicine program at Queen's University since 2009. Their description includes the impetus for change and contextual realities that guided the effort, plus the processes used for selecting assessment components and developing strategic supports. The authors discuss the identification of impact measures at the individual, programmatic, and institutional levels and the ways the department uses these to monitor how PASS supports competency development, scaffolds residents' self-regulated learning skills, and promotes professional identity formation. They describe the ""academic advisor"" role and provide an appendix covering the portfolio elements. Reflection elements include learning plans, clinical question logs, confidence surveys, and reflections about continuity of care and significant incidents. Learning module elements cover the required, online bioethics, global health, and consult-request modules. Assessment elements cover each resident's research project, clinical audits, presentations, objective structured clinical exam and simulated office oral exam results, field notes, entrustable professional activities, multisource feedback, and in-training evaluation reports. Document elements are the resident's continuing medical education activities including procedures log, attendance log, and patient demographic summaries.The authors wish to support others who are engaged in the systematic portfolio-design process or who may adapt aspects of PASS for their local programs.",4,4,4,3,7,4,0,,17,,
10.1097/ACM.0000000000000743,"As health humanities programs grow and thrive across the country, encouraging medical students to read, write, and become more reflective about their professional roles, educators must bring a sense of self-reflexivity to the discipline itself. In the health humanities, novels, patient histories, and pieces of reflective writing are often treated as architectural spaces or ""homes"" that one can enter and examine. Yet, narrative-based learning in health care settings does not always allow its participants to feel ""at home""; when not taught with a critical attention to power and pedagogy, the health humanities can be unsettling and even dangerous. Educators can mitigate these risks by considering not only what they teach but also how they teach it.In this essay, the authors present three pedagogical pillars that educators can use to invite learners to engage more fully, develop critical awareness of medical narratives, and feel ""at home"" in the health humanities. These pedagogical pillars are narrative humility (an awareness of one's prejudices, expectations, and frames of listening), structural competency (attention to sources of power and privilege), and engaged pedagogy (the protection of students' security and well-being). Incorporating these concepts into pedagogical practices can create safe and productive classroom spaces for all, including those most vulnerable and at risk of being ""unhomed"" by conventional hierarchies and oppressive social structures. This model then can be translated through a parallel process from classroom to clinic, such that empowered, engaged, and cared-for learners become empowering, engaging, and caring clinicians.",11,15,16,12,15,3,0,,8,,
10.1097/ACM.0000000000000740,"Purpose: The authors aimed to map and explicate what surgeons perceive they learn in the operating room.

Method: The researchers used a grounded theory method in which data were iteratively collected through semistructured one-to-one interviews in 2010 and 2011 at four participating hospital sites. A four-person data analysis team from differing academic backgrounds qualitatively analyzed the content of the transcripts employing an immersion/crystallization approach.

Results: Participants were 22 UK surgeons, some of whom were in training at the time of the study and some of whom were attending surgeons. Major themes of learning in the operating room were perceived to be factual knowledge, motor skills, sensory semiosis, adaptive strategies, team working and management, and attitudes and behaviors. The analysis team classified 277 data points (short paragraphs or groups of sentences conveying meaning) under these major themes and subthemes. A key component of learning in the operating room that emerged from these data was sensory semiosis, defined as learning to make sense of visual and haptic cues.

Conclusions: Although the authors found that learning in the operating room occurred across a wide range of domains, sensory semiosis was found to be an important theme that has not previously been fully acknowledged or discussed in the surgical literature. The discussion draws on the wider literature from the social sciences and cognitive psychology literature to examine how professionals learn to make meaning from ""signs"" making parallels with other medical specialties.",1,1,1,1,1,0,0,,21,,
10.1097/ACM.0000000000000737,"Purpose: Teaching and assessing professionalism is an essential element of medical education, mandated by accrediting bodies. Responding to a call for comprehensive research on remediation of student professionalism lapses, the authors explored current medical school policies and practices.

Method: In 2012-2013, key administrators at U.S. and Canadian medical schools accredited by the Liaison Committee on Medical Education were interviewed via telephone or e-mail. The structured interview questionnaire contained open-ended and closed questions about practices for monitoring student professionalism, strategies for remediating lapses, and strengths and limitations of current systems. The authors employed a mixed-methods approach, using descriptive statistics and qualitative analysis based on grounded theory.

Results: Ninety-three (60.8%) of 153 eligible schools participated. Most (74/93; 79.6%) had specific policies and processes regarding professionalism lapses. Student affairs deans and course/clerkship directors were typically responsible for remediation oversight. Approaches for identifying lapses included incident-based reporting and routine student evaluations. The most common remediation strategies reported by schools that had remediated lapses were mandated mental health evaluation (74/90; 82.2%), remediation assignments (66/90; 73.3%), and professionalism mentoring (66/90; 73.3%). System strengths included catching minor offenses early, emphasizing professionalism schoolwide, focusing on helping rather than punishing students, and assuring transparency and good communication. System weaknesses included reluctance to report (by students and faculty), lack of faculty training, unclear policies, and ineffective remediation. In addition, considerable variability in feedforward processes existed between schools.

Conclusions: The identified strengths can be used in developing best practices until studies of the strategies' effectiveness are conducted.",4,4,4,2,3,1,0,,2,,
10.1097/ACM.0000000000000735,"Purpose: There is wide variability in how attending physician roles on teaching teams, including patient care and trainee learning, are enacted. This study sought to better understand variability by considering how different attendings configured and rationalized direct patient care, trainee oversight, and teaching activities.

Method: Constructivist grounded theory guided iterative data collection and analyses. Data were interviews with 24 attending physicians from two academic centers in Ontario, Canada, in 2012. During interviews, participants heard a hypothetical presentation and reflected on it as though it were presented to their team during a typical admission case review.

Results: Four supervisory styles were identified: direct care, empowerment, mixed practice, and minimalist. Driven by concerns for patient safety, direct care involves delegating minimal patient care responsibility to trainees. Focused on supporting trainees' progressive independence, empowerment uses teaching and oversight strategies to ensure quality of care. In mixed practice, patient care is privileged over teaching and is adjusted on the basis of trainee competence and contextual features such as patient volume. Minimalist style involves a high degree of trust in senior residents, delegating most patient care, and teaching to them. Attendings rarely discussed their styles with the team.

Conclusions: The model adds to the literature on variability in supervisory practice, showing that the four styles reflect different ways of responding to tensions in the role and context. This model could be refined through observational research exploring the impact of context on style development and enactment. Making supervisory styles explicit could support improvement of team competence.",1,1,1,0,1,1,0,,22,,
10.1097/ACM.0000000000000725,"Recent calls for an expanded perspective on medical education and training include focusing on complexities of professional identity formation (PIF). Medical educators are challenged to facilitate the active constructive, integrative developmental process of PIF within standardized and personalized and/or formal and informal curricular approaches. How can we best support the complex iterative PIF process for a humanistic, resilient health care professional? How can we effectively scaffold the necessary critical reflective learning and practice skill set for our learners to support the shaping of a professional identity?The authors present three pedagogic innovations contributing to the PIF process within undergraduate and graduate medical education (GME) at their institutions. These are (1) interactive reflective writing fostering reflective capacity, emotional awareness, and resiliency (as complexities within physician-patient interactions are explored) for personal and professional development; (2) synergistic teaching modules about mindful clinical practice and resilient responses to difficult interactions, to foster clinician resilience and enhanced well-being for effective professional functioning; and (3) strategies for effective use of a professional development e-portfolio and faculty development of reflective coaching skills in GME.These strategies as ""bridges from theory to practice"" embody and integrate key elements of promoting and enriching PIF, including guided reflection, the significant role of relationships (faculty and peers), mindfulness, adequate feedback, and creating collaborative learning environments. Ideally, such pedagogic innovations can make a significant contribution toward enhancing quality of care and caring with resilience for the being, relating, and doing of a humanistic health care professional.",22,22,27,24,30,6,0,,30,,
10.1097/ACM.0000000000000720,"Problem: Georgetown University School of Medicine (GUSOM) offers medical students a course in mind-body medicine (MBM) that introduces them to tools that reduce stress and foster self-awareness. Previous studies reported decreases in students' perceived stress and increases in mindfulness-changes that were associated with increased empathic concern and other elements of professional identity formation. However, no reports have described the impact of an MBM course on the facilitators themselves.

Approach: To explore whether MBM facilitation is associated with changes in professional identity, self-awareness, and/or perceived stress, 62 facilitators, trained by the GUSOM MBM program, were invited to complete two validated surveys: the Freiburg Mindfulness Inventory (FMI) and the Perceived Stress Scale (PSS). Forty-two participants also completed a six-item open-ended questionnaire addressing their experience in the context of their professional identity.

Outcomes: Facilitators' scores were significantly lower on PSS and higher on FMI compared with normative controls (P < .05), and the two parameters were inversely correlated (-0.46, P < .01). Qualitative analysis revealed three main themes: (1) aspects of professional identity (with subthemes of communication; connections and community; empathy and active listening; and self-confidence); (2) self-care; and (3) mindful awareness.

Next steps: Preliminary findings will be extended with larger studies that examine longitudinal quantitative assessment of communication, connection, and self-confidence outcomes in MBM facilitators, and the impact of MBM facilitation on burnout and resilience.",1,1,1,1,1,0,0,,9,,
10.1097/ACM.0000000000000717,"Purpose: To understand the disciplinary contexts in which faculty work, the authors examined demographics, professional characteristics, research productivity, and advancement across seven clinical departments at Harvard Medical School (HMS) and nationally.

Method: HMS analyses included faculty from seven clinical departments-anesthesiology, medicine, neurology, pediatrics, psychiatry, radiology, and surgery-in May 2011 (N = 7,304). National analyses included faculty at 141 U.S. medical schools in the same seven departments as of December 31, 2011 (N = 91,414). The authors used chi-square and Wilcoxon Mann-Whitney tests to compare departmental characteristics.

Results: Heterogeneity in demographics, professional characteristics, and advancement across departments was observed in HMS and national data. At HMS, psychiatry had the highest percentage of underrepresented minority faculty at 6.6% (75/1,139). In anesthesiology, 24.2% (128/530) of faculty were Asian, whereas in psychiatry only 7.9% (90/1,139) were (P < .0001). Female faculty were the majority in pediatrics and psychiatry, whereas in surgery 26.3% (172/654) of the faculty were female (P < .0001). At HMS, surgery, radiology, and neurology had the shortest median times to promotion and the highest median number of publications, H-index, and second-degree centrality. Neurology also had the highest percentage of faculty who had been principal investigators on a National Institutes of Health-funded grant.

Conclusions: There were differences in demographics, professional characteristics, and advancement across clinical departments at HMS and nationally. The context in which faculty work, of which department is a proxy, should be accounted for in research on faculty career outcomes and diversity inclusion in academic medicine.

",1,1,1,1,1,0,0,,6,,
10.1097/ACM.0000000000000715,"This article-the Romanell Report-offers an analysis of the current state of medical ethics education in the United States, focusing in particular on its essential role in cultivating professionalism among medical learners. Education in ethics has become an integral part of medical education and training over the past three decades and has received particular attention in recent years because of the increasing emphasis placed on professional formation by accrediting bodies such as the Liaison Committee on Medical Education and the Accreditation Council for Graduate Medical Education. Yet, despite the development of standards, milestones, and competencies related to professionalism, there is no consensus about the specific goals of medical ethics education, the essential knowledge and skills expected of learners, the best pedagogical methods and processes for implementation, and optimal strategies for assessment. Moreover, the quality, extent, and focus of medical ethics instruction vary, particularly at the graduate medical education level. Although variation in methods of instruction and assessment may be appropriate, ultimately medical ethics education must address the overarching articulated expectations of the major accrediting organizations. With the aim of aiding medical ethics educators in meeting these expectations, the Romanell Report describes current practices in ethics education and offers guidance in several areas: educational goals and objectives, teaching methods, assessment strategies, and other challenges and opportunities (including course structure and faculty development). The report concludes by proposing an agenda for future research.",18,19,24,15,21,6,0,,9,,
10.1097/ACM.0000000000000709,"Clinical care is laden with emotions, from the perspectives of both clinicians and patients. It is important that emotions are addressed in health professions curricula to ensure that clinicians are humane healers as well as technical experts. Emotions have a valuable and generative role in health professional ethics education.The authors have previously described a narrative ethics pedagogy, the aim of which is to develop ethical mindfulness. Ethical mindfulness is a state of being that acknowledges everyday ethics and ethically important moments as significant in clinical care, with the aim of enabling ethical clinical practice. Using a sample narrative, the authors extend this concept to examine five features of ethical mindfulness as they relate to emotions: (1) being sensitized to emotions in everyday practice, (2) acknowledging and understanding the ways in which emotions are significant in practice, (3) being able to articulate the emotions at play during ethically important moments, (4) being reflexive and acknowledging both the generative aspects and the limitations of emotions, and (5) being courageous.The process of writing and engaging with narratives can lead to ethical mindfulness, including the capacity to understand and work with emotions. Strategies for productively incorporating emotions in narrative ethics teaching are described. This can be a challenging domain within medical education for both educators and health care students and thus needs to be addressed sensitively and responsibly. The potential benefit of educating health professionals in a way which addresses emotionality in an ethical framework makes the challenges worthwhile.",5,6,5,5,9,4,0,,42,,
10.1097/ACM.0000000000000708,"Distributed medical education (DME) is a type of distance learning in which students participate in medical education from diverse geographic locations using Web conferencing, videoconferencing, e-learning, and similar tools. DME is becoming increasingly widespread in North America and around the world.Although relatively new to medical education, distance learning has a long history in the broader field of education and a related body of literature that speaks to the importance of engaging in rigorous and theoretically informed studies of distance learning. The existing DME literature is helpful, but it has been largely descriptive and lacks a critical ""lens""-that is, a theoretical perspective from which to rigorously conceptualize and interrogate DME's social (relationships, people) and material (technologies, tools) aspects.The authors describe DME and theories about distance learning and show that such theories focus on social, pedagogical, and cognitive considerations without adequately taking into account material factors. They address this gap by proposing sociomateriality as a theoretical framework allowing researchers and educators to study DME and (1) understand and consider previously obscured actors, infrastructure, and other factors that, on the surface, seem unrelated and even unimportant; (2) see clearly how the social and material components of learning are intertwined in fluid, messy, and often uncertain ways; and (3) perhaps think differently, even in ways that disrupt traditional approaches, as they explore DME. The authors conclude that DME brings with it substantial investments of social and material resources, and therefore needs careful study, using approaches that embrace its complexity.",5,6,6,5,6,1,0,,11,,
10.1097/ACM.0000000000000707,"Problem: To assess resident competence, generalist programs such as emergency medicine (EM), which cover a broad content and skills base, require a substantial number of work-based assessments (WBAs) that integrate qualitative and quantitative data.

Approach: The McMaster Modular Assessment Program (McMAP), implemented in McMaster University's Royal College EM residency program in 2011-2012, is a programmatic assessment system that collects and aggregates data from 42 WBA instruments aligned with EM tasks and mapped to the CanMEDS competency framework. These instruments incorporate task-specific checklists, behaviorally anchored task-specific and global performance ratings, and written comments. They are completed by faculty following direct observation of residents during shifts. The rotation preceptor uses aggregated data to complete an end-of-rotation report for each resident in the form of a qualitative global assessment of performance.

Outcomes: The quality of end-of-rotation reports-as measured by comparing report quality one year prior to and one year after McMAP implementation using the Completed Clinical Evaluation Report Rating tool-has improved significantly (P < .001). This may be a result of basing McMAP's end-of-rotation reports on robust documentation of performance by multiple raters throughout a rotation rather than relying on a single faculty member's recall at rotation's end as in the previous system.

Next steps: By aligning theory-based assessment instruments with authentic EM work-based tasks, McMAP has changed the residency program's culture to normalize daily feedback. Next steps include determining how to handle ""big data"" in assessment and delineating policies for promotion decisions.

",1,1,1,1,1,0,0,,12,,
10.1097/ACM.0000000000000706,"Purpose: To construct a new measure to assess students' perceptions of the medical school learning environment (LE).

Method: In 2012, students at Johns Hopkins University School of Medicine completed a survey containing 32 LE items. Additional questions asked about overall perception of the LE, personal growth, and recommending the school to a friend. Validity evidence for content, response process, internal structure, and relation to other variables was collected for interpretation of scores.

Results: Of 465 students surveyed, 377 (81%) completed all LE items. Exploratory factor analysis yielded the 28-item Johns Hopkins Learning Environment Scale (JHLES) with seven factors/subscales: community of peers, faculty relationships, academic climate, meaningful engagement, mentoring, inclusion and safety, and physical space. Students' overall JHLES scores ranged from 51 to 139, of a possible 28 to 140, with a mean (SD) of 107 (15). Overall scores and most subscale scores did not differ significantly by gender or racial/ethnic background, but did differ significantly by overall perception of the LE (P ≤ .001) and increased incrementally as overall perception improved. Overall JHLES scores were significantly higher for students with higher personal growth scores and students who would recommend the school (both P < .001). Subscale scores for all seven factors increased with improved overall perception of the LE (all P ≤ .005).

Conclusions: The JHLES is a new measure to assess students' perceptions of the medical school LE, with supporting validity evidence and content describing the social, relational, and academic processes of medical school that support students' professional formation.",3,3,3,3,4,1,0,,10,,
10.1097/ACM.0000000000000703,"Problem: Medical students experience transformative personal and professional changes during medical school. The medical education community has much to learn about how students perceive these changes, which can be dramatic and profound.

Approach: Over the past six years (2009-2014), the author has taught a course on medical graphic narratives (or comics) to fourth-year medical students. Comics synergistically combine words and images to tell stories and provide an effective vehicle for helping students reflect on and give voice to varied experiences. In this course, students critically read and discuss medically themed comics and create their own original comic depicting a formative experience from medical school.

Outcomes: To date, 58 students have taken the course, and each has produced an original comic. The author conducted a thematic analysis of their comics and identified the following themes: (1) how I found my niche, (2) the medical student as patient, (3) reflections on a transformative experience, (4) connecting with a patient, and (5) the triumphs and challenges of becoming a doctor. Pre/post course assessments indicate that students believe creating a comic can significantly improve a variety of doctoring skills and attitudes, including empathy, communication, clinical reasoning, writing, attention to nonverbal cues, and awareness of physician bias. Students' comics reveal the impact of formative events on their professional identity formation.

Next steps: Medical educators should explore additional ways to effectively integrate comics into medical school curricula and develop robust tools for evaluating their short- and long-term impact.

",9,13,22,8,16,8,0,,8,,
10.1097/ACM.0000000000000702,"Purpose: The aim of medical student research programs is to develop interest in and competencies related to scholarly research within future physicians. Although schools invest in these programs, there is currently no consensus regarding what benefits they confer. The goal of this review is to characterize students' perceptions of research programs during medical school as well as the outcomes attributed to these programs to provide recommendations for their optimization.

Method: In June 2013, the authors reviewed the literature (1950-June 2013) and identified 20 reports that provided original data delineating undergraduate medical students' primarily self-reported experiences with, outcomes related to, and attitudes toward research.

Results: Students generally perceive their medical school research experiences to be positive in terms of stimulating research interest and developing scholarly research abilities. The majority of students author at least one article, and first-author publications occur more frequently as formal research experiences lengthen. Elective experiences do not differ from mandatory experiences in terms of student satisfaction or productivity. Several studies uncovered negative student perceptions regarding their research experience, including too little acknowledgment, time, and faculty interaction. Published studies were deficient in characterizing effects on future research engagement in participants.

Conclusions: These findings suggest that formal medical student research programs can be optimized by improving the recognition of student effort, promoting student-mentor interaction, and allowing students the option to increase the duration of the research experience. Future studies are needed to determine whether these programs affect research participation and productivity later in participants' careers.",6,8,7,3,5,2,0,,9,,
10.1097/ACM.0000000000000700,"Recent calls to focus on identity formation in medicine propose that educators establish as a goal of medical education the support and guidance of students and residents as they develop their professional identity. Those entering medical school arrive with a personal identity formed since birth. As they proceed through the educational continuum, they successively develop the identity of a medical student, a resident, and a physician. Each individual's journey from layperson to skilled professional is unique and is affected by ""who they are"" at the beginning and ""who they wish to become.""Identity formation is a dynamic process achieved through socialization; it results in individuals joining the medical community of practice. Multiple factors within and outside of the educational system affect the formation of an individual's professional identity. Each learner reacts to different factors in her or his own fashion, with the anticipated outcome being the emergence of a professional identity. However, the inherent logic in the related processes of professional identity formation and socialization may be obscured by their complexity and the large number of factors involved.Drawing on the identity formation and socialization literature, as well as experience gained in teaching professionalism, the authors developed schematic representations of these processes. They adapted them to the medical context to guide educators as they initiate educational interventions, which aim to explicitly support professional identity formation and the ultimate goal of medical education-to ensure that medical students and residents come to ""think, act, and feel like a physician.""",20,21,38,18,26,8,0,,10,,
10.1097/ACM.0000000000000692,"Problem: It is difficult to engage clinicians in continuing medical education that does not focus on clinical expertise. Evolving online technologies (e.g., massive open online courses [MOOCs]) are disrupting and transforming medical education, but few online nonclinical professional development resources exist.

Approach: In August 2013, the Academic Life in Emergency Medicine Web site launched the Medical Education in Cases (MEdIC) series to engage clinicians in an online professional development exercise. Each month, a complex, realistic scenario featuring a nonclinical medical education dilemma is published with accompanying discussion questions. A weeklong discussion is moderated on Twitter and the Web site. This discussion is curated to create a community commentary, which is published alongside presolicited expert responses. Case resources are available for download.

Outcomes: The first six MEdIC cases (published August 2013-January 2014) emphasized different CanMEDS and/or Accreditation Council on Graduate Medical Education competencies. Median reader engagement metrics (interquartile range 25%-75%) in the first week following publication were 861 (634-1,114) pageviews, 767 (518-953) unique visitors from 326 (218-405) cities in 45 (32-50) countries, 30 (24-39) comments, 52 (40-56) tweets, 17 (13-30) Facebook Likes, and 5 (5-7) Google Plus +1s.

Next steps: The MEdIC series is proof of concept that online activities can engage clinicians in nonclinical professional development. The early experience suggests the connectivist nature of MEdIC allows for crowdsourcing solutions to ill-defined problems via the wisdom of readers. This methodology may also be effective for other nonclinical and medical education topics.",2,2,2,2,3,1,0,,103,,
10.1097/ACM.0000000000000690,"Problem: The goal of teaching professionalism in medicine is to transform a theoretical concept into an internalized and actualized identity. Many trainees struggle with professionalism in the abstract, particularly when instruction methods are didactic and disconnected from personal experience.

Approach: The authors aim to demonstrate the feasibility of having interns frame a personal definition of professionalism based on a reflective technique called ""beginning with the end in mind."" Interns composed remarks that might be used to introduce them at their own retirement ceremony following a career in medicine. This ""career eulogies"" exercise was introduced to groups of six interns during the first third of the internship year as part of a two-week curriculum focused on professional development. Two investigators independently coded the written introductions, identifying emergent themes through content analysis.

Outcomes: Of the 19 interns in an internal medicine residency program (2012-13), 17 participated in the exercise. Six themes emerged from the data: aligning behaviors with core values, achieving excellence in medicine, changing the world and giving back, valuing teamwork and relationships, realizing work-life balance, and appreciating a career in medicine. These themes correlate with accepted published definitions of professionalism.

Next steps: The personal reflections produced through this exercise allow physicians to begin to formulate their professional self-conception. Extensions of this work might include linking such forms of critical reflection to individualized learning plans and updating the speeches over time. Further research on ""reflecting forward"" may determine its impact as a complement to traditional narrative reflection.",2,2,1,0,1,1,0,,21,,
10.1097/ACM.0000000000000682,"In an era when rates of obesity, diabetes, and other lifestyle-related diseases challenge medical educators and governments worldwide, it is necessary to consider novel educational strategies, both didactic and experiential, whereby current and future health professionals can be better prepared to proactively advise and teach patients enhanced self-care skills (e.g., diet, movement, stress management, and enhanced behavioral change).In this Perspective, the authors summarize current circumstances involving rising rates of obesity and diabetes worldwide, the lack of nutrition- and lifestyle-related curricular requirements for professional medical certification, societal trends regarding modern food culture and food availability in health care settings, and the misalignment of financial incentives to promote health.The authors assess what elements of self-care should or should not be required within future curricula and certification exams. They consider how best to educate trainees about diet and how to ""translate"" nutrition, exercise, and behavioral science knowledge into practical advice. They explore several ideas for reforming nutrition education, including ""teaching kitchens"" as required laboratory classes for nutrition and lifestyle instruction, wearable technologies for tracking behaviors and physiological data relating to lifestyle choices, and the prospect of hospitals and other medical venues serving as exemplars of healthy, delicious food options. Finally, the authors argue that ""salutogenesis""-the study of the creation and maintenance of health and well-being-should assume its rightful position alongside the study of ""pathogenesis""-disease diagnosis and treatment-in medical education and practice.",92,105,122,64,78,14,0,,0,,
10.1097/ACM.0000000000000677,"Purpose: Task-evoked pupillary responses (TEPRs), or changes in pupil size, correlate with changes in cognitive processing demands. The magnitude of this change is a reliable marker of cognitive load. The authors used TEPRs to compare cognitive load between novices and trained physicians as they answered clinical knowledge questions.

Method: In 2013, 20 emergency medicine trainees were recruited and divided into novice (n = 10) and trained physician (n = 10) groups. The authors used mobile eye-tracking glasses to assess changes in pupil diameter as participants answered arithmetic questions, general knowledge questions, and clinical emergency medicine questions in a controlled setting. Questions were categorized by difficulty a priori.

Results: Difficult arithmetic questions caused greater changes in TEPRs than easy ones (P = .024). TEPRs were similar between groups when answering general knowledge questions (P = .383) but were significantly greater for novices than trained physicians when answering clinical questions (P < .001). TEPRs in trained physicians were significantly greater when answering difficult clinical questions than easy ones (P < .001), whereas TEPRs in novices were similar (P = .291). For those clinical questions answered correctly by both groups, TEPRs in novices were greater than those in trained physicians despite all participants answering correctly (P < .001).

Conclusions: Novices require more mental effort to answer clinical questions than trained physicians, even when both respond correctly. Measuring TEPRs has the potential to be a valuable assessment tool by providing objective measures of expertise and is worthy of further study.",2,2,2,2,3,1,0,,15,,
10.1097/ACM.0000000000000671,"Assessing entrustable professional activities (EPAs), or carefully chosen units of work that define a profession and are entrusted to a resident to complete unsupervised once she or he has obtained adequate competence, is a novel and innovative approach to competency-based assessment (CBA). What is currently not well described in the literature is the application of EPAs within a CBA system. In this article, the authors describe the development of 35 EPAs for a Canadian family medicine residency program, including the work by an expert panel of family physician and medical education experts from four universities in three Canadian provinces to identify the relevant EPAs for family medicine in nine curriculum domains. The authors outline how they used these EPAs and the corresponding templates that describe competence at different levels of supervision to create electronic EPA field notes, which has allowed educators to use the EPAs as a formative tool to structure day-to-day assessment and feedback and a summative tool to ground competency declarations about residents. They then describe the system to compile, collate, and use the EPA field notes to make competency declarations and how this system aligns with van der Vleuten's utility index for assessment (valid, reliable, of educational value, acceptable, cost-effective). Early outcomes indicate that preceptors are using the EPA field notes more often than they used the generic field notes. EPAs enable educators to evaluate multiple objectives and important but unwieldy competencies by providing practical, manageable, measurable activities that can be used to assess competency development.",5,5,5,3,5,2,0,,6,,
10.1097/ACM.0000000000000669,"This article describes a program aimed to increase workforce diversity and underrepresented minority (URM) representation in academic pediatric medicine. The New Century Scholars (NCScholars) program is a core program in the Academic Pediatric Association, the largest national organization for academic pediatric generalists. The program selects URM pediatric (or medicine-pediatrics) residents who are interested in academic careers and provides each NCScholar with a junior and senior mentor, as well as travel grants to the Pediatric Academic Societies annual meeting where activities specific to the program are held, and provides ongoing mentorship and career counseling support.The authors discuss the origination, operation, and changes to the program over the first 10 years of its existence, as well as outcome data for the participants in the program. To date, 60 of the 63 NCScholars have finished residency and/or have made postresidency plans, and 38 of these URM pediatricians (63%) have entered academic careers. The authors suggest that this type of mentorship program for URM pediatric trainees can be used as a model for other specialties and medical organizations.",7,7,8,5,6,1,0,,14,,
10.1097/ACM.0000000000000668,"Use of social networking programs like Facebook and Twitter, which enable the public sharing of diverse content over the Internet, has risen dramatically in recent years. Although health professionals have faced consequences for clearly unethical online behavior, a relatively unexamined practice among medical students is the disclosure of patient care stories on social media in a manner that is technically compliant with the Health Insurance Portability and Accountability Act, yet is ethically questionable. In this Perspective, the authors review three such cases in which students do not specifically reveal a patient's identity but share details of a personal nature, motivated by a variety of intentions (e.g., a desire to reflect on a meaningful experience, reaching out for social support in the event of a patient's death). Using ethical principles and professional policy recommendations, they discuss aspects of these postings that are potentially problematic. Consequences include the possibility of undermining public trust in the profession, inadvertently identifying patients, and violating expectations of privacy. The authors recommend that medical schools explicitly address these issues across the preclinical and clinical curricula and emphasize that patient-related postings on social media may carry inherent risks both to patients and to the profession.",5,6,8,4,5,1,0,,12,,
10.1097/ACM.0000000000000657,"Purpose: To assess identity disclosure among sexual and gender minority (SGM) students pursuing undergraduate medical training in the United States and Canada.

Method: From 2009 to 2010, a survey was made available to all medical students enrolled in the 176 MD- and DO-granting medical schools in the United States and Canada. Respondents were asked about their sexual and gender identity, whether they were ""out"" (i.e., had publicly disclosed their identity), and, if they were not, their reasons for concealing their identity. The authors used a mixed-methods approach and analyzed quantitative and qualitative survey data.

Results: Of 5,812 completed responses (of 101,473 eligible respondents; response rate 5.7%), 920 (15.8%) students from 152 (of 176; 86.4%) institutions identified as SGMs. Of the 912 sexual minorities, 269 (29.5%) concealed their sexual identity in medical school. Factors associated with sexual identity concealment included sexual minority identity other than lesbian or gay, male gender, East Asian race, and medical school enrollment in the South or Central regions of North America. The most common reasons for concealing one's sexual identity were ""nobody's business"" (165/269; 61.3%), fear of discrimination in medical school (117/269; 43.5%), and social or cultural norms (110/269; 40.9%). Of the 35 gender minorities, 21 (60.0%) concealed their gender identity, citing fear of discrimination in medical school (9/21; 42.9%) and lack of support (9/21; 42.9%).

Conclusions: SGM students continue to conceal their identity during undergraduate medical training. Medical institutions should adopt targeted policies and programs to better support these individuals.

",9,10,12,11,18,7,0,,12,,
10.1097/ACM.0000000000000656,"Equality for sexual and gender minorities (SGMs)-including members of the lesbian, gay, bisexual, and transgender communities-has become an integral part of the national conversation in the United States. Although SGM civil rights have expanded in recent years, these populations continue to experience unique health and health care disparities, including poor access to health care, stigmatization, and discrimination. SGM trainees and physicians also face challenges, including derogatory comments, humiliation, harassment, fear of being ostracized, and residency/job placement discrimination. These inequities are not mutually exclusive to either patients or providers; instead, they are intertwined parts of a persistent, negative culture in medicine toward SGM individuals.In this Perspective, the authors argue that SGM physicians must lead this charge for equality by fostering diversity and inclusion in medicine. They posit that academic medicine can accomplish this goal by (1) modernizing research on the physician workforce, (2) implementing new policies and programs to promote safe and supportive training and practice environments, and (3) developing recruitment practices to ensure a diverse, competent physician workforce that includes SGM individuals.These efforts will have an immediate impact by identifying and empowering new leaders to address SGM health care reform, creating diverse training environments that promote cultural competency, and aligning medicine with other professional fields (e.g., business, law) that already are working toward these goals. By tackling the inequities that SGM providers face, academic medicine can normalize sexual and gender identity disclosure and promote a welcoming, supportive environment for everyone in medicine, including patients.",2,2,3,2,3,1,0,,6,,
10.1097/ACM.0000000000000653,"Purpose: Socioeconomic status (SES) impacts educational opportunities and outcomes which explains, in part, why the majority of medical students come from the upper two quintiles of family income. A two-factor SES indicator based on parental education (E) and occupation (O) has recently been established by the Association of American Medical Colleges (AAMC). This study validates this two-factor indicator as applicable to the national pool of medical school applicants.

Method: The AAMC SES EO indicator classifies applicants into five ordered groups (EO-1 through EO-5) based on four aggregated categories of parental education and two aggregated categories of occupation. The EO indicator was applied to the 2012 American Medical College Application Service applicant pool. The authors examined the associations that the EO category had with six additional and independent indicators of socioeconomic (dis)advantage, as well as with demographic and educational characteristics and life experiences.

Results: The EO indicator could be applied to 89% of the 2012 applicants. The lower the EO category, the stronger the association with each of the six indicators of socioeconomic disadvantage. Other notable, but weaker, associations with the EO indicator were differences by age, race/ethnicity, performance on the Medical College Admission Test, community college attendance, and certain self-reported life experiences.

Conclusions: The EO indicator provides a simple, intuitive, widely applicable, and valid means for identifying applicants from socioeconomically disadvantaged backgrounds. This affords admissions committees an additional factor to consider during the holistic review of applicants in order to further diversify the medical school class.",6,9,8,4,5,1,0,,33,,
10.1097/ACM.0000000000000652,"Purpose: To test the hypotheses that medical students recognized by peers as the most positive social influencers would score (1) high on measures of engaging personality attributes that are conducive to relationship building (empathy, sociability, activity, self-esteem), and (2) low on disengaging personality attributes that are detrimental to interpersonal relationships (loneliness, neuroticism, aggression-hostility, impulsive sensation seeking).

Method: The study included 666 Jefferson Medical College students who graduated in 2011-2013. Students used a peer nomination instrument to identify classmates who had a positive influence on their professional and personal development. At matriculation, these students had completed a survey that included the Jefferson Scale of Empathy and Zuckerman-Kuhlman Personality Questionnaire short form and abridged versions of the Rosenberg Self-Esteem Scale and UCLA Loneliness Scale. In multivariate analyses of variance, the method of contrasted groups was used to compare the personality attributes of students nominated most frequently by their peers as positive influencers (top influencers [top 25% in their class distribution], n = 176) with those of students nominated least frequently (bottom influencers [bottom 25%], n = 171).

Results: The top influencers scored significantly higher on empathy, sociability, and activity and significantly lower on loneliness compared with the bottom influencers. However, the effect size estimates of the differences were moderate at best.

Conclusions: The research hypotheses were partially confirmed. Positive social influencers appear to possess personality attributes conducive to relationship building, which is an important feature of effective leadership. The findings have implications for identifying and training potential leaders in medicine.",6,7,9,9,11,2,0,,101,,
10.1097/ACM.0000000000000647,"Academic health centers (AHCs) are under unprecedented pressure, making strong leadership during these challenging times critical. Department chairs have tremendous influence in their AHCs, yet data indicate that--despite outstanding academic credentials--they are often underprepared to take on these important leadership roles. The authors sought to improve the approach to recruiting, developing, and giving feedback to department chairs at their institution, the Indiana University School of Medicine (IUSM), by reorganizing these processes around six key leadership competencies: leadership and team development, performance and talent management, vision and strategic planning, emotional intelligence, communication skills, and commitment to the tripartite mission. Over a two-year period (2009-2011), IUSM faculty and administrators developed standardized recruitment procedures to assess potential chairs based on the six leadership domains, and searches are now streamlined through centralized staff support in the dean's office. Additionally, IUSM offers a chair development series to support learning around these leadership competencies and to meet the stated professional development needs of the chairs. Finally, chairs receive structured feedback regarding their leadership (among other considerations) through two different assessment instruments, IUSM's Department Chair 360° Leadership Survey and IUSM's Faculty Vitality Survey--both of which the dean reviews annually. Strategically attending to the way that chairs are selected, developed, and given feedback has tremendous potential to increase the success of chairs and, in turn, to constructively shape the culture of AHCs.",3,3,3,3,3,0,0,,3,,
10.1097/ACM.0000000000000642,"Purpose: To develop, by consultation with an expert group, agreed learning outcomes for the teaching of handoff to medical students using group concept mapping.

Method: In 2013, the authors used group concept mapping, a structured mixed-methods approach, applying both quantitative and qualitative measures to identify an expert group's common understanding about the learning outcomes for training medical students in handoff. Participants from four European countries generated and sorted ideas, then rated generated themes by importance and difficulty to achieve. The research team applied multidimensional scaling and hierarchical cluster analysis to analyze the themes.

Results: Of 127 experts invited, 45 contributed to the brainstorming session. Twenty-two of the 45 (48%) completed pruning, sorting, and rating phases. They identified 10 themes with which to select learning outcomes and operationally define them to form a basis for a curriculum on handoff training. The themes ""Being able to perform handoff accurately"" and ""Demonstrate proficiency in handoff in workplace"" were rated as most important. ""Demonstrate proficiency in handoff in simulation"" and ""Engage with colleagues, patients, and carers"" were rated most difficult to achieve.

Conclusions: The study identified expert consensus for designing learning outcomes for handoff training for medical students. Those outcomes considered most important were among those considered most difficult to achieve. There is an urgent need to address the preparation of newly qualified doctors to be proficient in handoff at the point of graduation; otherwise, this is a latent error within health care systems. This is a first step in this process.",2,2,2,2,3,0,0,,127,,
10.1097/ACM.0000000000000641,"Purpose: Internal medicine (IM) residents commonly develop job burnout, which may lead to poor academic performance, depression, and medical errors. The extent to which duty hours restrictions (DHRs) can mitigate job burnout remains uncertain. The July 2011 DHRs created an opportunity to measure the impact of decreased work hours on developing burnout in IM residents.

Method: A survey was administered twice to first-year IM residents at three academic medical centers between June 2011 and July 2012. To estimate the impact of the 2011 DHRs, data from this cohort, including demographics, sleepiness, hospital-based patient service characteristics, and burnout measures, were compared with data from 2008-2009 from first-year IM residents at the same institutions.

Results: Of eligible residents, 128/188 (68%) from the 2011-2012 cohort and 111/180 (62%) from the 2008-2009 cohort completed both surveys. Year-end burnout prevalence (92/123 [75%] versus 91/108 [84%], P = .08) and incidence (59/87 [68%] versus 55/68 [81%], P = .07) did not differ significantly between cohorts. There was no difference in year-end prevalence of excessive Epworth sleepiness (72/122 [59%] versus 71/108 [66%], P = .29) between cohorts; however, a greater percentage of residents who developed burnout in the 2011-2012 cohort reported caring for > 8 patients on their service (2011-2012 versus 2008-2009) (29/59 [49%] versus 5/34 [15%], P < .01).

Conclusions: Job burnout and self-reported sleepiness in IM resident physicians were unchanged after the 2011 DHRs at three academic institutions. Further investigation into the determinants of burnout can inform effective interventions.",6,8,12,10,13,3,0,,17,,
10.1097/ACM.0000000000000620,"Problem: Medical education today frequently includes standardized patient (SP) encounters to teach history-taking, physical exam, and communication skills. However, traditional wall-mounted cameras, used to record video for faculty and student feedback and evaluation, provide a limited view of key nonverbal communication behaviors during clinical encounters.

Approach: In 2013, 30 second-year medical students participated in an end-of-life module that included SP encounters in which the SPs used Google Glass to record their first-person perspective. Students reviewed the Google Glass video and traditional videos and then completed a postencounter, self-evaluation survey and a follow-up survey about the experience.

Outcomes: Google Glass was used successfully to record 30 student/SP encounters. One temporary Google Glass hardware failure was observed. Of the 30 students, 7 (23%) reported a ""positive, nondistracting experience""; 11 (37%) a ""positive, initially distracting experience""; 5 (17%) a ""neutral experience""; and 3 (10%) a ""negative experience."" Four students (13%) opted to withhold judgment until they reviewed the videos but reported Google Glass as ""distracting."" According to follow-up survey responses, 16 students (of 23; 70%) found Google Glass ""worth including in the [clinical skills program],"" whereas 7 (30%) did not.

Next steps: Google Glass can be used to video record students during SP encounters and provides a novel perspective for the analysis and evaluation of their interpersonal communication skills and nonverbal behaviors. Next steps include a larger, more rigorous comparison of Google Glass versus traditional videos and expanded use of this technology in other aspects of the clinical skills training program.",1,1,1,1,3,2,0,,9,,
10.1097/ACM.0000000000000615,"Problem: Undergraduate (i.e., baccalaureate) premedical students have limited exposure to clinical practice before applying to medical school-a shortcoming, given the personal and financial resources required to complete medical training.

Approach: The Stanford Immersion in Medicine Series (SIMS) is a program that streamlines the completion of regulatory requirements for premedical students and allows them to develop one-on-one mentor-mentee relationships with practicing physicians. The program, offered quarterly since 2007, is an elective available for Stanford University sophomores, juniors, and seniors. Participants apply to the program and, if accepted, receive patient rights and professionalism training. Students shadow the physician they are paired with at least four times and submit a reflective essay about their experience.SIMS program coordinators administered surveys before and after shadowing to assess changes in students' perceptions and understanding of medical careers.

Outcomes: The authors observed, in the 61 Stanford premedical students who participated in SIMS between March and June 2010 and completed both pre- and postprogram questionnaires, significant increases in familiarity with physician responsibilities and in understanding physician-patient interactions. The authors detected no significant changes in student commitment to pursuing medicine. Student perceptions of the value of shadowing-high both pre- and post shadowing-did not change.

Next steps: Physician shadowing by premedical baccalaureate students appears to promote an understanding of physician roles and workplace challenges. Future studies should identify the ideal timing, format, and duration of shadowing to optimize the experience and allow students to make informed decisions about whether to pursue a medical career.",2,2,2,2,3,1,0,,3,,
10.1097/ACM.0000000000000614,"Purpose: Others have suggested that increased time pressure, sometimes caused by interruptions, may result in increased diagnostic errors. The authors previously found, however, that increased time pressure alone does not result in increased errors, but they did not test the effect of interruptions. It is unclear whether experience modulates the combined effects of time pressure and interruptions. This study investigated whether increased time pressure, interruptions, and experience level affect diagnostic accuracy and response time.

Method: In October 2012, 152 residents were recruited at five Medical Council of Canada Qualifying Examination Part II test sites. Forty-six emergency physicians were recruited from one Canadian and one U.S. academic health center. Participants diagnosed 20 written general medicine cases. They were randomly assigned to receive fast (time pressure) or slow condition instructions. Visual and auditory case interruptions were manipulated as a within-subject factor.

Results: Diagnostic accuracy was not affected by interruptions or time pressure but was related to experience level: Emergency physicians were more accurate (71%) than residents (43%) (F = 234.0, P < .0001) and responded more quickly (54 seconds) than residents (65 seconds) (F = 9.0, P < .005). Response time was shorter for participants in the fast condition (55 seconds) than in the slow condition (73 seconds) (F = 22.2, P < .0001). Interruptions added about 8 seconds to response time.

Conclusions: Experienced emergency physicians were both faster and more accurate than residents. Instructions to proceed quickly and interruptions had a small effect on response time but no effect on accuracy.",2,4,16,7,12,5,0,,15,,
10.1097/ACM.0000000000000611,"Problem: Annually affecting over 18 million people worldwide, sepsis is common, deadly, and costly. Despite significant effort by the Surviving Sepsis Campaign and other initiatives, sepsis remains underrecognized and undertreated.

Approach: Research indicates that educating providers may improve sepsis diagnosis and treatment; thus, the Stanford School of Medicine has developed a mobile-accessible, case-based, online game entitled Septris (http://med.stanford.edu/septris/). Septris, launched online worldwide in December 2011, takes an innovative approach to teaching early sepsis identification and evidence-based management. The free gaming platform leverages the massive expansion over the past decade of smartphones and the popularity of noneducational gaming.The authors sought to assess the game's dissemination and its impact on learners' sepsis-related knowledge, skills, and attitudes. In 2012, the authors trained Stanford pregraduate (clerkship) and postgraduate (resident) medical learners (n = 156) in sepsis diagnosis and evidence-based practices via 20 minutes of self-directed game play with Septris. The authors administered pre- and posttests.

Outcomes: By October 2014, Septris garnered over 61,000 visits worldwide. After playing Septris, both pre- and postgraduate groups improved their knowledge on written testing in recognizing and managing sepsis (P < .001). Retrospective self-reporting on their ability to identify and manage sepsis also improved (P < .001). Over 85% of learners reported that they would or would maybe recommend Septris.

Next steps: Future evaluation of Septris should assess its effectiveness among different providers, resource settings, and cultures; generate information about how different learners make clinical decisions; and evaluate the correlation of game scores with sepsis knowledge.",7,7,7,7,8,1,0,,15,,
10.1097/ACM.0000000000000605,"Purpose: To examine the role of classroom-based learning in graduate medical education through the lens of academic half days (AHDs) by exploring residents' perceptions of AHDs' purpose and relevance and the effectiveness of teaching and learning in AHDs.

Method: The authors invited a total of 186 residents in three programs (internal medicine, orthopedic surgery, and hematology) at the University of British Columbia Faculty of Medicine to participate in semistructured focus groups from October 2010 to February 2011. Verbatim transcripts of the interviews underwent inductive analysis.

Results: Twenty-seven residents across the three programs volunteered to participate. Two major findings emerged. Purpose and relevance of AHDs: Residents believed that AHDs are primarily for knowledge acquisition and should complement clinical learning. Classroom learning facilitated consolidation of clinical experiences with expert clinical reasoning. Social aspects of AHDs were highly valued as an important secondary purpose. Perceived effectiveness of teaching and learning: Case-based teaching engaged residents in critical thinking; active learning was valued. Knowledge retention was considered suboptimal. Perspectives on the concept of AHDs as ""protected time"" varied in the three programs.

Conclusions: Findings suggest that (1) engagement in classroom learning occurs through participation in clinically oriented discussions that highlight expert reasoning processes; (2) formal classroom teaching, which focuses on knowledge acquisition, can enhance informal learning occurring during clinical activity; and (3) social aspects of AHDs, including their role in creating communities of practice in residency programs and in professional identity formation, are an important, underappreciated asset for residency programs.",4,5,5,5,7,2,0,,15,,
10.1097/ACM.0000000000000604,"Purpose: The authors investigated medical students' attitudes about appropriate prescribing behaviors, their personal responsibility to report impaired colleagues, and what factors may influence these beliefs.

Method: The authors conducted a cross-sectional study of U.S. medical students in 2012 to assess attitudes about appropriate prescribing behaviors and responsibility to report impaired colleagues, and to explore relationships between prescribing beliefs and burnout, depression, and alcohol abuse/dependence. Chi-square test and multivariate logistic regression were performed.

Results: Of 12,500 medical students invited to participate, 4,402 (35%) completed surveys. Believing it is appropriate to prescribe an antidepressant to self or spouse was rare (<10%) in comparison with believing it is appropriate to prescribe an antibiotic for oneself (34.5%) or a spouse (57.7%).In multivariate analysis, students with burnout were more likely to agree that each of the inappropriate prescribing behaviors was acceptable (ORs 1.15-1.51). Students with burnout were less likely to believe they had a personal responsibility to report colleagues with impairment due to alcohol or substance use (OR 0.87). Students personally experiencing symptoms of depression were less likely to believe medical students should report colleagues impaired by mental health problems (OR 0.72). Similarly, students with alcohol abuse/dependence were less likely to believe they had a duty to report colleagues impaired by alcohol/substance use (OR 0.55).

Conclusions: Suboptimal attitudes about prescribing and personal responsibility to report impaired colleagues are common among medical students. Suboptimal attitudes are associated with personal distress, further evidence of a link between personal distress and professionalism.",7,10,12,10,11,1,0,,20,,
10.1097/ACM.0000000000000603,"The prevalence of chronic diseases today calls for new ways of working with patients to manage their care. Although patient-centered approaches have contributed to significant advances in care and to treatments that more fully respect patients' preferences, values, and personal experiences, the reality is that health care professionals still hold a monopoly on the role of healer. Patients live with their conditions every day and are experts when it comes to their own experiences of illness; this expertise should be welcomed, valued, and fostered by other members of the care team. The patient-as-partner approach embodies the ideal of making the patient a bona fide member of the health care team, a true partner in his or her care. Since 2010, the University of Montreal, through the Direction of Collaboration and Patient Partnership, has embraced this approach. Patients are not only active members of their own health care team but also are involved in research and provide valuable training to health sciences students. Including patients as full partners in the health care team entails a significant shift in both the medical practice and medical education cultures. In this perspective, the authors describe this innovative approach to patient care, including the conceptual framework used in its development and the main achievements of patient partners in education, health care, and research.",12,12,15,10,14,4,0,,16,,
10.1097/ACM.0000000000000596,"Purpose: Quality improvement/patient safety (QI/PS) and continuing education (CE) efforts have a common aim to improve health care outcomes. Yet, minimal collaboration occurs between them. This lack of integration can be problematic given the finite resources available and the potential value of approaching health care challenges from different perspectives. The authors conducted an exploratory study to understand Canadian leaders' perceptions and experiences with both their own and the other domain, with the aim of increasing their understanding of the boundaries and opportunities for collaborative approaches to improving health care.

Method: The authors conducted this study in 2011-2012 using a qualitative interpretivist framework to guide the collection and analysis of data from semistructured interviews. They used criterion-based, maximum variation, and snowball sampling to select 15 leaders from the domains of QI/PS and CE to interview. They transcribed verbatim the interviews and coded the transcripts using a directed content analysis approach.

Results: Participants described the relationship between QI/PS and CE in four ways: (1) the separation of QI/PS and CE as distinct interventions, (2) (re)positioning CE in QI/PS activities, (3) (re)positioning QI/PS in CE activities, and (4) further integrating QI/PS and CE.

Conclusions: These findings have important implications for how leaders in QI/PS and CE should mindfully and strategically negotiate their relationship to ensure the relevance and effectiveness of their domain's activities.",5,5,5,4,7,3,0,,24,,
10.1097/ACM.0000000000000585,"Integrative scholarship involves the aggregation of data and evidence in a way that allows the research community to comprehend and value the connections and perspectives that unite isolated facts and research studies. Integrative scholarship summarizes data, enlightens and informs readers broadly, and sets the stage for subsequent research. This article describes five approaches to integrative scholarship--narrative, systematic, scoping, critical-realist, open peer commentary--and argues that each approach uses different methods and rules of evidence to combine data and report their meaning. Different forms of integrative scholarship use methods, criteria, and standards that are matched to the integrative approach and data being evaluated. There is no one best strategy to conduct or judge integrative scholarship. Researchers who perform integrative scholarship should openly express the values that underlie their work.",1,1,1,1,2,1,0,,7,,
10.1097/ACM.0000000000000572,"Purpose: To understand the influence of academic discourses about family medicine on medical students' professional identity construction during undergraduate training.

Method: The authors used a multiple case study research design involving international medical schools, one each from Canada, France, Spain, and the United Kingdom (UK). The authors completed the fieldwork between 2007 and 2009 by conducting 18 focus groups (with 132 students) and 67 semistructured interviews with educators and by gathering pertinent institutional documents. They carried out discursive thematic analyses of the verbatim transcripts and then performed within- and cross-case analyses.

Results: The most striking finding was the diverging responses between those at the UK school and those at the other schools. In the UK case, family medicine was recognized as a prestigious academic discipline; students and faculty praised the knowledge and skills of family physicians, and students more often indicated their intent to pursue family medicine. In the other cases, family medicine was not well regarded by students or faculty. This was expressed overtly or through a paradoxical academic discourse that stressed the importance of family medicine to the health care system while decrying its lack of innovative technology and the large workload-to-income ratio. Students at these schools were less likely to consider family medicine.

Conclusions: These results stress the influence of academic discourses on medical students' ability to identify with the practice of family medicine. Educators must consider processes of professional identity formation during undergraduate medical training as they develop and reform medical education.",2,2,2,2,2,0,0,,31,,
10.1097/ACM.0000000000000570,"Purpose: To provide descriptive information about history-taking (HX) and physical examination (PE) performance for U.S. medical students as documented by standardized patients (SPs) during the Step 2 Clinical Skills (CS) component of the United States Medical Licensing Examination. The authors examined two hypotheses: (1) Students perform worse in PE compared with HX, and (2) for PE, students perform worse in the musculoskeletal system and neurology compared with other clinical domains.

Method: The sample included 121,767 student-SP encounters based on 29,442 examinees from U.S. medical schools who took Step 2 CS for the first time in 2011. The encounters comprised 107 clinical presentations, each categorized into one of five clinical domains: cardiovascular, gastrointestinal, musculoskeletal, neurological, and respiratory. The authors compared mean percent-correct scores for HX and PE via a one-tailed paired-samples t test and examined mean score differences by clinical domain using analysis of variance techniques.

Results: Average PE scores (59.6%) were significantly lower than average HX scores (78.1%). The range of scores for PE (51.4%-72.7%) was larger than for HX (74.4%-81.0%), and the standard deviation for PE scores (28.3) was twice as large as the HX standard deviation (14.7). PE performance was significantly weaker for musculoskeletal and neurological encounters compared with other encounters.

Conclusions: U.S. medical students perform worse on PE than HX; PE performance was weakest in musculoskeletal and neurology clinical domains. Findings may reflect imbalances in U.S. medical education, but more research is needed to fully understand the relationships among PE instruction, assessment, and proficiency.",3,3,7,2,3,1,0,,2,,
10.1097/ACM.0000000000000568,"Problem: Physician-scientists play a critical role in discovering new biological knowledge and translating findings into medical practices that can improve clinical outcomes. Collectively, the National Institutes of Health (NIH) and its affiliated Medical Scientist Training Programs (MSTPs) invest upwards of $500,000 to fully train each of the 900+ MD/PhD students enrolled in these programs. Nevertheless, graduates face the challenges of navigating fragmented intervals of clinical training and research engagement, reinitiating research upon completing their residencies, managing financial pressures, and competing for funding following what is typically four or more years of research inactivity. Together, these barriers contribute to the high attrition rate of MSTP graduates from research careers.

Approach: The authors designed and implemented (2009-2014), for a single trainee, an alternative postgraduate training model characterized by early research engagement, strategic mentoring, unyoked clinical and research milestones, and dedicated financial support.

Outcomes: The pilot training experiment was so successful that the trainee secured an NIH project grant and completed his transition to research independence 3.5 years after starting the experimental training schedule-nearly 9 years earlier (based on age) than is typical for MD/PhDs transitioning from mentored to independent research. This success has demonstrated that unyoking research engagement from conventional calendar-based clinical training milestones is a feasible, effective means of incubating research independence in MSTP graduates.

Next steps: The authors encourage the design and application of similar unconventional approaches that interweave residency training with ongoing research activity for appropriate candidates, especially in subspecialties with increased MSTP graduate enrollment.

",1,2,2,0,0,0,0,,8,,
10.1097/ACM.0000000000000560,"Feedback has long been considered a vital component of training in the health professions. Nonetheless, it remains difficult to enact the feedback process effectively. In part, this may be because, historically, feedback has been framed in the medical education literature as a unidirectional content-delivery process with a focus on ensuring the learner's acceptance of the content. Thus, proposed solutions have been organized around mechanistic, educator-driven, and behavior-based best practices. Recently, some authors have begun to highlight the role of context and relationship in the feedback process, but no theoretical frameworks have yet been suggested for understanding or exploring this relational construction of feedback in medical education. The psychotherapeutic concept of the ""therapeutic alliance"" may be valuable in this regard.In this article, the authors propose that by reorganizing constructions of feedback around an ""educational alliance"" framework, medical educators may be able to develop a more meaningful understanding of the context-and, in particular, the relationship-in which feedback functions. Use of this framework may also help to reorient discussions of the feedback process from effective delivery and acceptance to negotiation in the environment of a supportive educational relationship.To explore and elaborate these issues and ideas, the authors review the medical education literature to excavate historical and evolving constructions of feedback in the field, review the origins of the therapeutic alliance and its demonstrated utility for psychotherapy practice, and consider implications regarding learners' perceptions of the supervisory relationship as a significant influence on feedback acceptance in medical education settings.",13,14,14,14,21,7,0,,25,,
10.1097/ACM.0000000000000552,"Purpose: Despite sincere commitment to egalitarian, meritocratic principles, subtle gender bias persists, constraining women's opportunities for academic advancement. The authors implemented a pair-matched, single-blind, cluster randomized, controlled study of a gender-bias-habit-changing intervention at a large public university.

Method: Participants were faculty in 92 departments or divisions at the University of Wisconsin-Madison. Between September 2010 and March 2012, experimental departments were offered a gender-bias-habit-changing intervention as a 2.5-hour workshop. Surveys measured gender bias awareness; motivation, self-efficacy, and outcome expectations to reduce bias; and gender equity action. A timed word categorization task measured implicit gender/leadership bias. Faculty completed a work-life survey before and after all experimental departments received the intervention. Control departments were offered workshops after data were collected.

Results: Linear mixed-effects models showed significantly greater changes post intervention for faculty in experimental versus control departments on several outcome measures, including self-efficacy to engage in gender-equity-promoting behaviors (P = .013). When ≥ 25% of a department's faculty attended the workshop (26 of 46 departments), significant increases in self-reported action to promote gender equity occurred at three months (P = .007). Post intervention, faculty in experimental departments expressed greater perceptions of fit (P = .024), valuing of their research (P = .019), and comfort in raising personal and professional conflicts (P = .025).

Conclusions: An intervention that facilitates intentional behavioral change can help faculty break the gender bias habit and change department climate in ways that should support the career advancement of women in academic medicine, science, and engineering.",7,7,9,8,10,2,0,,4,,
10.1097/ACM.0000000000000548,"Problem: Although senior medical students at the University of Rochester School of Medicine and Dentistry (URSMD) have a long history of teaching junior peers, no formal educational training existed for students until 2007. The Medical Education Pathway (MEP) at the URSMD is a longitudinal student-as-teacher program that addresses both the local precedent of medical student teaching and the ongoing need to prepare students for teaching in residency and beyond.

Approach: In 2007, administrative faculty spearheaded efforts to create the MEP Committee, whose members then designed and implemented an elective curriculum. The curriculum balances didactics and experiential learning. A rigorous two-step application process precedes acceptance into the MEP. Participating students receive mentoring, assessment, and formative feedback on lecture delivery and leadership of various small-group formats.

Outcomes: Since 2007, 89 students have enrolled in the MEP: 49 have successfully completed it, and 40 are currently enrolled. MEP students teach in basic science and clinical courses, and they regularly make novel contributions to the medical school curriculum. Student learner peers demonstrate an ability to give constructive feedback to MEP students. Exit survey comments demonstrate that the MEP influences participating students' career plans. Lessons learned from implementing the MEP include the importance of institutional support, dedicated faculty who value student teaching, and flexibility in scheduling.

Next steps: Future improvements to the MEP include enhancing the assessment process and tracking the careers of graduates as outcome data. The MEP serves as a model for a successful student-as-teacher program in other institutions and settings.",1,1,1,0,0,0,0,,13,,
10.1097/ACM.0000000000000546,"Problem: Many health care organizations seek physicians to lead quality improvement (QI) efforts, yet struggle to find individuals with the necessary expertise. Although most residency programs incorporate QI and patient safety principles into their curricula, few provide a specialized training program for residents exploring careers as physician leaders in quality.

Approach: Recognizing this training void, the authors designed and implemented the Healthcare Leadership in Quality (HLQ) track for residents at the University of Pennsylvania Health System in 2010. This longitudinal, two-year graduate medical education (GME) track aligns with the quality goals of the University of Pennsylvania Health System and includes a core curriculum, integration into an interprofessional health care leadership team that is accountable for quality and safety outcomes on a hospital unit, a capstone QI project, and mentorship.

Outcomes: Early evaluation has demonstrated the feasibility and efficacy of the track diverse graduate medical education training programs. Using Yardley and Dornan's interpretation of the Kirkpatrick framework, the authors have demonstrated the track's impact on four levels of educational and organizational outcomes.

Next steps: Building on their early experiences, the authors are integrating project and time management skills into the core curriculum, and they are focusing more effort on faculty development in QI mentorship. Additionally, the authors plan to follow HLQ track graduates to determine whether they seek leadership roles in quality and safety and to assess the influence of the program on their careers.",4,4,4,0,4,4,0,,11,,
10.1097/ACM.0000000000000545,"Leaders in medical education have increasingly called for the incorporation of cost awareness and health care value into health professions curricula. Emerging efforts have thus far focused on physicians, but foundational competencies need to be defined related to health care value that span all health professions and stages of training. The University of California, San Francisco (UCSF) Center for Healthcare Value launched an initiative in 2012 that engaged a group of educators from all four health professions schools at UCSF: Dentistry, Medicine, Nursing, and Pharmacy. This group created and agreed on a multidisciplinary set of comprehensive competencies related to health care value. The term ""competency"" was used to describe components within the larger domain of providing high-value care. The group then classified the competencies as beginner, proficient, or expert level through an iterative process and group consensus. The group articulated 21 competencies. The beginner competencies include basic principles of health policy, health care delivery, health costs, and insurance. Proficient competencies include real-world applications of concepts to clinical situations, primarily related to the care of individual patients. The expert competencies focus primarily on systems-level design, advocacy, mentorship, and policy. These competencies aim to identify a standard that may help inform the development of curricula across health professions training. These competencies could be translated into the learning objectives and evaluation methods of resources to teach health care value, and they should be considered in educational settings for health care professionals at all levels of training and across a variety of specialties.",3,3,4,4,4,0,0,,20,,
10.1097/ACM.0000000000000544,"Purpose: To understand medical students' learning experiences in clerkships: learning expectations (what they expect to learn), learning process (how they learn), and learning outcomes (what they learn).

Method: Using a longitudinal qualitative research design, the authors followed the experiences of 12 participants across their clerkship year (2011-2012) at the Southern Illinois University School of Medicine. Interview data from each participant were collected at three points (preclerkship, midclerkship, and postclerkship) and analyzed using a grounded theory approach. Additionally, the authors observed participants through a full clerkship day to augment the interviews.

Results: Before clerkships, students expected to have more hands-on experiences and become more knowledgeable by translating textbook knowledge to real patients and practicing diagnostic thinking. During clerkships, students experienced ambiguity and subjectivity of attending physicians' expectations and evaluation criteria. They perceived that impression management was important to ensure that they received learning opportunities and good evaluations. After clerkships, students perceived that their confidence increased in navigating the health care environments and interacting with patients, attendings, and residents. However, they felt that there were limited opportunities to practice diagnostic thinking. Students could not clearly discern the decision-making processes used by attending physicians. Although they saw many patients, they perceived that their learning was at the surface level.

Conclusions: Students' experiential learning in clerkships occurred through impression management as a function of dynamic social and reciprocal relationships between students and attendings or residents. Students reported that they did not learn comprehensive clinical reasoning skills to the degree they expected in clerkships.",1,1,1,1,2,1,0,,13,,
10.1097/ACM.0000000000000542,"Purpose: This study examines the influence of patient social context on physicians' adherence to clinical practice guidelines (CPGs).

Method: Expert emergency medicine (EM) physicians and novice physicians (EM residents) were surveyed using an Internet-based program between January and July of 2013. Participants were presented clinical cases and were asked to indicate if they would order or prescribe a specified test or treatment. Cases were chosen from four domains where CPGs exist, and were constructed to include or exclude a ""context variable"" (CV). Both expert and novice physicians' CPG adherence rate in the CV condition was compared with that in the no CV condition. The CPG adherence rates in CV and no CV conditions were also compared between expert and novice EM physicians.

Results: Expert EM physicians (n = 28) were less likely to adhere to CPGs in the CV condition compared with the no CV condition (56% versus 80%, respectively; odds ratio [OR] = 0.32, 95% confidence interval [CI]: 0.17-0.53, P < .001). Experts were less likely to adhere to CPGs in the CV condition when compared with novice physicians (n = 28) (56% versus 67%; OR = 0.62, 95% CI: 0.39-1.0, P = .039). Expert and novice EM physicians did not differ in their adherence to CPGs in the no CV condition.

Conclusions: Participants were sensitive to both the best clinical evidence of benefit, as recommended by CPGs, and patient context when determining how care should be managed.

",5,5,6,2,3,1,0,,7,,
10.1097/ACM.0000000000000540,"The goal of MD-PhD training programs is to produce physician-scientists with unique capacities to lead the future biomedical research workforce. The current dearth of physician-scientists with expertise outside conventional biomedical or clinical sciences raises the question of whether MD-PhD training programs should allow or even encourage scholars to pursue doctoral studies in disciplines that are deemed nontraditional, yet are intrinsically germane to major influences on health. This question is especially relevant because the central value and ultimate goal of the academic medicine community is to help attain the highest level of health and health equity for all people. Advances in medical science and practice, along with improvements in health care access and delivery, are steps toward health equity, but alone they will not come close to eliminating health inequalities. Addressing the complex health issues in our communities and society as a whole requires a biomedical research workforce with knowledge, practice, and research skills well beyond conventional biomedical or clinical sciences. To make real progress in advancing health equity, educational pathways must prepare physician-scientists to treat both micro and macro determinants of health. The authors argue that MD-PhD programs should allow and encourage their scholars to cross boundaries into less traditional disciplines such as epidemiology, statistics, anthropology, sociology, ethics, public policy, management, economics, education, social work, informatics, communications, and marketing. To fulfill current and coming health care needs, nontraditional MD-PhD students should be welcomed and supported as valuable members of our biomedical research workforce.",3,3,4,3,3,0,0,,23,,
10.1097/ACM.0000000000000508,"Given the rising costs of health care in today's economic environment, the need for effective, value-driven care has never been more pressing. While the U.S. health care system strives continually to improve patient outcomes, it struggles with the inadequacies due to variation in care and the inefficiencies of unnecessary resource utilization. The tools traditionally used to study care, from retrospective studies to randomized controlled trials, may be inadequate to address the complicated, interdependent questions related to defining effective care. To overcome the deficiencies of these traditional tools and better optimize our health care system, a new kind of methodology is required--one that integrates the functionality of previously existing tools in a novel way. Standardized Clinical Assessment and Management Plans (SCAMPs) were designed to accomplish this goal. A SCAMP is a care pathway, designed by clinicians, to guide medical decision making around a particular disorder. SCAMPs are unique in that they invite knowledge-based diversions from their recommendations and are accompanied by data collection and continuous improvement processes. Through these mechanisms, SCAMPs successfully reduce practice variation, optimize resource use, and create an integrated medical learning system which overcomes many of the inadequacies of traditional research tools. As such, the SCAMP paradigm may represent an important breakthrough in the effort to define and implement effective health care.",1,1,1,0,1,1,0,,8,,
10.1097/ACM.0000000000000500,"Purpose: To explore the relationship between United States Medical Licensing Examination (USMLE) Step 1 scores, yearly in-service training exam (ITE) scores, and passing the American Board of Internal Medicine certifying examination (ABIM-CE).

Method: The authors conducted a retrospective database review of internal medicine residents from the Medical College of Wisconsin from 2004 through 2012. Residents' USMLE Step 1, ITE, and ABIM-CE scores were extracted. Pearson rho, chi-square, and logistic regression were used to determine whether relationships existed between the scores and if Step 1 and ITE scores correlate with passing the ABIM-CE.

Results: There were 241 residents, who participated in 728 annual ITEs. There were Step 1 scores for 195 (81%) residents and ABIM-CE scores for 183 (76%). Step 1 and ABIM-CE scores had a modest correlation (rho: 0.59), as did ITE and ABIM-CE scores (rho: 0.48-0.67). Failing Step 1 or being in the bottom ITE quartile during any year of testing markedly increased likelihood of failing the boards (Step 1: relative risk [RR]: 2.4; 95% CI: 1.0-5.9; first-year residents' RR: 1.3; 95% CI: 1.0-1.6; second-year residents' RR: 1.3; 95% CI: 1.1-1.5; third-year residents' RR: 1.3; 95% CI: 1.1-1.5).

Conclusions: USMLE Step 1 and ITE scores have a modest correlation with board scores. Failing Step 1 or scoring in the bottom quartile of the ITE increased the risk of failing the boards. What effective intervention, if any, program directors may use with at-risk residents is a question deserving further research.",5,5,9,5,6,1,0,,16,,
10.1097/ACM.0000000000000470,"Purpose: To describe the demographics of part-time faculty at U.S. medical schools and to examine their satisfaction with and perceptions of their workplace.

Method: Faculty from 14 Liaison Committee on Medical Education-accredited U.S. medical schools participated in the 2011-2012 Faculty Forward Engagement Survey. The authors calculated descriptive statistics of part-time faculty respondents and used ANOVA and t test analyses to assess significant differences between and among demographic groups.

Results: The survey yielded an overall response rate of 62% (9,600/15,490). Of the part-time faculty respondents, most had appointments in clinical departments (634/674; 94%) and were female (415/674; 62%). Just over 80% (384/474) reported a full-time equivalent of 0.5 or higher. The majority of part-time faculty respondents reported satisfaction with their department and medical school as a place to work (372/496 [75%] and 325/492 [66%]); approximately half agreed that their institution had clear expectations for part-time faculty (210/456; 46%) and provided the resources they needed (232/457; 51%). Significant differences existed between part- and full-time faculty respondents regarding perceptions of growth opportunities and compensation and benefits, with part-time faculty respondents feeling less satisfied in these areas.

Conclusions: As institutions work to improve the satisfaction of full-time faculty, they should do the same for part-time faculty. Understanding why faculty choose part-time work is important in encouraging the recruitment and retention of the most talented faculty. The findings of this study indicate multiple opportunities to improve the satisfaction and engagement of part-time faculty.",6,12,14,7,11,4,0,,7,,
10.1097/ACM.0000000000000467,"Many U.S. populations experience significant health disparities. Increasing health care providers' awareness of and education about sexual orientation (SO) and gender identity (GI) diversity could help reduce health disparities among lesbian, gay, bisexual, and transgender (LGBT) patients. The authors share the University of California, Davis, Health System's (UCDHS's) experience as it became the first U.S. academic health center to formally introduce patient SO/GI demographic data into its electronic health record (EHR) as a step toward reducing LGBT health disparities. Adding these data to the EHR initially met with resistance. The authors, members of the UCDHS Task Force for Inclusion of SO/GI in the EHR, viewed this resistance as an invitation to educate leaders, providers, and staff about LGBT health disparities and to expose providers to techniques for discussing SO/GI with patients. They describe the strategies they employed to effect institutional culture change, including involvement of senior leadership, key informant interviews, educational outreach via grand rounds and resident workshops, and creation of a patient safety net through inviting providers to self-identify as welcoming LGBT patients. The ongoing cultural change process has inspired spin-off projects contributing to an improved climate for LGBT individuals at UCDHS, including an employee organization supporting SO/GI diversity, support for and among LGBT medical learners through events and listservs, development and implementation of an LGBT health curriculum, and creation of peer navigator programs for LGBT patients with cancer. The authors reflect on lessons learned and on institutional pride in and commitment to providing quality care for LGBT patients.",7,7,8,8,9,1,0,,12,,
10.1097/ACM.0000000000000464,"Purpose: To analyze prevailing definitions of revalidation (i.e., a recently instituted system of ongoing review for all physicians in the United Kingdom), the circumstances of their origin, and proposed applications, after a protracted and sometimes difficult decade in development. This was to support a more consensual approach to revalidation policy before its launch in 2012.

Method: In 2010 and 2011, the authors carried out a critical discourse analysis of interviews with 31 medical and legal revalidation policy makers. These individuals represented the main stakeholder bodies, including the General Medical Council, Academy of Medical Royal Colleges, British Medical Association, National Health Service Employers, and the departments of health from across the United Kingdom.

Results: The authors identified two overarching discourses: regulation and professionalism, held together by patients as ""discursive glue."" Regulation frames revalidation as a way to identify ""bad apples,"" requiring a summative approach and minimum standards. Professionalism looks to revalidation as a process by which all doctors improve, requiring evolving standards and a developmental model.

Conclusions: These two discourses were not mutually exclusive; indeed, most interviewees used them interchangeably. However, they are in some regards at odds. Their coexistence has been supported by a shared discursive formation around patients. Yet the authors found little patient-centered policy in revalidation in its current form. The authors concluded that patients need to be recognized, making them present with an active voice. They also stressed the importance of established and ongoing evaluation of medical regulation as a policy and process.",1,2,2,2,5,3,0,,2,,
10.1097/ACM.0000000000000458,"Purpose: To explore the relationship between clinical faculty members' time/effort in four mission areas, their assessment of the distribution of that time/effort, and their intent to leave the institution and academic medicine.

Method: Faculty from 14 U.S. medical schools participated in the 2011-2012 Faculty Forward Engagement Survey. The authors conducted multivariate logistic regression analyses to evaluate relationships between clinical faculty members' self-reported time/effort in each mission area, assessment of time/effort, and intent to leave the institution and academic medicine.

Results: Of the 13,722 clinical faculty surveyed, 8,349 (60.8%) responded. Respondents reported an average of 54.5% time/effort in patient care. The authors found no relationship between time/effort in patient care and intent to leave one's institution. Respondents who described spending ""far too much/too much"" time in patient care were more likely to report intent to leave their institution (odds ratio 2.12, P<.001). Those who assessed their time/effort in all mission areas as ""about right"" were less likely to report intent to leave their institution (64/1,135; 5.6%) than those who reported ""far too little/too little"" or ""far too much/too much"" time/effort in one or more mission areas (535/3,671; 14.6%; P<.001).

Conclusions: Although the authors found no relationship between reported time/effort in patient care and intent to leave, the perception of ""far too much/too much"" time/effort spent in that mission area was correlated with intent to leave the institution. Efforts to align time/effort spent in each mission area with faculty expectations may improve retention.",1,1,1,1,1,0,0,,38,,
10.1097/ACM.0000000000000447,"Purpose: To investigate what criteria medical students would value and use in assessing teaching skills.

Method: Fourth-year medical students at the University of Iowa Carver College of Medicine enrolled in a teaching elective course are required to design and use an evaluation instrument to assess effective teaching. Each class uses a similar process in developing their instruments. Since the first class in spring 2007, 193 medical students have created 36 different instruments. Three faculty evaluation experts conducted a thematic analysis of the instruments and coded the information according to what was being evaluated and what types of ratings were indicated. The data were submitted to a fourth faculty reviewer, who synthesized the information and adjusted the codes to better capture the data. Common themes and categories were detected.

Results: Four themes were identified: content (instructor knowledgeable, teaches at level of learner, practical information), learning environment, teacher personal attributes, and teaching methods. Thirty-two descriptors were distinguished across the 36 instruments. Thirteen descriptors were present in 50% or more of the instruments. The most common rating systems were Likert scales and open comments.

Conclusions: Fourth-year medical students can offer an eclectic resource for evaluating teaching in the classroom and the clinic. Using the descriptors that were identified in greater than 50% of the evaluation instruments will provide effective measures that can be incorporated into medical teacher evaluation instruments.",2,2,4,4,5,1,0,,5,,
10.1097/ACM.0000000000000446,"The slang term ""pimping"" is widely recognized by learners and educators in the clinical learning environment as the act of more senior members of the medical team publicly asking questions of more junior members. Although questioning as a pedagogical practice has many benefits, pimping, as described in the literature, evokes negative emotions in learners and leads to an environment that is not conducive to adult learning. Medical educators may employ pimping as a pedagogic technique because of beliefs that it is a Socratic teaching method. Although problems with pimping have previously been identified, no alternative techniques for questioning in the clinical environment were suggested. The authors posit that using the term ""pimping"" to describe questioning in medical education is harmful and unprofessional, and they propose clearly defining pimping as ""questioning with the intent to shame or humiliate the learner to maintain the power hierarchy in medical education."" Explicitly separating pimping from the larger practice of questioning allows the authors to make three recommendations for improving questioning practices. First, educators should examine the purpose of each question they pose to learners. Second, they should apply historic and modern interpretations of Socratic teaching methods that promote critical thinking skills. Finally, they should consider adult learning theories to make concrete changes to their questioning practices. These changes can result in questioning that is more learner centered, aids in the acquisition of knowledge and skills, performs helpful formative and summative assessments of the learner, and improves community in the clinical learning environment.",15,18,23,18,22,4,0,,23,,
10.1097/ACM.0000000000000445,"Purpose: One way to ensure quality of health care in the United States is through maintenance of certification (MOC). In this study, the authors explored whether participation in the internal medicine MOC program varies by physician-level characteristics, professional activities, and the size and location of the practice. They also sought to determine which component of MOC was incomplete for physicians who participated but did not complete the program.

Method: The authors used a theoretical realist approach to understand whether participation in the American Board of Internal Medicine MOC program varies according to physician and practice characteristics. The data came from a study sample that consisted of all physicians whose original certification was granted in internal medicine from 1990 through 1999; the study was conducted in 2013. Chi-square tests of independence and a multinomial logistic regression were conducted to determine which physician-level characteristics, professional activities, and practice characteristics were significantly associated with MOC participation.

Results: Results showed that physicians who completed MOC tended to have higher certification exam scores; were younger; were U.S. medical graduates; practiced as subspecialists and in the Midwest; spent more time in patient care, teaching, or administration; worked in nonsolo practices; or were employed in counties with less than 20% of persons in poverty.

Conclusions: As certifying boards evaluate their programs, they need to continuously improve their features to assure the public that physicians maintaining certification are providing high-quality patient care.",1,1,1,0,0,0,0,,12,,
10.1097/ACM.0000000000000442,"Purpose: Career advancement in academic medicine often hinges on the ability to garner research funds. The National Institutes of Health's (NIH's) R01 award is the ""gold standard"" of an independent research program. Studies show inconsistencies in R01 reviewers' scoring and in award outcomes for certain applicant groups. Consistent with the NIH recommendation to examine potential bias in R01 peer review, the authors performed a text analysis of R01 reviewers' critiques.

Method: The authors collected 454 critiques (262 from 91 unfunded and 192 from 67 funded applications) from 67 of 76 (88%) R01 investigators at the University of Wisconsin-Madison with initially unfunded applications subsequently funded between December 2007 and May 2009. To analyze critiques, the authors developed positive and negative grant application evaluation word categories and selected five existing categories relevant to grant review. They analyzed results with linear mixed-effects models for differences due to applicant and application characteristics.

Results: Critiques of funded applications contained more positive descriptors and superlatives and fewer negative evaluation words than critiques of unfunded applications. Experienced investigators' critiques contained more references to competence. Critiques showed differences due to applicant sex despite similar application scores or funding outcomes: more praise for applications from female investigators, greater reference to competence/ability for funded applications from female experienced investigators, and more negative evaluation words for applications from male investigators (all P<.05).

Conclusions: Results suggest that text analysis is a promising tool for assessing consistency in R01 reviewers' judgments, and gender stereotypes may operate in R01 review.",1,1,1,1,1,0,0,,20,,21.09808339